-- SQL Dump of murrabit-cod-challenge-2015.accdb
-- generated by MDB Viewer 2.2.7
-- optimized for PostgreSQL

SET NAMES 'UTF8';



DROP TABLE IF EXISTS "boat";

CREATE TABLE "boat" (
    "boat_id" INTEGER PRIMARY KEY,
    "name" TEXT,
    "registration_no" TEXT
);

INSERT INTO "boat"("boat_id","name","registration_no")
VALUES(172,E'Tomlins',NULL),
      (173,E'Sarre & Maher',NULL),
      (174,E'Ash',NULL),
      (15,E'West',NULL),
      (16,E'Viney',NULL),
      (17,E'Forster',NULL),
      (18,E'Nats',NULL),
      (19,E'Under Logs',NULL),
      (20,E'Francis & Morgan',E'RQ514'),
      (21,E'Fitt & Cooper',E'PB 874'),
      (22,E'Peirce & Harmer',NULL),
      (23,E'Gray & Jack',E'LZ 561'),
      (24,E'van Groen & Mac Gregor',E'PB 874'),
      (25,E'Dick',NULL),
      (26,E'Cowling',NULL),
      (27,E'McKerrow',NULL),
      (28,E'Rooney',NULL),
      (29,E'Ronchi, Anderson & Boyd',E'MX 514'),
      (30,E'Mayberry',NULL),
      (31,E'Sumner',NULL),
      (32,E'Frankling',NULL),
      (33,E'Broad',NULL),
      (34,E'Daykin',E'PQ 609'),
      (35,E'Dwyer & Mills',NULL),
      (36,E'Perkins & Younger',NULL),
      (37,E'McGrath',NULL),
      (38,E'Laursen',NULL),
      (39,E'Broadhurst',NULL),
      (40,E'Roberts & Bramble',NULL),
      (41,E'Henry',NULL),
      (42,E'Crook & Buckman',NULL),
      (43,E'Malone',NULL),
      (44,E'Ettershank',NULL),
      (45,E'Rowland',NULL),
      (46,E'Weiler',NULL),
      (47,E'DPK FISHING',NULL),
      (48,E'Hunter',NULL),
      (49,E'Connell & Durham',E'QX310'),
      (50,E'Bond, Richards & Dowdy',NULL),
      (51,E'Martin',NULL),
      (52,E'Weston',NULL),
      (53,E'Gibbons & Neville',NULL),
      (54,E'Paterson & Alexander',NULL),
      (55,E'Webb & Carter',NULL),
      (56,E'Parker & McFarlane',NULL),
      (57,E'Spitty',NULL),
      (58,E'Dawn Horn',E'FS 354'),
      (59,E'Downs & Turner',NULL),
      (60,E'Hetherington',NULL),
      (61,E'Gillen',NULL),
      (62,E'Hunt',E'EQ 982'),
      (63,E'FURRY MAGNET',E'MU 376'),
      (64,E'Team Nugget',NULL),
      (65,E'Mooney & Viney',NULL),
      (66,E'Stacey & Fuller',NULL),
      (67,E'McCluskey',NULL),
      (68,E'Trigg',NULL),
      (69,E'Stacey',NULL),
      (70,E'Haley',NULL),
      (71,E'Wilson',E'HV 887'),
      (72,E'Derek',E'DO 676'),
      (73,E'Ainsworth',NULL),
      (74,E'Barrett, Holod & Mansueto',NULL),
      (75,E'Gibson',E'PX 453'),
      (76,E'Tanner',NULL),
      (77,E'Bray',NULL),
      (78,E'McKnight',NULL),
      (79,E'Fishing Foxes',E'QK 843'),
      (80,E'Hedt & Ainsworth',E'PN 967'),
      (81,E'Place, Ellis, Hepworth & Pontelandolfo',NULL),
      (82,E'Adcock',NULL),
      (83,E'Crowe',NULL),
      (84,E'Stubbs & Crane',E'CU 155'),
      (85,E'Mountjoy & Dean',NULL),
      (86,E'Ayres',NULL),
      (87,E'Greenwood',NULL),
      (88,E'Martin & Magalotti',E'QJ 911'),
      (89,E'Gilbert',E'JW 726'),
      (90,E'Bagg',NULL),
      (91,E'McKenna',NULL),
      (92,E'Height',E'CO 965'),
      (93,E'Carter',E'DC 336'),
      (94,E'Burt & Boyle',E'DT 364'),
      (95,E'Semmler & Danson',E'ET 451'),
      (96,E'Phillps & Brown',E'GB 219'),
      (97,E'Solomano & Kelson',E'GF 920'),
      (98,E'Hazen & McKenzie',E'GS 871'),
      (99,E'Heffer & Smith',E'GV 368'),
      (100,E'Hartley',E'HJ 917'),
      (101,E'Semmler & Faint',E'HP 971'),
      (102,E'Collicoat',E'HS 873'),
      (103,E'Dixon & Coles',E'J 675'),
      (104,E'Stacey & Wren',E'JK 867'),
      (105,E'Martins & Farrer',E'KN 939'),
      (106,E'Hollard',E'LU 415'),
      (107,E'Martin',E'LV 853'),
      (108,E'Waddell & Bluck',E'MH 420'),
      (109,E'Johnson & Brown',E'MJ 30'),
      (110,E'Maher & McKenna',E'ML 713'),
      (111,E'Hunt',E'MW 766'),
      (112,E'Stubbs',E'MX 904'),
      (113,E'Bowles',E'NB 076'),
      (114,E'Stakelum',E'NR 716'),
      (115,E'Spiteri & Blink',E'NV 305'),
      (116,E'Fawcett',E'NV 459'),
      (117,E'Dixon',E'NV 889'),
      (118,E'Wenselowski & Wright',E'PL 442'),
      (119,E'Hamlyn-Harris & McKenzie',E'PN 688'),
      (120,E'Wheelhouse',E'PQ 609'),
      (121,E'Challis & Wagner',E'PX 590'),
      (122,E'Parker, Rumbold & Sleemon',E'PY 823'),
      (123,E'Hartley',E'QB 504'),
      (125,E'Collicoat',E'QJ 575'),
      (126,E'Buckell & Dillion',E'QL 834'),
      (127,E'O\'Donoghue & Forster',E'QV 880'),
      (128,E'Bowles',E'RD 964'),
      (129,E'Stanton & McKenzie',E'RO 995'),
      (130,E'Neville',E'UN 264'),
      (131,E'Johnson & Shay',E'VDE 193'),
      (132,E'Danson & Leahy',NULL),
      (133,E'Gillingham & Ladgrove',NULL),
      (134,E'Buckland',NULL),
      (135,E'Danson',NULL),
      (136,E'Moffat & McNeil',NULL),
      (137,E'Fletcher',NULL),
      (138,E'Williams & Cox',NULL),
      (139,E'Dettmann',NULL),
      (140,E'McNeil',NULL),
      (141,E'Corroll',NULL),
      (142,E'den Houting',NULL),
      (143,E'Carter',E'DC 336'),
      (144,E'Cook & Williams',NULL),
      (145,E'Ridley & Redmond',NULL),
      (146,E'Thomas',NULL),
      (147,E'McGowan',NULL),
      (148,E'Migga',NULL),
      (149,E'Hazeldene & Henson',NULL),
      (150,E'Thompson & Oliver',NULL),
      (151,E'Battle',NULL),
      (152,E'Neivandt & Coobs',NULL),
      (153,E'Maher & McCann',NULL),
      (154,E'Hutchins',NULL),
      (155,E'Clarke & Frank',NULL),
      (156,E'McGavic',NULL),
      (157,E'Gary & Hicks',NULL),
      (158,E'Stanton',NULL),
      (159,E'McNeil',NULL),
      (160,E'Sinclair & Burns',NULL),
      (161,E'Myers',NULL),
      (2,E'Johnson & Co',E'BJ 01'),
      (3,E'Bluck & Mitchell',E'JW 726'),
      (4,E'Patterson',NULL),
      (5,E'Anderson & Skrypec',NULL),
      (6,E'Rosser',NULL),
      (7,E'Car',NULL),
      (8,E'Hein & Millard',NULL),
      (9,E'Hookem',NULL),
      (10,E'Collicoat',E'PC 74'),
      (11,E'Rewiti & Jacobs',NULL),
      (12,E'Lambert',NULL),
      (14,E'Pearson & Brazzale',NULL),
      (162,E'Landers',NULL),
      (163,E'Palmer',NULL),
      (164,E'Frichot',NULL),
      (165,E'Huntingham',NULL),
      (166,E'Peck & Moore',NULL),
      (167,E'Anderson & Monahan',NULL),
      (168,E'Egg',NULL),
      (170,E'Hogg',NULL),
      (171,E'McKenzie',NULL);



DROP TABLE IF EXISTS "catch";

CREATE TABLE "catch" (
    "catch_id" INTEGER PRIMARY KEY,
    "fish_type" TEXT,
    "competitor_id" INTEGER,
    "size" DOUBLE PRECISION,
    "date" TIMESTAMP,
    "time" TIMESTAMP,
    "marshall" TEXT,
    "bait" TEXT,
    "location" DOUBLE PRECISION
);

INSERT INTO "catch"("catch_id","fish_type","competitor_id","size","date","time","marshall","bait","location")
VALUES(1,E'Yellowbelly',100,35,E'2015-03-21 00:00:00',E'1899-12-30 10:30:00',E'Josh Dywer',E'Shrimp',6),
      (2,E'Yellowbelly',100,44,E'2015-03-21 00:00:00',E'1899-12-30 11:20:00',E'Josh Dywer',E'Shrimp',5),
      (3,E'Yellowbelly',65,39,E'2015-03-21 00:00:00',E'1899-12-30 11:55:00',E'Josh Dywer',E'Shrimp',4),
      (4,E'Carp',285,65,E'2015-03-21 00:00:00',E'1899-12-30 15:15:00',E'Camerson Coulter',E'Cheese',4.5),
      (5,E'Yellowbelly',129,37,E'2015-03-21 00:00:00',E'1899-12-30 16:10:00',E'Camerson Coulter',E'Shrimp',10),
      (6,E'Yellowbelly',58,44.5,E'2015-03-21 00:00:00',E'1899-12-30 09:50:00',E'Billy Harvey',E'Yabby',8),
      (7,E'Yellowbelly',246,33,E'2015-03-21 00:00:00',E'1899-12-30 09:55:00',E'Billy Harvey',E'Shrimp',8),
      (8,E'Yellowbelly',46,36,E'2015-03-21 00:00:00',E'1899-12-30 10:41:00',E'Billy Harvey',E'Worms',8),
      (9,E'Carp',103,65.5,E'2015-03-21 00:00:00',E'1899-12-30 11:05:00',E'Billy Harvey',E'Worms',8),
      (10,E'Yellowbelly',164,45,E'2015-03-21 00:00:00',E'1899-12-30 13:55:00',E'Matt Webb',E'Worms',9),
      (11,E'Yellowbelly',201,36,E'2015-03-21 00:00:00',E'1899-12-30 16:10:00',E'Simon Ettershank',E'Shrimp',9),
      (12,E'Carp',1006,43,E'2015-03-21 00:00:00',E'1899-12-30 17:20:00',E'Simon Ettershank',E'Worms',8),
      (13,E'Carp',29,50,E'2015-03-21 00:00:00',E'1899-12-30 10:00:00',E'Nathen Henry',NULL,12),
      (14,E'Yellowbelly',202,33.5,E'2015-03-21 00:00:00',NULL,E'Greg Henry',E'Shrimp',11),
      (15,E'Yellowbelly',48,39,E'2015-03-21 00:00:00',E'1899-12-30 11:30:00',E'Greg Henry',E'Shrimp',10),
      (16,E'Yellowbelly',48,41,E'2015-03-21 00:00:00',E'1899-12-30 12:15:00',E'Brent McKnight',E'Shrimp',11),
      (17,E'Yellowbelly',91,47,E'2015-03-21 00:00:00',E'1899-12-30 13:30:00',E'Chris Hunter',E'Lure',10),
      (18,E'Murray Cod',158,70,E'2015-03-21 00:00:00',E'1899-12-30 13:38:00',E'Brent McKnight',E'Cheese',12),
      (19,E'Yellowbelly',86,35,E'2015-03-21 00:00:00',E'1899-12-30 13:48:00',E'Chris Hunter',E'Worms',10),
      (20,E'Yellowbelly',1015,35.5,E'2015-03-21 00:00:00',E'1899-12-30 14:30:00',E'Brent McKnight',E'Worms',11),
      (21,E'Yellowbelly',193,38.5,E'2015-03-21 00:00:00',E'1899-12-30 15:22:00',E'Tim Millard',E'Worms',8),
      (22,E'Yellowbelly',163,47,E'2015-03-21 00:00:00',E'1899-12-30 11:22:00',E'Camerson Coulter',E'workms shrimp',4),
      (23,E'Yellowbelly',129,34,E'2015-03-21 00:00:00',E'1899-12-30 16:34:00',E'Daniel Irwin',E'Shrimp',2),
      (24,E'Yellowbelly',129,36.5,E'2015-03-21 00:00:00',E'1899-12-30 16:34:00',E'Daniel Irwin',E'Shrimp',2),
      (25,E'Murray Cod',110,55,E'2015-03-21 00:00:00',E'1899-12-30 17:24:00',E'Daniel Irwin',E'Cheese',1),
      (26,E'Carp',1009,67,E'2015-03-21 00:00:00',E'1899-12-30 16:00:00',E'Daniel Nethicoate',E'Worms',10),
      (27,E'Murray Cod',210,64.5,E'2015-03-21 00:00:00',E'1899-12-30 16:20:00',E'Daniel Nethicoate',E'Grub',9),
      (28,E'Carp',82,44,E'2015-03-21 00:00:00',E'1899-12-30 10:15:00',E'Khane McNeil',E'Shrimp',2),
      (29,E'Carp',97,67,E'2015-03-21 00:00:00',NULL,E'Khane McNeil',E'Cheese',1),
      (30,E'Carp',1011,59,E'2015-03-22 00:00:00',E'1899-12-30 08:45:00',E'Rhys Neville',E'Worms',9),
      (31,E'Murray Cod',243,58,E'2015-03-22 00:00:00',E'1899-12-30 08:55:00',E'Rhys Neville',E'chicken cheese',12),
      (32,E'Yellowbelly',242,42,E'2015-03-22 00:00:00',E'1899-12-30 10:00:00',E'Rhys Neville',E'Shrimp',11),
      (33,E'Murray Cod',69,70,E'2015-03-22 00:00:00',E'1899-12-30 09:22:00',E'Neil Hopkins',E'Cheese',7),
      (34,E'Yellowbelly',77,36,E'2015-03-22 00:00:00',E'1899-12-30 10:59:00',E'Neil Hopkins',E'Shrimp',1),
      (35,E'Yellowbelly',261,47.5,E'2015-03-22 00:00:00',E'1899-12-30 09:00:00',E'Rowan McKerrow',E'Lure',7),
      (36,E'Yellowbelly',87,45,E'2015-03-22 00:00:00',E'1899-12-30 08:10:00',E'scott Mcneil',E'Shrimp',4),
      (37,E'Yellowbelly',210,31.5,E'2015-03-22 00:00:00',E'1899-12-30 08:40:00',E'scott McNeil',E'Shrimp',4),
      (38,E'Yellowbelly',210,48,E'2015-03-22 00:00:00',E'1899-12-30 09:06:00',E'Daniel Nethicoate',E'Shrimp',4);



DROP TABLE IF EXISTS "competitor";

CREATE TABLE "competitor" (
    "competitor_id" INTEGER PRIMARY KEY,
    "boat_id" INTEGER,
    "firstname" TEXT,
    "surname" TEXT,
    "address" TEXT,
    "suburb" TEXT,
    "state" TEXT,
    "postcode" TEXT,
    "phone" TEXT,
    "fax" TEXT,
    "mobile" TEXT,
    "email" TEXT,
    "paid" BOOLEAN,
    "junior" BOOLEAN
);

INSERT INTO "competitor"("competitor_id","boat_id","firstname","surname","address","suburb","state","postcode","phone","fax","mobile","email","paid","junior")
VALUES(1,8,E'Tim',E'Millard',E'75 Cassidy Lane',E'Koondrook',E'VIC',E'3580',E'03 54533717',NULL,E'0417346431',E'timwmillard@gmail.com',TRUE,FALSE),
      (2,72,E'Danny',E'Nethercote',E'1093 Lake Charm Road',E'Benjeroop',E'VIC',E'3579',E'03 54575257',NULL,E'0439396670',E'rabjen1@bigpond.com',TRUE,FALSE),
      (3,45,E'Graham',E'Rowland',E'20 Prominence Bvd',E'tarneiy',E'VIC',E'3029',NULL,NULL,E'0429372534',E'growland2009@hotmail.com',TRUE,FALSE),
      (4,89,E'Gary',E'Gilbert',E'5 Lisa Place',E'Wallan',E'VIC',E'3756',NULL,NULL,E'0458230615',E'g.a.gilbert@bigpond.com',TRUE,FALSE),
      (5,8,E'Nick',E'Hein',E'346 Guilmartin Rd',E'Myall',E'VIC',E'3579',E'0409533153',NULL,NULL,E'nhe40472@bigpond.net.au',TRUE,FALSE),
      (6,34,E'Michael',E'Daykin',E'Po box 74',E'Huntly',E'VIC',E'3551',NULL,NULL,E'0407849413',E'captivationpark@y7mail.com',TRUE,FALSE),
      (7,84,E'Colin',E'Stubbs',E'18 Moore Street',E'Hamilton',E'VIC',E'3300',NULL,NULL,E'0428528614',E'coldawn1@bigpond.com',TRUE,FALSE),
      (8,84,E'peter',E'Crane',E'Kent Road',E'Hamilton',E'VIC',E'3300',E'555725194',NULL,NULL,E'coldawn1@bigpond.com',TRUE,FALSE),
      (9,4,E'Stephen',E'Patterson',E'28 Bayshore Avenue',E'Clifton Springs',E'VIC',E'3222',NULL,NULL,E'0406239166',E'sjpatterson007@bigpond.com',TRUE,FALSE),
      (10,91,E'Jarrod',E'Ayres',E'34 Montgomery Crescent',E'White Hills',E'VIC',E'3550',E'0437056456',NULL,NULL,E'jayres@powercor.com.au',TRUE,FALSE),
      (11,37,E'Todd',E'Fawcett',E'52 Rohs Rd',E'Bendigo',E'VIC',E'3550',E'0421345800',NULL,E'0409 590 963',E'todd@riverinabelting.com',TRUE,FALSE),
      (12,109,E'Tim',E'Broad',E'34 Pidgeon Gully Road',E'Maryborough',E'VIC',E'3465',E'0354612375',NULL,E'0427301119',E'sharon.broad@bigpond.com',TRUE,FALSE),
      (13,27,E'Rowan',E'Mckerrow',E'174 McKerrow Rd',E'Benjeroop',E'VIC',E'3579',NULL,NULL,E'0427579202',E'rowantracey@bigpond.com',TRUE,FALSE),
      (14,74,E'Brett',E'Barrett',E'373 High Street',E'Melton',E'VIC',E'3337',E'0397320000',NULL,E'0400119911',E'brett.barrett@raywhite.com',TRUE,FALSE),
      (15,74,E'Paul',E'Holod',E'13 Grieve Pde',E'Altona',E'VIC',E'3018',NULL,NULL,E'0402561741',E'paulholod@live.com.au',TRUE,FALSE),
      (16,74,E'Daniel',E'Mansueto',E'2 Mayfield Gr',E'Altona Meadows',E'VIC',E'3028',NULL,NULL,E'0422065769',E'danielmansueto@hotmail.com',TRUE,FALSE),
      (17,21,E'Glenn',E'Fitt',E'18 Woodend Ave',E'Eynesbury ',E'VIC',E'3338',NULL,NULL,E'0408522416',E'fitty1@live.com.au',TRUE,FALSE),
      (18,21,E'Jason',E'Cooper',E'58 Lomandra Drive ',E'Teesdale',E'VIC',E'3328',NULL,NULL,E'0411394504',E'fitty1@live.com.au',TRUE,FALSE),
      (19,9,E'Michael',E'Woods',E'1 Bayfield ',E'Eltham',E'VIC',E'3095',NULL,NULL,E'0427184794',E'mick@hookem.com.au',TRUE,FALSE),
      (20,9,E'Jim',E'Anderson',E'18 Strathearn Drive ',E'Sunbury',E'VIC',E'3429',NULL,NULL,E'0414 552 753',E'jim@anderwoods.com.au',TRUE,FALSE),
      (21,9,E'Bruce',E'Dunstan',E'1 Nyora Road',E'Eltham',E'VIC',E'3095',NULL,NULL,E'0413949027',E'mick@hookem.com.au',TRUE,FALSE),
      (22,9,E'Robert',E'Munter',E'37 Cuthbert Street',E'Niddrie',E'VIC',E'3042',NULL,NULL,E'0409 350 175',E'munterr@gmail.com',TRUE,FALSE),
      (23,9,E'Tim',E'Woods',E'1 Bayfield Drive',E'Eltham',E'VIC',E'3095',NULL,NULL,E'0432347604',E'timwoodscarpentry@hotmail.com',TRUE,FALSE),
      (24,76,E'Barry',E'Tanner',E'2730 Bacchus Marsh/Balliang Road',E'Bacchus Marsh',E'VIC',E'3340',E'+61400222824',NULL,E'+61400222824',E'barrytanner1@bigpond.com',TRUE,FALSE),
      (25,14,E'Lachy',E'Pearson',E'28 Valonia Drive',E'Eltham',E'VIC',E'3095',NULL,NULL,E'0407567076',E'lachy.pearson@gmail.com',TRUE,FALSE),
      (26,14,E'Andy',E'Brazzale',E'14 Echidna Road',E'Eltham',E'VIC',E'3095',NULL,NULL,E'0401796756',E'braz_23@hotmail.com',TRUE,FALSE),
      (27,52,E'Craig',E'Weston',E'21 Amron St',E'Chelsea Heights',E'VIC',E'3196',NULL,NULL,E'0409697063',E'craig-weston@hotmail.com',TRUE,FALSE),
      (28,56,E'Peter',E'Parker',E'146 Hannah Lane',E'Murrabit',E'VIC',E'3579',NULL,NULL,E'0427880949',E'parkerjkx1@bigpond.com',TRUE,FALSE),
      (29,56,E'Rob',E'McFarlane',E'18 Lalbert Road',E'Lake Boga',E'VIC',E'3584',NULL,NULL,E'0428557450',E'mcfarlane.robert@bigpond.com.au',TRUE,FALSE),
      (30,91,E'Brandon',E'McKenna',E'37 Emmett',E'Golden Square',E'VIC',E'3555',NULL,NULL,E'0400774165',E'brandonmckenna88@gmail.com',TRUE,FALSE),
      (31,91,E'Matthew',E'Mckenna',E'37 Emmett Street',E'Golden Square',E'VIC',E'3555',NULL,NULL,NULL,E'brandonmckenna88@gmail.com',TRUE,FALSE),
      (32,65,E'Dave',E'Mooney',E'13 Vistarini Road',E'Murrabit West',E'VIC',E'3579',NULL,NULL,E'0427572411',E'davidmooney2@bigpond.com',TRUE,FALSE),
      (33,35,E'Geoff',E'Dwyer',E'Po box 211',E'Rochester',E'VIC',E'3561',E'54845366',NULL,E'0428845366',E'gr.dwyer@bigpond.com',TRUE,FALSE),
      (34,35,E'Rhonda',E'Dwyer',E'Po box 211',E'Roch',E'VIC',E'3561',E'54845366',NULL,E'0428845369',E'gr.dwyer@bigpond.com',TRUE,FALSE),
      (35,35,E'Charlie',E'Anderson',E'Po box 211',E'Rochester',E'VIC',E'3561',E'54845366',NULL,E'0407558387',E'gr.dwyer@bigpond.com',TRUE,FALSE),
      (36,35,E'Lewis',E'Dwyer',E'Po box 211',E'Rochester',E'VIC',E'3561',E'54845366',NULL,E'0428845368',E'gr.dwyer@bigpond.com',TRUE,FALSE),
      (37,35,E'Jess',E'Dwyer',E'Po box 211',E'Rochester',E'VIC',E'3561',E'54845366',NULL,E'0428845367',E'gr.dwyer@bigpond.com',TRUE,FALSE),
      (38,35,E'Ryley',E'Mills',E'Po box 211',E'Rochester',E'VIC',E'3561',E'54845366',NULL,E'0474277920',E'rilly_10@hotmail.com',TRUE,FALSE),
      (39,3,E'Jess',E'Bluck',E'18 Hadley Drive',E'Wallan',E'VIC',E'3756',E'0424285448',NULL,E'0424285448',E'jessica_bluck@yahoo.com',TRUE,FALSE),
      (40,3,E'Jason',E'Hobbs',E'32 Rowes Rd',E'Werribee',E'VIC',E'3030',NULL,NULL,E'0422206726',NULL,TRUE,FALSE),
      (41,5,E'Justin',E'Anderson',E'79 Mitchells Lane',E'Sunbury',E'VIC',E'3429',NULL,NULL,E'0451514211',E'melissaanderson2014@gmail.com',TRUE,FALSE),
      (42,5,E'Ashley',E'Skrypec',E'15 Blyton Crescent',E'Sunbury',E'VIC',E'3429',E'0400724434',NULL,NULL,E'melissaanderson2014@gmail.com',TRUE,FALSE),
      (43,54,E'Jarrod',E'Paterson',E'10 Medina Road',E'Keilor Downs',E'VIC',E'3038',E'0427939778',NULL,E'0427939778',E'jarrod.p@hotmail.com',TRUE,FALSE),
      (44,54,E'Benjamin',E'Alexander',E'19 Wolviston Avenue',E'Hillside',E'VIC',E'3037',E'0402110936',NULL,E'0402110936',E'benjamin_alexander@hotmail.com',TRUE,FALSE),
      (45,66,E'Dale',E'Stacey',E'56 Urquhart St',E'Woodend',E'VIC',E'3442',NULL,NULL,E'0402054175',E'dale.stacey@elgas.com.au',TRUE,FALSE),
      (46,66,E'John',E'Fuller',E'24 Tennyson Street',E'Woodend',E'VIC',E'3442',NULL,NULL,E'0427529059',E'dale.stacey@elgas.com.au',TRUE,FALSE),
      (47,58,E'Andrew',E'Cook',E'7 Millbank Street',E'Bacchus Marsh',E'VIC',E'3340',E'0466661654',NULL,E'0466661654',E'acookcarpentry@gmail.com',TRUE,FALSE),
      (48,58,E'Nathan',E'Cook',E'7 Millbank Street',E'Bacchus Marsh',E'VIC',E'3340',E'0434717212',NULL,E'0434717212',E'nlccarpentry@gmail.com',TRUE,FALSE),
      (49,37,E'Zac',E'McGrath',E'52 Rohs Road',E'Bendigo',E'VIC',E'3550',E'0421345800',NULL,E'0409 590 963',E'todd@riverinabelting.com',TRUE,FALSE),
      (50,36,E'Daniel',E'Perkins',E'17 julier cres ',E'hoppers crossing',E'VIC',E'3029',E'97496016',NULL,E'0403572711',E'dperkins@y7mail.com',TRUE,FALSE),
      (51,36,E'Dale',E'Perkins',E'17 Julier Cres',E'Hoppers Crossing',E'VIC',E'3029',E'97496016',NULL,E'0403572711',E'dperkins@y7mail.com',TRUE,FALSE),
      (52,36,E'Christopher',E'Perkins',E'17 Julier Crescent',E'Hoppers Crossing',E'VIC',E'3029',E'97496016',NULL,E'0403572711',E'dperkins@y7mail.com',TRUE,FALSE),
      (53,36,E'Shane',E'Younger',E'17 Julier Cres',E'Hoppers Crossing',E'VIC',E'3029',E'97496016',NULL,E'0403572711',E'dperkins@y7mail.com',TRUE,FALSE),
      (54,62,E'Wayne',E'Hunt',E'449 Echuca Nanneella Rd',E'Nanneella',E'VIC',E'3561',E'0354845294',NULL,E'0427341050',E'waynehunt3@bigpond.com',TRUE,FALSE),
      (55,62,E'Gabrielle',E'Hunt',E'449 Echuca Nanneella Rd',E'Nanneella',E'VIC',E'3561',E'0354845294',NULL,E'0429845294',E'waynehunt3@bigpond.com',TRUE,FALSE),
      (56,69,E'Shane',E'Stacey',E'PO Box 1035',E'Echuca',E'VIC',E'3564',E'0457779695',NULL,E'0457779695',E'shanestacey@hotmail.com',TRUE,FALSE),
      (57,67,E'Craig',E'McCluskey',E'23 Sorrel court',E'Baranduda',E'VIC',E'3691',E'+61409503244',NULL,E'+61409503244',E'cmccluskey@baxters.com.au',TRUE,FALSE),
      (58,67,E'Garry',E'McCluskey',E'21 Wellington Street',E'Kerang',E'VIC',E'3579',E'0354522485',NULL,E'0438522705',E'mccluskeyssc@bigpond.com',TRUE,FALSE),
      (59,20,E'Bruce',E'Francis',E'21 Eureka Road',E'Diggers Rest',E'VIC',E'3427',NULL,NULL,E'0432451484',E'shadow4@dodo.com.au',TRUE,FALSE),
      (60,45,E'Michael',E'Morgan',E'18 Heysen Drive',E'Sunbury',E'VIC',E'3429',NULL,NULL,NULL,E'shadow4@dodo.com.au',TRUE,FALSE),
      (61,42,E'David',E'Crook',E'24 Sorbonne Drive',E'Sunbury',E'VIC',E'3429',NULL,NULL,E'0402055121',E'dave.crook@hotmail.com',TRUE,FALSE),
      (62,42,E'Michael',E'Buckman',E'2 Dunne Road',E'Bullengarook',E'VIC',E'3437',NULL,NULL,E'0475896303',E'gwsbuckman@bigpond.com',TRUE,FALSE),
      (63,23,E'Drew',E'Gray',E'579 Midland Highway',E'Huntly',E'VIC',E'3556',E'0354488330',NULL,E'0404061347',E'winnie_ang@hotmail.com',TRUE,FALSE),
      (64,23,E'Cowan',E'Jack',E'579 Midland Highway',E'Huntly',E'VIC',E'3551',E'0354488330',NULL,E'0404061347',E'winnie_ang@hotmail.com',TRUE,FALSE),
      (65,95,E'Snow',E'Danson',NULL,NULL,E'VIC',NULL,NULL,NULL,NULL,NULL,TRUE,FALSE),
      (66,132,E'Wesley',E'Danson',NULL,NULL,E'VIC',NULL,NULL,NULL,NULL,NULL,TRUE,FALSE),
      (67,132,E'Andrew',E'Leahy',NULL,NULL,E'VIC',NULL,NULL,NULL,NULL,NULL,TRUE,FALSE),
      (68,132,E'Aaron',E'Danson',NULL,NULL,E'VIC',NULL,NULL,NULL,NULL,NULL,TRUE,FALSE),
      (69,133,E'Jeff',E'Gillingham',NULL,E'Lake Charm',E'VIC',E'3581',NULL,NULL,E'0428 500 702',NULL,TRUE,FALSE),
      (70,133,E'Peter',E'Ladgrove',E'7 Cullen St',E'Kerang',E'VIC',E'3579',NULL,NULL,NULL,NULL,TRUE,FALSE),
      (71,134,E'Daniel',E'Buckland',E'8 Ayres Street',E'Creswick',E'VIC',E'3363',NULL,NULL,E'0408 657 668',NULL,TRUE,FALSE),
      (72,97,E'Glenn',E'Solomano',E'PO Box 287',E'Eaglehawk',E'VIC',E'3556',NULL,NULL,E'0418 459 985',E'glenns2502@gmail.com',TRUE,FALSE),
      (73,97,E'Stephen',E'Kelson',E'PO Box 139',E'North Bendigo',E'VIC',E'3550',NULL,NULL,E'0419 884 993',NULL,TRUE,FALSE),
      (74,127,E'Stephen',E'O\'Donoghue',E'277 Murrabit West Rd',E'Murrabit',E'VIC',E'3579',E'03 5457 2264',NULL,E'0418 572 238',E'burrpark@bigpond.com',TRUE,FALSE),
      (75,127,E'Leigh',E'Forster',E'92 Victoria St',E'Pyramid Hill',E'VIC',E'3575',E'03 5455 7554',NULL,E'0427 847 033',NULL,TRUE,FALSE),
      (76,101,E'Jamie',E'Semmler',E'1751 Koondrook Murrabit Rd',E'Murrabit',E'VIC',E'3579',NULL,NULL,E'0411 585 716',NULL,TRUE,FALSE),
      (77,110,E'Greg',E'Maher',E'143 Reservoir Rd',E'Strathdale',E'VIC',E'3550',E'5441 2457',NULL,E'0418 538 897',NULL,TRUE,FALSE),
      (78,110,E'Michael',E'McKenna',E'37 Stephenson St',E'Huntly',E'VIC',E'3551',E'5448 8018',NULL,E'0407 539 559',NULL,TRUE,FALSE),
      (79,119,E'Shane',E'Hamlyn-Harris',E'PO Box 65',E'Quambatook',E'VIC',E'3540',E'03 5457 1393',NULL,E'0488 577 153',NULL,TRUE,FALSE),
      (80,119,E'Darryl',E'McKenzie',E'Kerang Rd',E'Quambatook',E'VIC',E'3540',E'03 5457 1204',NULL,E'0429 809 743',NULL,TRUE,FALSE),
      (81,135,E'Jim',E'Danson',E'174 Dunbar Road',E'Murrabit',E'VIC',E'3579',E'03 5457 2367',NULL,E'0427 572 367',NULL,TRUE,FALSE),
      (82,108,E'David',E'Waddell',E'65 Station St',E'Wallan East',E'VIC',E'3756',NULL,NULL,E'0400 669 002',NULL,TRUE,FALSE),
      (83,118,E'Josef',E'Wenselowski',E'2 Romsey Court',E'Wodonga',E'VIC',E'3690',E'02 6024 2516',NULL,E'0421 165 285',E'wensejos@westnet.com.au',TRUE,FALSE),
      (84,118,E'Eddie',E'Wright',E'5 Hampton Crt',E'Wodonga',E'VIC',E'3690',E'02 6056 4851',NULL,E'0407 480 665',E'eddie.wright@effon.com',TRUE,FALSE),
      (85,114,E'Des',E'Stakelum',E'168 Aspinall St',E'Kangaroo Flat',E'VIC',E'3555',NULL,NULL,E'0407 877 315',E'dstakelum@me.com',TRUE,FALSE),
      (86,114,E'Adam',E'Beardon',E'65 Dyson Road',E'Mandurang',E'VIC',E'3551',NULL,NULL,E'0427 234 054',NULL,TRUE,FALSE),
      (87,99,E'Peter',E'Heffer',E'516 Murrabit West Rd',E'Murrabit',E'VIC',E'3579',E'03 5457 2278',NULL,E'0408 054 880',NULL,TRUE,FALSE),
      (88,99,E'Brian',E'Smith',E'514 Murrabit West Rd',E'Murrabit',E'VIC',E'3579',NULL,NULL,E'0417 522 060',NULL,TRUE,FALSE),
      (89,126,E'Peter',E'Buckell',E'10 Botany Drive',E'Junortown',E'VIC',E'3551',E'03 5439 3548',NULL,E'0401 429 382',NULL,TRUE,FALSE),
      (90,126,E'Damien',E'Dillion',E'290 Woodward Rd',E'Golden Square',E'VIC',E'3550',NULL,NULL,E'0406 099 744',NULL,TRUE,FALSE),
      (91,136,E'Dermot',E'Moffat',E'52 Scoresby St',E'Kerang',E'VIC',E'3579',NULL,NULL,E'0437 780 344',NULL,TRUE,FALSE),
      (92,136,E'Sam',E'McNeil',E'Myall',E'Myall',E'VIC',E'3579',NULL,NULL,E'0400 642 239',NULL,TRUE,FALSE),
      (93,108,E'Kevin',E'Bluck',E'18 Hadley Drv',E'Wallan',E'VIC',E'3756',NULL,NULL,E'0438 447 103',E'kbluck@bigpond.net.au',TRUE,FALSE),
      (94,93,E'David',E'Carter',E'42 Poole St',E'Maryborough',E'VIC',E'3465',E'03 5461 3669',NULL,E'0488 408 400',E'daveonsite4@gmail.com',TRUE,FALSE),
      (95,104,E'Terry',E'Stacey',E'PO Box 182',E'Kerang',E'VIC',E'3579',E'5452 2200',NULL,E'0428 503 337',NULL,TRUE,FALSE),
      (96,95,E'Dave',E'Semmler',E'106 Begelhole Rd',E'Murrabit',E'VIC',E'3579',E'03 5457 2470',NULL,E'0427 575 255',NULL,TRUE,FALSE),
      (97,112,E'David',E'Stubbs',E'PO Box 226',E'Kerang',E'VIC',E'3579',E'03 5452 2525',NULL,E'0407 506 002',NULL,TRUE,FALSE),
      (98,104,E'Chris',E'Wren',E'1 Teal Drive',E'Mildura',E'VIC',E'3502',NULL,NULL,E'0419 036 396',NULL,TRUE,FALSE),
      (99,111,E'Neville',E'Hunt',E'6 Loven Drive',E'White Hills',E'VIC',E'3551',E'5448 4892',NULL,E'0418 539925',E'nhunt@powercor.com.au',TRUE,FALSE),
      (100,121,E'Jack',E'Challis',E'41 Hughes Lane',E'Murrabit',E'VIC',E'3579',E'5457 2494',NULL,E'0427 570 309',NULL,TRUE,FALSE),
      (101,121,E'Chris',E'Wagner',E'473 Tannery Lane',E'Strathfieldsaye',E'VIC',E'3551',E'03 5439 3668',NULL,E'0427 413 795',E'wagner1@iinet.net.au',TRUE,FALSE),
      (102,137,E'Brenden',E'Fletcher',E'4 Sweeney St',E'Bendigo',E'VIC',E'3550',E'5442 8853',NULL,NULL,NULL,TRUE,FALSE),
      (103,96,E'Darrell',E'Phillips',E'PO Box 1077',E'Echuca',E'VIC',E'3564',NULL,NULL,E'0413 126 442',NULL,TRUE,FALSE),
      (104,96,E'Trevor',E'Brown',E'581 Looker Rd',E'Echuca Village',E'VIC',E'3564',NULL,NULL,E'0448 835 241',NULL,TRUE,FALSE),
      (105,43,E'Damian',E'Malone',E'219 High Street',E'Nagambie',E'VIC',E'3608',E'0438923002',NULL,NULL,E'dgmplumbing@gmail.com',TRUE,FALSE),
      (106,43,E'Cameron',E'Malone',E'96 Redbank Rd',E'Seymour',E'VIC',E'3660',NULL,NULL,NULL,E'cammi_76@hotmail.com',TRUE,FALSE),
      (107,24,E'Troy',E'van Groen',E'15 Oldbridge Blvd',E'Melton South',E'VIC',E'3338',NULL,NULL,E'0428903850',E'troy0_@hotmail.com',TRUE,FALSE),
      (108,24,E'Malcolm',E'Mac Gregor',E'33 Queensbury Way',E'Werribee',E'VIC',E'3030',NULL,NULL,E'0431578018',E'Troy0_@hotmail.com',TRUE,FALSE),
      (109,87,E'Dennis',E'Greenwood',E'3 Airport Rd',E'Kerang',E'VIC',E'3579',E'0354503711',NULL,E'0439503723',E'fordkerang@arnoldtgreenwood.com.au',TRUE,FALSE),
      (110,53,E'Rhys',E'Neville',E'4462B Murray Valley Highway',E'Lake Boga',E'VIC',E'3584',NULL,NULL,E'0448 345 854',E'nev_53@hotmail.com',TRUE,FALSE),
      (111,53,E'Lauren',E'Faliszewski',E'4462B Murray Valley Highway',E'Lake Boga',E'VIC',E'3584',NULL,NULL,E'0428145283',E'fella_chef_ski@hitmail.com',TRUE,FALSE),
      (112,55,E'Matt',E'Webb',E'14 Lyall ave',E'Kerang',E'VIC',E'3579',NULL,NULL,E'0417 318768',E'matthewwebb1@bigpond.com',TRUE,FALSE),
      (113,55,E'Dean',E'Carter',E'24 Leslie St',E'Kerang',E'VIC',E'3515',NULL,NULL,NULL,E'matthewwebb1@bigpond.com',TRUE,FALSE),
      (114,32,E'Rowan',E'Frankling',E'PO Box 36',E'Murrabit',E'VIC',E'3579',NULL,NULL,E'0428841699',E'juliefrankling@bigpond.com',TRUE,FALSE),
      (115,39,E'Chris',E'Broadhurst',E'37 Rivergum Drive',E'Inverleigh',E'VIC',E'3321',NULL,NULL,E'0413828410',E'raeshelle80@hotmail.com',TRUE,FALSE),
      (116,82,E'Lincoln',E'Adcock',E'2 Valiant Court',E'Golden Square',E'VIC',E'3555',E'0417398525',NULL,NULL,E'lincolnadcock@gmail.com',TRUE,FALSE),
      (117,29,E'Grant',E'Ronchi',E'12 Lewana Way',E'Strathfieldsaye',E'VIC',E'3551',NULL,NULL,E'0448768543',E'grant_ronchi@yahoo.com.au',TRUE,FALSE),
      (118,47,E'Neil',E'Hopkins',E'1 WHITER ST',E'MURRABIT',E'VIC',E'3579',NULL,NULL,E'0439970029',E'hopkins.neil.r@edumail.vic.gov.au',TRUE,FALSE),
      (119,47,E'Danny',E'King',E'10 BOWLES RD',E'EPSOM',E'VIC',E'3551',E'54485454',NULL,NULL,E'hopkins.neil.r@edumail.vic.gov.au',TRUE,FALSE),
      (120,47,E'Grant',E'Pascoe',E'15 ALISON BVD',E'EPSOM',E'VIC',E'3551',NULL,NULL,E'0429 361 222',E'hopkins.neil.r@edumail.vic.gov.au',TRUE,FALSE),
      (121,29,E'Anthony',E'Anderson',E'5 Stanson place',E'Maiden Gully',E'VIC',E'3551',E'0448772223',NULL,E'0448772223',E'anthony.anderson@simonds.com.au',TRUE,FALSE),
      (122,29,E'Greg',E'Boyd',E'21 hakea rd',E'Huntly',E'VIC',E'3551',E'0409101159',NULL,NULL,E'gregboyd04@hotmail.com',TRUE,FALSE),
      (123,49,E'Daniel',E'Connell',E'2 Tulloch crt',E'Bacchus Marsh',E'VIC',E'3340',NULL,NULL,E'0431249933',E'danieltconnell89@gmail.com',TRUE,FALSE),
      (124,49,E'Jack',E'Durham',E'116 Masons Lane',E'Bacchus Marsh',E'VIC',E'3340',E'0408174075',NULL,NULL,E'jacksondurham94@gmail.com',TRUE,FALSE),
      (125,46,E'Chris',E'Weiler',E'29 park street',E'inverleigh',E'VIC',E'3321',E'03 52651696',NULL,E'0448885357',E'cweiler@sov.net.au',TRUE,FALSE),
      (126,111,E'Matthew',E'Forster',E'3 Egans Rd',E'Huntly',E'VIC',E'3551',NULL,NULL,E'0400998411',E'matthewforster@hyline.com.au',TRUE,FALSE),
      (127,22,E'Steven',E'Peirce',E'64 Finlay Rd',E'Thurgoona',E'NSW',E'2640',NULL,NULL,NULL,E's.peirce@hotmail.com',TRUE,FALSE),
      (128,22,E'Anthony',E'Harmer',E'38 Cassinia Crt',E'Thurgoona',E'NSW',E'2640',NULL,NULL,NULL,E'anthony.harmer10@gmail.com',TRUE,FALSE),
      (129,68,E'Ashley',E'Trigg',E'456 River Road',E'Gonn Crossing',E'VIC',E'3579',NULL,NULL,E'0428239228',E'mel_thompson88@yahoo.com.au',TRUE,FALSE),
      (130,6,E'Paul',E'Rosser',E'9 Honour Street',E'Craigieburn',E'VIC',E'3064',NULL,NULL,E'0437729906',E'paul.rosser69@gmail.com',TRUE,FALSE),
      (131,81,E'Cameron',E'Place',E'27 Wallington Rd',E'Ocean Grove',E'VIC',E'3226',NULL,NULL,E'0400451166',E'cameron.place@bendigobank.com.au',TRUE,FALSE),
      (132,81,E'Steven',E'Ellis',E'99 Gardiner St',E'Creswick',E'VIC',E'3363',NULL,NULL,E'0427324750',E'cameron.place@bendigobank.com.au',TRUE,FALSE),
      (133,81,E'Geoff',E'Hepworth',E'5 Haines St',E'Creswick',E'VIC',E'3363',NULL,NULL,E'0427324750',E'cameron.place@bendigobank.com.au',TRUE,FALSE),
      (134,81,E'Rhys',E'Pontelandolfo',E'3 Amy Crs',E'Echuca',E'VIC',E'3564',NULL,NULL,E'0408844341',E'cameron.place@bendigobank.com.au',TRUE,FALSE),
      (135,80,E'Graham',E'Hedt',E'135 Hermans Rd',E'Blackheath',E'VIC',E'3401',E'0427 540 726',NULL,E'0427 540 726',E'hedtella@skymesh.com.au',TRUE,FALSE),
      (2136,0,E'Lyal',E'Hedt',E'135 Hermans Rd',E'Blackheath',E'VIC',E'3401',E'0427 540 726',NULL,E'0427 540 726',E'hedtella@skymesh.com.au',TRUE,FALSE),
      (137,57,E'Andrew',E'Spitty',E'239 Stevenson Road',E'Lake Charm',E'VIC',E'3581',NULL,NULL,NULL,E'andrew@essentialassessment.com.au',TRUE,FALSE),
      (138,57,E'Joe',E'Stevenson',E'239 Stevenson Road',E'Lake Charm',E'VIC',E'3581',NULL,NULL,NULL,E'andrew@essentialassessment.com.au',TRUE,FALSE),
      (139,75,E'Brendan',E'Gibson',E'5134 Birchip/Rainbow rd',E'Beulah',E'VIC',E'3395',NULL,NULL,NULL,E'goodsie52@hotmail.com',TRUE,FALSE),
      (140,75,E'Les',E'Klemm',E'133 jamouneau st',E'warracknabeal',E'VIC',E'3393',NULL,NULL,NULL,E'lesta2@bigpond.com',TRUE,FALSE),
      (141,59,E'Mervyn',E'Downs',E'434 Broadway',E'WYCHEPROOF',E'VIC',E'3527',NULL,NULL,E'0488727579',E'b.sturner@bigpond.com',TRUE,FALSE),
      (142,59,E'Brian',E'Turner',E'434 Broadway',E'WYCHEPROOF',E'VIC',E'3527',NULL,NULL,E'0418902380',E'b.sturner@bigpond.com',TRUE,FALSE),
      (143,59,E'Mitchell',E'Turner',E'434 Broadway',E'WYCHEPROOF',E'VIC',E'3527',NULL,NULL,E'0428467979',E'b.sturner@bigpond.com',TRUE,FALSE),
      (144,60,E'Tom',E'Hetherington',E'7 afton street',E'north bendigo',E'VIC',E'3550',NULL,NULL,E'0400150725',E'thomashetherington@outlook.com',TRUE,FALSE),
      (145,60,E'Darcy',E'Hetherington',E'7 afton street',E'North bendigo',E'VIC',E'3550',NULL,NULL,E'0400846219',E'demon_darcy@hotmail.com',TRUE,FALSE),
      (146,48,E'Chris',E'Hunter',E'6 Dunlop st',E'Kerang',E'VIC',E'3579',E'0428171519',NULL,E'0428171519',E'dubhunter@bigpond.com',TRUE,FALSE),
      (147,88,E'Michael',E'Martin',E'115 sunset views bvd',E'tarneit',E'VIC',E'3029',NULL,NULL,E'0402788241',E'mikgm@bigpond.com',TRUE,FALSE),
      (148,88,E'Peter',E'Magalotti',E'1 belah ave',E'altona',E'VIC',E'3018',NULL,NULL,E'0468928523',E'mikgm@bigpond.com',TRUE,FALSE),
      (149,88,E'Frank',E'Martin',E'4 ormond rd',E'west footscray',E'VIC',E'3012',NULL,NULL,E'041063770',E'mikgm@bigpond.com',TRUE,FALSE),
      (150,88,E'Brian',E'Martin',E'32 mitchell rd',E'melton south',E'VIC',E'3330',NULL,NULL,E'0402043856',E'mikgm@bigpond.com',TRUE,FALSE),
      (151,30,E'Peter',E'Mayberry',E'11 taegtow way',E'altona meadows',E'VIC',E'3028',NULL,NULL,E'0411318711',E'mikgm@bigpond.com',TRUE,FALSE),
      (152,79,E'Dylan',E'Fox',E'4148 Donald Swan Hill Rd',E'Goschen',E'VIC',E'3585',NULL,NULL,E'0429342316',E'dylan.fox@agrivision.net.au',TRUE,FALSE),
      (153,79,E'Anthony',E'Fox',E'4148 Donald Swan Hill Rd',E'Goschen',E'VIC',E'3585',NULL,NULL,E'0427225487',E'callyung@bigpond.com',TRUE,FALSE),
      (154,25,E'Colin',E'Dick',E'28 Mulberry Pass',E'Craigieburn',E'VIC',E'3064',E'0401954970',NULL,E'0401954970',E'shonajoan@yahoo.com',TRUE,FALSE),
      (155,61,E'Casey',E'Gillen',E'2283 Murray Valley Hwy',E'Lake Charm',E'VIC',E'3581',NULL,NULL,E'0418500397',E'opgill@westnet.com.au',TRUE,FALSE),
      (156,19,E'Eldred',E'Cox',E'25 king st',E'Rochester',E'VIC',E'3561',NULL,NULL,NULL,E'eldredcox@bigpond.com',TRUE,FALSE),
      (157,19,E'Nigel',E'Riordan',E'63 Twaddle lane',E'Bamawm',E'VIC',E'3561',E'0438862280',NULL,NULL,E'nigel.riordang@bigpond.com',TRUE,FALSE),
      (158,101,E'Justin',E'Faint',E'489 Waterloo Road',E'Waterloo',E'SA',E'5413',E'08 8848 4238',NULL,E'0438 884 238',E'justinfaint@hotmail.com',TRUE,FALSE),
      (159,116,E'Cameron',E'Fawcett',E'601 Nullawil-Labert Rd',E'Kalpienung',E'VIC',E'3529',E'5493 5211',NULL,E'0409 696 799',E'angcam1@bigpond.com',TRUE,FALSE),
      (160,116,E'Paul',E'Fawcett',E'1370 Nullawil-Quambatook Rd',E'Towaninny',E'VIC',E'3527',E'0407 935 201',NULL,E'0407 935 200',E'pgfawcett@bigpond.com',TRUE,FALSE),
      (161,138,E'Luke',E'Williams',E'31 Willoughby St',E'Murchison',E'VIC',E'3610',NULL,NULL,E'0447 520 810',NULL,TRUE,FALSE),
      (162,138,E'Sam',E'Cox',E'9090 Goulburn Valley Hwy',E'Seymour',E'VIC',E'3660',NULL,NULL,E'0457 898 505',NULL,TRUE,FALSE),
      (163,115,E'Kev',E'Spiteri',E'33 Bakewell St',E'Bendigo',E'VIC',E'3550',E'0438 428 714',NULL,NULL,E'spiteriplumbing@hotmail.com',TRUE,FALSE),
      (164,115,E'Mark',E'Blink',E'220 Eaglehawk Rd',E'Long Gully',E'VIC',E'3550',NULL,NULL,E'0437 431 191',NULL,TRUE,FALSE),
      (165,139,E'Lyle',E'Dettmann',E'17 Hillard Street',E'Malvern East',E'VIC',E'3145',NULL,NULL,E'0409 027 344',E'ljdetteng@bigpond.com',TRUE,FALSE),
      (166,34,E'Paul',E'Wheelhouse',E'22 McIvor Forest Drv',E'Junortown',E'VIC',E'3551',NULL,NULL,E'0427 353 093',E'bendigopoolcare@bigpond.com',TRUE,FALSE),
      (167,117,E'Kris',E'Dixon',E'14 Waugh St',E'Charlton',E'VIC',E'3525',E'03 5491 1153',NULL,E'0427 364 566',E'kris.dixon@landmark.com.au',TRUE,FALSE),
      (168,140,E'Scott',E'McNeil',E'Myall-Kerang Rd',E'Myall',E'VIC',E'3579',NULL,NULL,E'0419 561 126',NULL,TRUE,FALSE),
      (169,140,E'Bailey & Jordon',E'McNeil',E'Myall-Kerang Rd',E'Myall',E'VIC',E'3579',NULL,NULL,E'0419 561 126',NULL,TRUE,TRUE),
      (170,106,E'Dale',E'Laursen',E'Koondrook',E'Koondrook',E'VIC',E'3580',NULL,NULL,E'0409 332 015',NULL,TRUE,FALSE),
      (171,140,E'Ray',E'McNeil',E'730 Myall Road',E'Myall',E'VIC',E'3579',E'5457 0252',NULL,E'0458 108 028',E'hawkes.dale@bigpond.com',TRUE,FALSE),
      (172,123,E'Dale',E'Hartley',E'232 Hannah Lane',E'Gonn Crossing',E'VIC',E'3579',NULL,NULL,E'0429 173 889',E'dalehartley@bigpond.com',TRUE,FALSE),
      (173,100,E'Max',E'Hartley',E'232 Hannah Lane',E'Gonn Crossing',E'VIC',E'3579',NULL,NULL,E'0490 530 159',NULL,TRUE,FALSE),
      (174,100,E'Willen',E'Hartley',E'232 Hannah Lane',E'Gonn Crossing',E'VIC',E'3579',NULL,NULL,E'0490 176 661',NULL,TRUE,FALSE),
      (175,104,E'Wayne',E'Dettmann',E'22 Collins Parade',E'Sorrento',E'VIC',E'3943',E'03 9738 1733',NULL,E'0413 456 205',E'wayne.dettmann@advancedroofsafety.com.au',TRUE,FALSE),
      (176,141,E'Max',E'Carroll',E'50 Snell Grove',E'Pascoe Vale',E'VIC',E'3046',NULL,NULL,E'0412 549 152',E'ian@csandg.com.au',TRUE,FALSE),
      (177,141,E'Ross',E'D\'Elton',NULL,E'Melbourne',E'VIC',E'3000',NULL,NULL,E'0412 549 152',NULL,TRUE,FALSE),
      (178,141,E'Peter',E'Hemmens',NULL,E'Melbourne',E'VIC',E'3000',NULL,NULL,NULL,NULL,TRUE,FALSE),
      (179,141,E'Wayne',E'Martin',NULL,E'Melbourne',E'VIC',E'3000',NULL,NULL,E'0412 549 152',NULL,TRUE,FALSE),
      (180,92,E'Peter',E'Height',E'269 Brown Road',E'Echuca',E'VIC',E'3564',NULL,NULL,E'0408 505 426',E'height6@bigpond.com',TRUE,FALSE),
      (181,92,E'Ian',E'McDonald',E'269 Brown Road',E'Echuca',E'VIC',E'3564',NULL,NULL,NULL,NULL,TRUE,FALSE),
      (182,131,E'Len',E'Johnson',E'24 Majorca Rd',E'Maryborough',E'VIC',E'3465',E'03 5461 3482',NULL,NULL,NULL,TRUE,FALSE),
      (183,2,E'Brendan',E'Johnson',E'92 Nelson St',E'Maryborough',E'VIC',E'3465',NULL,NULL,E'0439 341 815',E'johnsoncaravans@tig.com.au',TRUE,FALSE),
      (184,2,E'Aaron',E'Graham',E'92 Nelson St',E'Maryborough',E'VIC',E'3465',NULL,NULL,NULL,NULL,TRUE,FALSE),
      (185,2,E'Jason',E'Partridge',E'92 Nelson St',E'Maryborough',E'VIC',E'3465',NULL,NULL,NULL,NULL,TRUE,FALSE),
      (186,32,E'Greg',E'den Houting',E'17 Penglase Street',E'Koondrook',E'VIC',E'3580',E'03 5453 1542',NULL,E'0488 779 371',NULL,TRUE,FALSE),
      (187,107,E'Stuart',E'Martin',E'"Leskenfere"',E'Barham',E'NSW',E'2732',E'5035 3435',NULL,NULL,NULL,TRUE,FALSE),
      (188,93,E'Daryl',E'Carter',E'49 Argyle Road',E'Maryborough',E'VIC',E'3465',NULL,NULL,E'0428 613 741',NULL,TRUE,FALSE),
      (189,106,E'Bill',E'Hollard',E'4 Station St',E'Koondrook',E'VIC',E'3580',E'5453 2786',NULL,NULL,NULL,TRUE,FALSE),
      (190,44,E'Simon',E'Ettershank',E'P.o box 2',E'Murrabit ',E'VIC',E'3579',E'0354575232',NULL,E'0428575233',E'murrayview@activ8.net.au',TRUE,FALSE),
      (191,128,E'Nick',E'Bowles',E'64 Tampion Ave',E'Lalbert',E'VIC',E'3542',E'03 5457 3243',NULL,E'0475 068 390',NULL,TRUE,FALSE),
      (192,128,E'Sam',E'Bowles',E'43 Tampion Ave',E'Lalbert',E'VIC',E'3542',E'03 5457 3243',NULL,E'0428 995 424',E'bowlzy26@hotmail.com',TRUE,FALSE),
      (193,113,E'Neil',E'Bowles',E'43 Tampion Ave',E'Lalbert',E'VIC',E'3542',E'5457 3243',NULL,E'0427 515 589',NULL,TRUE,FALSE),
      (194,144,E'Michael',E'Cook',E'c/o Post Office',E'Koondrook',E'VIC',E'3580',NULL,NULL,NULL,NULL,TRUE,FALSE),
      (195,144,E'Geoff',E'Williams',NULL,NULL,E'VIC',NULL,NULL,NULL,NULL,NULL,TRUE,FALSE),
      (196,145,E'Tracey',E'Ridley',E'52 Sussex St',E'Linton',E'VIC',E'3360',NULL,NULL,E'0419 388 486',NULL,TRUE,FALSE),
      (197,145,E'Bill',E'Redmond',E'52 Sussex St',E'Linton',E'VIC',E'3360',NULL,NULL,NULL,NULL,TRUE,FALSE),
      (198,145,E'Mark',E'Thomas',E'52 Sussex St',E'Linton',E'VIC',E'3360',NULL,NULL,NULL,NULL,TRUE,FALSE),
      (199,32,E'Scott',E'McGowan',E'53 Jamieson Ave',E'Barham',E'NSW',E'2732',E'5453 1164',NULL,E'0428 532 456',NULL,TRUE,FALSE),
      (200,131,E'Peter',E'Shay',E'116 Queens Ave',E'Maryborough',E'VIC',E'3465',NULL,NULL,E'0427 612 790',NULL,TRUE,FALSE),
      (201,98,E'Bill',E'Hazen',E'c/o P.O.',E'Murrabit',E'VIC',E'3579',NULL,NULL,NULL,NULL,TRUE,FALSE),
      (202,98,E'Rick',E'McKenzie',E'511 River Rd',E'Murrabit West',E'VIC',E'3579',NULL,NULL,E'0427 989 236',NULL,TRUE,FALSE),
      (203,102,E'Graham',E'Collicoat',E'20 Tullaroop Rd',E'Maryborough',E'VIC',E'3465',NULL,NULL,E'0417 851 202',NULL,TRUE,FALSE),
      (204,148,E'Paul',E'Migga',E'Punt Lane',E'Murrabit',E'VIC',E'3579',NULL,NULL,E'0415 501 054',NULL,TRUE,FALSE),
      (205,94,E'David',E'Burt',E'23 Janelle Drive',E'Maiden Gully',E'VIC',E'3551',E'5449 7078',NULL,E'0439 712 258',E'burtbuilders@bigpond.com',TRUE,FALSE),
      (206,94,E'Adam',E'Boyle',E'23 Janelle Dr',E'Maiden Gully',E'VIC',E'3551',NULL,NULL,E'0437 916 800',NULL,TRUE,FALSE),
      (207,103,E'Ossie',E'Dixon',E'17 Kathleen Tce',E'Maiden Gully',E'VIC',E'3551',E'5449 6310',NULL,E'0447 711 088',E'ossiedix@bigpond.com',TRUE,FALSE),
      (208,103,E'Graeme',E'Coles',E'8 Prosepect St',E'Wycheproof',E'VIC',E'3527',E'5493 7513',NULL,E'0408 937 480',NULL,TRUE,FALSE),
      (209,50,E'Hayley',E'Bond',E'14 firns lane',E'Amphitheatre',E'VIC',E'3468',NULL,NULL,E'0412319489',E'hayleybond@hotmail.com',TRUE,FALSE),
      (210,50,E'Adam',E'Richards',E'14 firns lane',E'Amphitheatre',E'VIC',E'3468',NULL,NULL,E'0408649720',E'adamrichards81@hotmail.com',TRUE,FALSE),
      (211,50,E'Ross',E'Dowdy',E'80 Bailey st',E'Amphitheatre',E'VIC',E'3468',NULL,NULL,E'0475446417',E'rldowdy@hotmail.com',TRUE,FALSE),
      (212,50,E'Louise',E'Dowdy',E'80 Bailey st',E'Amphitheatre ',E'VIC',E'3468',NULL,NULL,E'0475446415',E'rldowdy@hotmail.com',TRUE,FALSE),
      (213,74,E'Steven',E'Carr',E'25 jack st newport',E'melbourne',E'VIC',E'3015',NULL,NULL,NULL,E'brett.barrett@raywhite.com',TRUE,FALSE),
      (214,80,E'William',E'Ainsworth',E'9 Market Lane ',E'Horsham',E'VIC',E'3400',NULL,NULL,E'0428 750 500',E'bill@momentumfg.com.au',TRUE,FALSE),
      (215,65,E'Glen',E'Viney',E'915 Lowe road ',E'Bamawm',E'VIC',E'3561',E'0428110071',NULL,E'0428110071',E'gdviney@gmail.com',TRUE,FALSE),
      (216,10,E'Paul',E'Collicoat',E'28 Newton St',E'Maryborough',E'VIC',E'3465',NULL,NULL,E'0417545149',E'pncollicoat1@bigpond.com',TRUE,FALSE),
      (217,41,E'Greg',E'Henry',E'323 Murrabit West Road',E'Gonn Crossing',E'VIC',E'3579',NULL,NULL,E'0418511953',E'greghenru5@bigpond.com',TRUE,FALSE),
      (218,51,E'Paul',E'Martin',E'89 Richards rd',E'Blampied ',E'VIC',E'3364',NULL,NULL,E'0412773091',E'paulmartincarpentry@hotmail.com',TRUE,FALSE),
      (219,51,E'David',E'Martin',E'89 Richards rd',E'Blampied',E'VIC',E'3364',NULL,NULL,E'0412773091',E'paulmartincarpentry@hotmail.com',TRUE,FALSE),
      (220,51,E'Brad',E'Martin',E'89 Richards rd',E'Blampied',E'VIC',E'3364',NULL,NULL,E'0412773091',E'paulmartincarpentry@hotmail.com',TRUE,FALSE),
      (221,85,E'Brock',E'Mountjoy',E'751 Midland Hwy',E'751 Midland Hwy',E'VIC',E'3551',E'0418955966',NULL,NULL,NULL,TRUE,FALSE),
      (222,85,E'John',E'Dean',E'751 Midland Hwy',E'751 Midland Hwy',E'VIC',E'3551',E'0418955966',NULL,NULL,NULL,TRUE,FALSE),
      (223,85,E'Jacob',E'West',E'Po box 462 strathfeildsaye ',E'Strathfeildsaye ',E'VIC',E'3551',NULL,NULL,E'0422886730',E'jakethemaniac@hotmail.com',TRUE,FALSE),
      (224,53,E'Brenton',E'Gibbons',E'5/9 sternberg street',E'bendigo',E'VIC',E'3550',NULL,NULL,E'0418789355',E'Brentongibbons86@gmail.com',TRUE,FALSE),
      (225,40,E'Matt',E'Roberts',E'Unit 10 1 Randall street',E'Swan hill',E'VIC',E'3585',NULL,NULL,E'0448619599',E'matthewlroberts1@hotmail.com',TRUE,FALSE),
      (226,40,E'Joel',E'Bramble',E'Unit 10 1 Randall street',E'Swan hill',E'VIC',E'3585',NULL,NULL,NULL,E'matthewlroberts1@hotmail.com',TRUE,FALSE),
      (227,71,E'Anita',E'Wilson',E'170 alexander rd',E'mooroopna',E'VIC',E'3629',E'61488718707',NULL,E'61488718707',E'holden-chic@hotmail.com',TRUE,FALSE),
      (228,71,E'Helen',E'Wilson',E'170 alexander rd',E'mooroopna',E'VIC',E'3629',E'0488718606',NULL,E'0488718606',E'helenwilson63@hotmail.com',TRUE,FALSE),
      (229,28,E'Casey',E'Rooney',E'62 loop road ',E'Koondrook ',E'VIC',E'3580',NULL,NULL,E'0406333559',E'pogga_001@hotmail.com',TRUE,FALSE),
      (230,10,E'Ivan',E'Collicoat',E'18 Chaplins Rd',E'Maryborough',E'VIC',E'3465',E'0354642300',NULL,NULL,E'pncollicoat1@bigpond.com',TRUE,FALSE),
      (231,38,E'Peter',E'Laursen',E'6 Danson St',E'Murrabit',E'VIC',E'3579',NULL,NULL,E'0427572290',E'pal67@bigpond.com',TRUE,FALSE),
      (232,38,E'Mitchell',E'Laursen',E'6 Danson St',E'Murrabit',E'VIC',E'3579',NULL,NULL,E'0458188771',E'mlaurso47@gmail.com',TRUE,FALSE),
      (233,70,E'Chris',E'Haley',E'5 miller street',E'Sebastopol',E'VIC',E'3356',NULL,NULL,E'0418402117',E'katyandchris@bigpond.com',TRUE,FALSE),
      (234,85,E'Aaron',E'Cowling',E'81 Greenfield Drive',E'Epsom',E'VIC',E'3551',E'0418796961',NULL,NULL,E'apcowling@icloud.com',TRUE,FALSE),
      (235,11,E'Bill',E'Rewiti',E'28 tarnagulla rd ',E'Inglewood',E'VIC',E'3517',E'54383083',NULL,E'0428526089',E'horijacobs@y7mail.com',TRUE,FALSE),
      (236,11,E'Hori',E'Jacobs',E'28 tarnagulla rd',E'Inglewood',E'VIC',E'3517',E'54383082',NULL,E'0428669402',E'horijacobs@y7mail.com',TRUE,FALSE),
      (237,83,E'Peter',E'Crowe',E'124 aspinall street',E'golden square',E'VIC',E'3555',E'0458544770',NULL,E'0458544770',E'Petercrowe101@hotmail.com',TRUE,FALSE),
      (238,90,E'Greg',E'Bagg',E'2420 Hamilton Hwy',E'Inverleigh',E'VIC',E'3321',NULL,NULL,E'0438525032',E'raeshelle80@hotmail.com',TRUE,FALSE),
      (239,31,E'Mitch',E'Sumner',E'185 McKillop street',E'East Geelong ',E'VIC',E'3219',NULL,NULL,E'0414261877',E'mitchkayla@hotmail.com',TRUE,FALSE),
      (240,149,E'Peter',E'Hazeldene',NULL,NULL,E'VIC',NULL,NULL,NULL,NULL,NULL,TRUE,FALSE),
      (241,149,E'Russell',E'Henson',E'12 Smith St',E'Woorinen South',E'VIC',E'3588',NULL,NULL,NULL,NULL,TRUE,FALSE),
      (242,150,E'Colin',E'Thompson',E'673 River Rd',E'Murrabit West',E'VIC',E'3579',E'5457 2225',NULL,E'0407 865 276',NULL,TRUE,FALSE),
      (243,150,E'Lindsay',E'Oliver',E'Hocking Dve',E'Swan Hill',E'VIC',E'3585',NULL,NULL,NULL,NULL,TRUE,FALSE),
      (244,151,E'Paul',E'Battle',E'196 West Rd',E'Kerang',E'VIC',E'3579',NULL,NULL,E'0448 601 480',NULL,TRUE,FALSE),
      (293,174,E'Doris',E'Ash',E'Po Box',E'Murrabut',E'VIC',E'3579',E'0408584655',NULL,NULL,NULL,FALSE,FALSE),
      (294,174,E'Jill',E'Hein',NULL,NULL,NULL,NULL,NULL,NULL,NULL,NULL,FALSE,FALSE),
      (295,174,E'Gary',E'Napier',NULL,NULL,NULL,NULL,NULL,NULL,NULL,NULL,FALSE,FALSE),
      (296,174,E'Noel',E'Robertson',NULL,NULL,NULL,NULL,NULL,NULL,NULL,NULL,FALSE,FALSE),
      (297,167,E'Gary',E'Mowatt',NULL,NULL,NULL,NULL,NULL,NULL,NULL,NULL,FALSE,FALSE),
      (299,0,E'Daniel',E'Irwin',NULL,NULL,NULL,NULL,NULL,NULL,NULL,NULL,TRUE,FALSE),
      (300,0,E'Dain',E'Hayes',NULL,NULL,NULL,NULL,E'0418585747',NULL,NULL,NULL,FALSE,FALSE),
      (298,0,E'Simon',E'Morton',NULL,E'Murrabit',NULL,NULL,NULL,NULL,NULL,NULL,FALSE,FALSE),
      (288,157,E'John',E'Hogg',NULL,NULL,NULL,NULL,NULL,NULL,E'0418 563 667',NULL,TRUE,FALSE),
      (286,101,E'Kirby',E'Faint',E'489 Waterloo Road',E'Waterloo',E'SA',E'5413',NULL,NULL,NULL,NULL,FALSE,FALSE),
      (287,171,E'Sharon',E'McKenzie',E'36 Park Road',E'Lake Charm',E'VIC',E'3581',NULL,NULL,E'0400 960 314',NULL,TRUE,FALSE),
      (285,172,E'David',E'Tomlins',E'48 Chanter Street',E'Moama',E'NSW',NULL,NULL,NULL,E'0488 736 833',NULL,TRUE,FALSE),
      (1022,107,E'Liam',E'Edwards',NULL,NULL,NULL,NULL,NULL,NULL,NULL,NULL,TRUE,TRUE),
      (136,152,E'Mick',E'Coobs',E'92 Shadforth St',E'Kerang',E'VIC',E'3579',NULL,NULL,E'0488 521 643',NULL,TRUE,FALSE),
      (291,173,E'Rick',E'Sarre',E'Post Office',E'Lake Charm',E'VIC',E'3581',E'5457 9214',NULL,E'0429 091 295',NULL,TRUE,FALSE),
      (292,173,E'Rick',E'Maher',NULL,NULL,NULL,NULL,NULL,NULL,E'0408 596 704',NULL,TRUE,FALSE),
      (1013,162,E'Haylee',E'Landers',NULL,NULL,NULL,NULL,NULL,NULL,NULL,NULL,TRUE,FALSE),
      (245,151,E'Sharon',E'Battle',E'196 West Rd',E'Kerang',E'VIC',E'3579',NULL,NULL,E'0448 601 480',NULL,TRUE,FALSE),
      (246,152,E'Paul',E'Neivandt',E'198 McKenzie Rd',E'Kerang',E'VIC',E'3579',E'5452 1231',NULL,E'0429 188 308',E'plneivandt@gmail.com',TRUE,FALSE),
      (247,129,E'Darby',E'Stanton',E'1610 Cohuna Koondrook Rd',E'Cohuna',E'VIC',E'3568',E'5453 1677',NULL,E'0428 755 972',E'dobs1@live.com.au',TRUE,FALSE),
      (248,129,E'Joel',E'McKenzie',E'289 River Road Gonn Crossing',E'Murrabit',E'VIC',E'3579',NULL,NULL,E'0457 559 588',E'riverbank.park@bigpond.com',TRUE,FALSE),
      (249,153,E'Vince',E'Maher',E'Gon Av',E'Murrabit',E'VIC',E'3579',NULL,NULL,E'0408 596 703',NULL,TRUE,FALSE),
      (250,153,E'Peter',E'McCann',E'Gon Av',E'Murrabit',E'VIC',E'3579',NULL,NULL,NULL,NULL,TRUE,FALSE),
      (251,154,E'Glen',E'Hutchins',E'Koondrook Murrabit Rd',E'Murrabit',E'VIC',E'3579',NULL,NULL,NULL,NULL,TRUE,FALSE),
      (252,155,E'Peter',E'Clarke',E'14 Glenshael Crt',E'Strathfieldsaye',E'VIC',E'3551',NULL,NULL,E'0438 530 885',NULL,TRUE,FALSE),
      (253,155,E'Cameron',E'Frank',E'1 Bowles Rd',E'Epsom',E'VIC',E'3551',NULL,NULL,E'0413 561 091',NULL,TRUE,FALSE),
      (254,155,E'Bill',E'McGavic',E'c/o Bendigo Delivery Centre',E'Bendigo',E'VIC',E'3550',NULL,NULL,E'0419 704 378',NULL,TRUE,FALSE),
      (255,130,E'Wayne',E'Neville',E'53 Nugget St',E'Kerang',E'VIC',E'3579',NULL,NULL,E'0407 557 335',E'tigenev@hotmail.com',TRUE,FALSE),
      (256,130,E'Ryan',E'Neville',E'15 Midas Ct',E'Strathfieldsaye',E'VIC',E'3551',NULL,NULL,E'0427 121 125',E'nevsta@gmail.com',TRUE,FALSE),
      (257,125,E'Ian',E'Collicoat',E'42 Sutton Rd',E'Maryborough',E'VIC',E'3465',E'5461 3274',NULL,E'0417 200 391',NULL,TRUE,FALSE),
      (258,125,E'Dean',E'Collicoat',E'42 Sutton Rd',E'Maryborough',E'VIC',E'3465',NULL,NULL,E'0488 044 174',NULL,TRUE,FALSE),
      (259,122,E'Jeff',E'Parker',E'PO Box 124',E'Boort',E'VIC',E'3537',E'03 5455 2389',NULL,E'0458 886 201',NULL,TRUE,FALSE),
      (260,122,E'Geoff',E'Rumbold',E'Kerang Rd RSD',E'Kerang',E'VIC',E'3579',E'03 5455 4282',NULL,NULL,NULL,TRUE,FALSE),
      (261,122,E'Trevor',E'Sleemon',NULL,E'Bendigo',E'VIC',E'3550',NULL,NULL,E'0429 434 646',NULL,TRUE,FALSE),
      (262,105,E'Josh',E'Martins',E'48 Lake Charm East Rd',E'Lake Charm',E'VIC',E'3581',NULL,NULL,E'0498 637 562',NULL,TRUE,FALSE),
      (263,105,E'Caleb',E'Farrer',E'132 Oataway Road',E'Wandella',E'VIC',E'3579',NULL,NULL,E'0428 090 341',NULL,TRUE,FALSE),
      (264,109,E'Matthew',E'Johnson',E'30 Logan St',E'Maryborough',E'VIC',E'3465',NULL,NULL,E'0409 235 358',NULL,TRUE,FALSE),
      (265,109,E'Jason',E'Brown',E'17 Raglan St',E'Maryborough',E'VIC',E'3465',NULL,NULL,NULL,NULL,TRUE,FALSE),
      (266,157,E'Andy',E'Gary',NULL,E'Kerang',E'VIC',E'3579',NULL,NULL,NULL,NULL,TRUE,FALSE),
      (267,157,E'Steve',E'Hicks',NULL,E'Kerang',E'VIC',E'3579',NULL,NULL,NULL,NULL,TRUE,FALSE),
      (268,158,E'Ross',E'Stanton',E'1610 Cohuna Koondrook Rd',E'Cohuna',E'VIC',E'3568',NULL,NULL,E'0417 515 769',E'ross.stanton@gmwater.com.au',TRUE,FALSE),
      (269,159,E'Geoff',E'McNeil',E'Westblade Rd',E'Myall',E'VIC',E'3579',NULL,NULL,NULL,NULL,TRUE,FALSE),
      (270,160,E'David',E'Sinclair',E'190 Pratt Rd',E'Kerang',E'VIC',E'3579',NULL,NULL,E'0428 921 783',NULL,TRUE,FALSE),
      (271,160,E'John',E'Burns',NULL,E'Swan Hill',E'VIC',E'3585',NULL,NULL,E'0428 936 220',NULL,TRUE,FALSE),
      (272,161,E'Jarrad',E'Myers',E'67 Murray St',E'Kerang',E'VIC',E'3579',NULL,NULL,E'0437 070 829',E'jarred485@gmail.com',TRUE,FALSE),
      (273,162,E'Rachel',E'Landers',E'143 Dunbar Rd',E'Murrabit',E'VIC',E'3579',E'03 5457 2328',NULL,E'0427 194 147',NULL,TRUE,FALSE),
      (274,162,E'Rohan',E'Manners',NULL,NULL,E'VIC',NULL,NULL,NULL,NULL,NULL,TRUE,FALSE),
      (275,77,E'Josh',E'Bray',E'73 Nolan st',E'Kerang',E'VIC',E'3579',NULL,NULL,E'0428994891',E'josh@mcknightbray.com.au',TRUE,FALSE),
      (276,163,E'Peter',E'Palmer',E'65 Cohen St',E'Rochester',E'VIC',E'3561',NULL,NULL,E'0417 336 404',NULL,FALSE,FALSE),
      (277,164,E'Phil',E'Frichot',E'38 Park St',E'Bendigo',E'VIC',E'3550',NULL,NULL,NULL,NULL,TRUE,FALSE),
      (278,165,E'Robyn',E'Cunington',NULL,E'Bendigo',E'VIC',E'3550',NULL,NULL,NULL,NULL,TRUE,FALSE),
      (279,166,E'John',E'Peck',NULL,E'Kerang',E'VIC',E'3579',NULL,NULL,NULL,NULL,FALSE,FALSE),
      (280,166,E'Dean',E'Moore',NULL,NULL,E'VIC',NULL,NULL,NULL,NULL,NULL,FALSE,FALSE),
      (281,167,E'Russel',E'Anderson',E'Ashwin Rd',E'Myall',E'VIC',E'3579',NULL,NULL,NULL,NULL,FALSE,FALSE),
      (282,167,E'Bernie',E'Monahan',NULL,E'Myall',E'VIC',E'3579',NULL,NULL,NULL,NULL,FALSE,FALSE),
      (283,168,E'Kristian',E'Bray',E'161 Boundary St',E'Kerang',E'VIC',E'3579',NULL,NULL,E'0427 421 018',E'eggbray@hotmail.com',FALSE,FALSE),
      (284,18,E'Nathan',E'Henry',E'129 Victoria St ',E'Kerang',E'VIC',E'3579',NULL,NULL,E'0407362408',E'nats08@gmail.com',TRUE,FALSE),
      (1001,78,E'Archer',E'McKnight',E'94 Fitzroy Street',E'Kerang',E'VIC',E'3579',NULL,NULL,E'0428572377',E'brent@mcknightbray.com.au',TRUE,TRUE),
      (1002,89,E'Nathan',E'Gilbert',E'5 lisa place ',E'wallan',E'VIC',E'3756',NULL,NULL,E'0458230615',E'g.a.gilbert@bigpond.com',TRUE,TRUE),
      (1003,132,E'Clancy',E'Leahy',NULL,NULL,E'VIC',NULL,NULL,NULL,NULL,NULL,TRUE,TRUE),
      (1004,132,E'Thomas',E'Leahy',NULL,NULL,E'VIC',NULL,NULL,NULL,NULL,NULL,TRUE,TRUE),
      (1005,101,E'Alister',E'Semmler',E'1751 Koondrook Murrabit Rd',E'Murrabit',E'VIC',E'3579',E'5457 2295',NULL,NULL,NULL,TRUE,TRUE),
      (1006,99,E'Tyson',E'Heffer',E'516 Murrabit West Rd',E'Murrabit',E'VIC',E'3579',NULL,NULL,NULL,NULL,TRUE,TRUE),
      (1007,32,E'Todd',E'Frankling',E'PO Box 36',E'Murrabit',E'VIC',E'3579',NULL,NULL,NULL,E'juliefrankling@bigpond.com',TRUE,TRUE),
      (1008,75,E'Lachlan',E'Klemm',E'133 jamouneau st ',E'warracknabeal',E'VIC',E'3393',NULL,NULL,NULL,E'lesta2@bigpond.com',TRUE,TRUE),
      (1009,79,E'Ben',E'Fox',E'4148 Donald Swan Hill Rd',E'Goschen',E'VIC',E'3585',NULL,NULL,NULL,E'callyung@bigpond.com',TRUE,TRUE),
      (1010,61,E'Sean',E'Gillen',E'2283 Murray valley Hwy',E'Lake Charm',E'VIC',E'3581',NULL,NULL,E'0418500397',E'opgill@westnet.com.au',TRUE,TRUE),
      (1011,117,E'Bailey',E'Dixon',E'14 Waugh St',E'Charlton',E'VIC',E'3525',E'03 5491 1153',NULL,NULL,NULL,TRUE,TRUE),
      (1012,117,E'Connor',E'Hooper',E'14 Waugh St',E'Charlton',E'VIC',E'3525',E'03 5491 1153',NULL,NULL,NULL,TRUE,TRUE),
      (289,107,E'Jack',E'Kelly',E'"Leskenfere"',E'Barham',E'VIC',E'2732',NULL,NULL,NULL,NULL,TRUE,TRUE),
      (290,107,E'Tom',E'Kelly',E'"Leskenfere"',E'Barham',E'VIC',E'2732',NULL,NULL,NULL,NULL,TRUE,TRUE),
      (1015,45,E'Toby',E'Lambert',E'241 dicksons Rs',E'cohuna ',E'VIC',E'3568',NULL,NULL,E'0499006638',E'beaulambert@hotmail.com',TRUE,TRUE),
      (1016,144,E'Kane',E'Dixon',NULL,E'Donald',E'VIC',E'3480',NULL,NULL,NULL,NULL,TRUE,TRUE),
      (1017,70,E'Sky',E'Haley',E'5 miller street',E'Sebastopol',E'VIC',E'3356',NULL,NULL,NULL,E'katyandchris@bigpond.com',TRUE,TRUE),
      (1018,90,E'Tom',E'Bagg',E'2420 Hamilton Hwy',E'Inverleigh',E'VIC',E'3321',NULL,NULL,E'0438525032',E'Raeshelle80@hotmail.com',TRUE,TRUE),
      (1019,90,E'Jake',E'Bagg',E'2420 Hamilton Hwy',E'Inverleigh',E'VIC',E'3321',NULL,NULL,E'0438525032',E'raeshelle80@hotmail.com',TRUE,TRUE),
      (1020,163,E'Jack',E'Palmer',E'65 Cohen St',E'Rochester',E'VIC',E'3561',NULL,NULL,NULL,NULL,FALSE,TRUE),
      (1021,163,E'Charlie',E'Palmer',E'65 Cohen St',E'Rochester',E'VIC',E'3561',NULL,NULL,NULL,NULL,FALSE,TRUE);


-- Move to legacy schema
CREATE SCHEMA IF NOT EXISTS legacy_2015;
ALTER TABLE boat SET SCHEMA legacy_2015;
ALTER TABLE catch SET SCHEMA legacy_2015;
ALTER TABLE competitor SET SCHEMA legacy_2015;
