-- SQL Dump of murrabit-cod-challenge-2013.accdb
-- generated by MDB Viewer 2.2.7
-- optimized for PostgreSQL

SET NAMES 'UTF8';



DROP TABLE IF EXISTS "boat";

CREATE TABLE "boat" (
    "boat_id" INTEGER PRIMARY KEY,
    "name" TEXT,
    "registration_no" TEXT
);

INSERT INTO "boat"("boat_id","name","registration_no")
VALUES(6,E'Steven Peirce',NULL),
      (7,E'David Waddell',E'MH 420'),
      (8,E'Graham Rowland',NULL),
      (9,E'Terry Stacey',NULL),
      (10,E'Hookem',E'V61986'),
      (11,E'Brenden Fletcher',NULL),
      (12,E'David Stubbs',E'MX 904'),
      (13,E'Tracey Ridley',E'CS 355'),
      (14,E'Bruce Dunstan',NULL),
      (15,E'Crichton',NULL),
      (16,E'Parker & McFarlane',NULL),
      (17,E'Cod Almighty',E'MT 789'),
      (18,E'Matthew Fraser',E'LQ 671'),
      (19,E'Steam Launch',E'SL 000'),
      (20,E'Jamie Semmler',NULL),
      (21,E'Michael Daykin',E'PQ 609'),
      (22,E'Peter Shay',E'VE 193'),
      (23,E'Michael Morgav',NULL),
      (24,E'Spiteri & Blink',E'NU 305'),
      (25,E'David Wishart',E'NA 720'),
      (26,E'Dave Semmler',NULL),
      (27,E'Bill Hazen',E'GS 871'),
      (28,E'Hunter',NULL),
      (29,E'Daryl Carter',E'GS 301'),
      (30,E'Malcolm McBeath',E'HP 855'),
      (31,E'Dominic Wyholt',NULL),
      (32,E'Steve Pryor',E'FP 929'),
      (33,E'Adam Beardon',E'NR 714'),
      (34,E'Peter Buckell',E'QE 993'),
      (35,E'Scott Wilson',E'PN 478'),
      (36,E'Hollard & Laursen',E'LU 415'),
      (37,E'Trever Brown',E'GB 219'),
      (38,E'Peter Heffer',E'GV 368'),
      (39,E'Glenn Solomano',E'MH 563'),
      (40,E'Barry Gurnett',NULL),
      (41,E'Josh  Bray',NULL),
      (42,E'Gillingham',NULL),
      (43,E'Teneil Neville',NULL),
      (44,E'Stephen O\'Donoghue',E'PHY 802'),
      (45,E'Peter McDonald',NULL),
      (46,E'Paul Neivandt',NULL),
      (47,E'Neville Hunt',E'MW 766'),
      (48,E'Len Johnson',NULL),
      (49,E'Brendan Johnson',NULL),
      (50,E'Ricky Maher',E'GS 878'),
      (51,E'Vince Maher',E'JL 491'),
      (52,E'Matt Penny',NULL),
      (53,E'Dennis Greenwood',NULL),
      (54,E'Bruce Heritage',E'KT 674'),
      (55,E'Scott McNeil',NULL),
      (56,E'Hein',NULL),
      (57,E'Tim Millard',NULL),
      (58,E'Geoff McNeil',NULL),
      (59,E'Lucas & Wilson',E'GO 760'),
      (60,E'Khane McNeil',NULL),
      (61,E'Kerissa McNeil',NULL),
      (62,E'Cameron Munro',E'ZY 281'),
      (63,E'Wayne Neville',E'UN 564'),
      (64,E'Thompson, Olive & Fullford',E'PQ 325'),
      (65,E'Andrew Neal',NULL),
      (66,E'Daniel Fauaizo',E'PM 396'),
      (67,E'Ben Roberts',E'AN 000'),
      (68,E'Egg',NULL),
      (69,E'Stephen Swift',NULL),
      (70,E'Laurie Potler',NULL),
      (71,E'Peter O\'Brien',NULL),
      (72,E'Sam Randall',NULL),
      (73,E'Ross Stanton',NULL),
      (74,E'Brown & Johnson',E'MJ 30'),
      (75,E'Mitchell Laursen',NULL),
      (76,E'Simon Kelly',NULL),
      (77,E'Tim Wren',NULL),
      (78,E'David Carter',NULL),
      (79,E'Greg Maher',NULL),
      (80,E'Peter Height',E'CO 965'),
      (81,E'Matt Micallef',E'PN 670/DG 132'),
      (82,E'Ric Sarre',NULL),
      (83,E'Garry Finn',NULL),
      (84,E'Peter Ritchie',E'KB 728'),
      (85,E'Dale Hartley',E'QB 504'),
      (86,E'Greg Henery',E'KT 663'),
      (87,E'Chris Friswell',NULL),
      (88,E'Simon Morton',NULL),
      (89,E'Nathan Henry',NULL),
      (90,E'Rowan McKerrow',NULL),
      (91,E'Peter Colville',NULL),
      (93,E'Newton & Allen',E'CR 789'),
      (94,E'Shane Hamlyn-Harris',E'KG 768'),
      (95,E'Daniel Buckland',NULL),
      (96,E'Bollard & Duuoisin',E'QE 994'),
      (97,E'Geoff Rumbold',E'PY 823'),
      (98,E'Rodney & Sara Beer',E'PZ 474'),
      (99,E'Bill Hastie',NULL),
      (100,E'Heath Leggel',E'SJ 765'),
      (101,E'Geoff Fullford',NULL),
      (102,E'Glenn Orr',NULL),
      (103,E'Rachel Landers',E'AS 532'),
      (104,E'Keith Simmonds',E'WF 185'),
      (105,E'Dyer & Booth',NULL),
      (106,E'Robert Neill',E'EL 724'),
      (107,E'Jeremy Boag',E'KM 640'),
      (109,E'Kris Dixon',E'NV 889'),
      (110,E'Adrian Royston',NULL),
      (111,E'Tim Broad',NULL),
      (112,E'David Woodhouse',NULL),
      (113,E'Carmody & Griggins',E'MX 970'),
      (114,E'Sarah Perry',NULL),
      (115,E'Matthew Webb',NULL),
      (116,E'Alan Drechler',NULL),
      (117,E'Sharon McKenzie',NULL),
      (118,E'Brad Hein',NULL),
      (119,E'Brandon McKenna',NULL),
      (120,E'Daniel Whitehead',E'ND 341'),
      (121,E'Matt Coobes',NULL),
      (122,E'Brendan Hearps',NULL),
      (123,E'Jason Norton',E'CZ 838'),
      (124,E'Matheson & Hogan',E'WO 549'),
      (125,E'Daryl Bish',E'GN 871'),
      (126,E'Braydon Botheras',E'DY 471'),
      (127,E'Nick Coles',E'FN 444'),
      (128,E'Sharp & Bowen',E'PL 674'),
      (129,E'Trent Barri',NULL),
      (130,E'Dolan Bourke',E'FQ 777'),
      (131,E'Jack Dee',NULL),
      (132,E'Bernie Monahan',NULL),
      (133,E'Ash Hobson',NULL),
      (134,E'Michael Cook',NULL),
      (135,E'Jack Challis',E'PX 590'),
      (136,E'Wayne O\'Neill',E'DP 920'),
      (137,E'Andy Gray',NULL),
      (138,E'Cam Coulter',NULL),
      (139,E'Andrew Spitty',NULL),
      (140,E'Ron Harvey',NULL),
      (141,E'Rowan Frankling',E'JE 519'),
      (142,E'Max Carroll',NULL),
      (143,E'Rhys Neville',NULL),
      (144,E'Bede Price',NULL),
      (145,E'Neil Hopkins',NULL),
      (146,E'Darryl Bray',NULL),
      (147,E'John Brasher',E'SQ 777'),
      (148,E'Graham McKay',NULL),
      (149,E'Bagg & Broadhurst',NULL),
      (150,E'Tom & Darcy Hetherington',NULL),
      (151,E'Peter Hazeldene',NULL),
      (152,E'Peter Hammond',NULL),
      (153,E'Dick McLennan',NULL),
      (154,E'Collicoat',NULL),
      (155,E'Chic Dee',NULL),
      (156,E'Mick Stephin',NULL),
      (158,E'Shane Pace',NULL),
      (159,E'Craig McClusky',NULL),
      (160,E'Joel',NULL),
      (161,E'Gary McClusky',NULL),
      (162,E'Jeff Galea',NULL),
      (163,E'Scott McGowan',NULL),
      (164,E'Gary Napier',NULL),
      (165,E'Andrew McDonald',NULL),
      (166,E'Digger Peck',NULL),
      (167,E'Brian Wishart',NULL),
      (168,E'Greg Den Houting',NULL),
      (169,E'Alex Carton',NULL),
      (1,E'Daniel Nethercote',E'DO 676'),
      (2,E'Ray McNeil',NULL),
      (3,E'Jim Danson',NULL),
      (4,E'Jeff Gillingham',E'MD 392'),
      (5,E'Danson\'s',NULL);



DROP TABLE IF EXISTS "catch";

CREATE TABLE "catch" (
    "catch_id" INTEGER PRIMARY KEY,
    "fish_type" TEXT,
    "competitor_id" INTEGER,
    "size" DOUBLE PRECISION,
    "date" TIMESTAMP,
    "time" TIMESTAMP,
    "marshall" TEXT,
    "bait" TEXT,
    "location" TEXT
);

INSERT INTO "catch"("catch_id","fish_type","competitor_id","size","date","time","marshall","bait","location")
VALUES(86,E'Murray Cod',212,70.5,E'2013-03-17 00:00:00',E'1899-12-30 09:50:00',E'Peter McDonald',E'Lure',E'5km'),
      (87,E'Yellowbelly',5,32,E'2013-03-17 00:00:00',E'1899-12-30 08:30:00',E'Daniel Nethicoate',E'Shrimp',E'7km'),
      (88,E'Murray Cod',215,64,E'2013-03-17 00:00:00',E'1899-12-30 08:35:00',E'Daniel Nethicoate',E'Shrimp',E'7km'),
      (89,E'Murray Cod',252,65,E'2013-03-17 00:00:00',E'1899-12-30 10:25:00',E'Daniel Nethicoate',E'Lure',E'9km'),
      (90,E'Yellowbelly',225,40,E'2013-03-17 00:00:00',E'1899-12-30 11:00:00',E'Daniel Nethicoate',E'Shrimp',E'6km'),
      (91,E'Murray Cod',191,60,E'2013-03-17 00:00:00',E'1899-12-30 10:00:00',E'Daniel Nethicoate',E'Lure',E'6km'),
      (92,E'Murray Cod',104,72.5,E'2013-03-17 00:00:00',E'1899-12-30 08:15:00',E'Daniel Nethicoate',E'Lure',E'6km'),
      (93,E'Yellowbelly',220,35,E'2013-03-17 00:00:00',E'1899-12-30 09:00:00',E'Charlie Gillingham',E'Grub',E'10.5km'),
      (94,E'Yellowbelly',108,31,E'2013-03-17 00:00:00',E'1899-12-30 09:30:00',E'Charlie Gillingham',E'Shrimp',E'11km'),
      (95,E'Yellowbelly',170,39,E'2013-03-17 00:00:00',E'1899-12-30 09:31:00',E'Charlie Gillingham',E'Shrimp',E'11km'),
      (96,E'Yellowbelly',115,31.5,E'2013-03-17 00:00:00',E'1899-12-30 09:20:00',E'Charlie Gillingham',E'Worms',E'10km'),
      (97,E'Murray Cod',248,60,E'2013-03-17 00:00:00',E'1899-12-30 10:16:00',E'Charlie Gillingham',E'Grub',E'9km'),
      (98,E'Yellowbelly',165,32,E'2013-03-17 00:00:00',E'1899-12-30 10:45:00',E'Charlie Gillingham',E'Worms',E'10km'),
      (99,E'Yellowbelly',26,44,E'2013-03-17 00:00:00',E'1899-12-30 09:45:00',E'Brent McKnight',E'Shrimp',E'9km'),
      (1,E'Murray Cod',230,61,E'2013-03-16 00:00:00',E'1899-12-30 09:03:00',E'Nathan Henry',E'Cheese',E'1km'),
      (2,E'Yellowbelly',274,40,E'2013-03-16 00:00:00',E'1899-12-30 09:35:00',E'Nick Hein',E'Yabby',E'4km'),
      (3,E'Murray Cod',63,65,E'2013-03-16 00:00:00',E'1899-12-30 09:57:00',E'Nick Hein',E'Cheese',E'3km'),
      (4,E'Murray Cod',63,60,E'2013-03-16 00:00:00',E'1899-12-30 10:50:00',E'Nick Hein',E'Grub',E'3km'),
      (5,E'Murray Cod',161,66,E'2013-03-16 00:00:00',E'1899-12-30 11:15:00',E'Nick Hein',E'Lure',E'2km'),
      (6,E'Carp',38,60,E'2013-03-16 00:00:00',E'1899-12-30 12:23:00',NULL,E'Grub',E'2km'),
      (7,E'Carp',65,60,E'2013-03-16 00:00:00',E'1899-12-30 13:45:00',NULL,E'Cheese',E'3km'),
      (8,E'Yellowbelly',274,33.5,E'2013-03-16 00:00:00',E'1899-12-30 14:05:00',NULL,E'Shrimp',E'2km'),
      (9,E'Carp',274,58,E'2013-03-16 00:00:00',E'1899-12-30 14:05:00',NULL,E'Shrimp',E'2km'),
      (10,E'Yellowbelly',100,38,E'2013-03-16 00:00:00',E'1899-12-30 16:58:00',E'Nathan Henry',E'Worms',E'4km'),
      (11,E'Yellowbelly',165,33,E'2013-03-16 00:00:00',E'1899-12-30 08:22:00',E'Nathan Henry',E'Worms',E'8km'),
      (12,E'Yellowbelly',164,30,E'2013-03-16 00:00:00',E'1899-12-30 08:20:00',E'Nathan Henry',E'Worms',E'8km'),
      (13,E'Yellowbelly',43,30.5,E'2013-03-16 00:00:00',E'1899-12-30 09:19:00',E'Nathan Henry',E'Unknown',E'8km'),
      (14,E'Murray Cod',89,60,E'2013-03-16 00:00:00',E'1899-12-30 09:34:00',E'Nathan Henry',E'Cheese',E'8km'),
      (15,E'Yellowbelly',125,32,E'2013-03-16 00:00:00',E'1899-12-30 09:30:00',E'Nathan Henry',E'Shrimp',E'6km'),
      (16,E'Yellowbelly',188,31,E'2013-03-16 00:00:00',E'1899-12-30 09:47:00',E'Nathan Henry',E'Shrimp',NULL),
      (17,E'Carp',10,61,E'2013-03-16 00:00:00',E'1899-12-30 10:40:00',E'Nathan Henry',E'Shrimp',NULL),
      (18,E'Yellowbelly',42,40,E'2013-03-16 00:00:00',E'1899-12-30 11:13:00',E'Nathan Henry',E'Shrimp',NULL),
      (19,E'Yellowbelly',138,40.5,E'2013-03-16 00:00:00',E'1899-12-30 12:26:00',E'Matthew Webb',E'Shrimp',E'7km'),
      (20,E'Yellowbelly',42,31.5,E'2013-03-16 00:00:00',E'1899-12-30 12:36:00',E'Matthew Webb',E'Shrimp',E'8km'),
      (21,E'Yellowbelly',117,32.5,E'2013-03-16 00:00:00',E'1899-12-30 12:55:00',E'Matthew Webb',E'Shrimp',E'6km'),
      (22,E'Yellowbelly',117,31,E'2013-03-16 00:00:00',E'1899-12-30 12:57:00',E'Matthew Webb',E'Shrimp',E'6km'),
      (23,E'Carp',175,62,E'2013-03-16 00:00:00',E'1899-12-30 15:10:00',E'Camerson Coulter',E'Worms',E'8km'),
      (25,E'Carp',273,43,E'2013-03-16 00:00:00',E'1899-12-30 15:30:00',E'Camerson Coulter',E'Worms',E'7km'),
      (26,E'Carp',172,73.5,E'2013-03-16 00:00:00',E'1899-12-30 16:15:00',E'Camerson Coulter',E'Shrimp',E'7km'),
      (27,E'Murray Cod',272,69,E'2013-03-16 00:00:00',E'1899-12-30 16:30:00',E'Simon Ettershank',E'Lure',E'7km'),
      (28,E'Yellowbelly',308,32.5,E'2013-03-16 00:00:00',E'1899-12-30 17:10:00',E'Simon Ettershank',E'Shrimp',E'7km'),
      (29,E'Yellowbelly',221,32,E'2013-03-16 00:00:00',E'1899-12-30 08:31:00',E'Matthew Webb',E'Worms',E'12km'),
      (30,E'Yellowbelly',70,38,E'2013-03-16 00:00:00',E'1899-12-30 10:12:00',E'Josh Morrow',E'Worms/Shrimp',E'9km'),
      (31,E'Yellowbelly',221,43,E'2013-03-16 00:00:00',E'1899-12-30 10:28:00',E'Josh Morrow',E'Worms',E'10km'),
      (32,E'Yellowbelly',170,43.5,E'2013-03-16 00:00:00',E'1899-12-30 10:41:00',E'Josh Morrow',E'Shrimp',E'11km'),
      (33,E'Yellowbelly',70,32,E'2013-03-16 00:00:00',E'1899-12-30 11:15:00',E'Josh Morrow',E'Shrimp',E'9km'),
      (34,E'Yellowbelly',28,32,E'2013-03-16 00:00:00',E'1899-12-30 11:37:00',E'Josh Morrow',E'Shrimp',E'11km'),
      (35,E'Yellowbelly',173,33,E'2013-03-16 00:00:00',E'1899-12-30 11:50:00',E'Josh Morrow',E'Shrimp',E'11km'),
      (36,E'Yellowbelly',164,35,E'2013-03-16 00:00:00',E'1899-12-30 12:53:00',E'Brent McKnight',E'Worms',E'11km'),
      (38,E'Yellowbelly',165,31.5,E'2013-03-16 00:00:00',E'1899-12-30 13:18:00',E'Tim Millard',E'Worms',E'11km'),
      (39,E'Yellowbelly',27,30,E'2013-03-16 00:00:00',E'1899-12-30 13:30:00',E'Brent McKnight',E'Shrimp',E'12km'),
      (40,E'Carp',248,61,E'2013-03-16 00:00:00',E'1899-12-30 13:47:00',E'Brent McKnight',E'Grub',E'11km'),
      (41,E'Yellowbelly',115,34.5,E'2013-03-16 00:00:00',E'1899-12-30 14:21:00',E'Brent McKnight',E'Worms',E'11km'),
      (42,E'Yellowbelly',115,41,E'2013-03-16 00:00:00',E'1899-12-30 14:55:00',E'Brent McKnight',E'Worms',E'11km'),
      (43,E'Carp',47,63,E'2013-03-16 00:00:00',E'1899-12-30 15:06:00',E'Brent McKnight',E'Shrimp',E'12km'),
      (44,E'Carp',5,64.5,E'2013-03-16 00:00:00',E'1899-12-30 15:20:00',E'Rowan McKerrow',E'Shrimp',E'10km'),
      (45,E'Murray Cod',262,71,E'2013-03-16 00:00:00',E'1899-12-30 16:25:00',E'Rowan McKerrow',E'Lure',E'10km'),
      (46,E'Yellowbelly',164,34,E'2013-03-16 00:00:00',E'1899-12-30 16:20:00',E'Rowan McKerrow',E'Worms',E'11km'),
      (47,E'Carp',165,67,E'2013-03-16 00:00:00',E'1899-12-30 17:50:00',E'Rowan McKerrow',E'Worms',E'11km'),
      (49,E'Yellowbelly',126,32.5,E'2013-03-16 00:00:00',E'1899-12-30 13:50:00',E'Tim Wren',E'Yabby',E'3km'),
      (50,E'Murray Cod',63,65,E'2013-03-16 00:00:00',E'1899-12-30 15:15:00',E'Scott McNeil',E'Unknown',NULL),
      (52,E'Yellowbelly',67,36.5,E'2013-03-16 00:00:00',E'1899-12-30 14:02:00',E'Scott McNeil',E'Worms',E'1km'),
      (53,E'Yellowbelly',42,31,E'2013-03-16 00:00:00',E'1899-12-30 08:52:00',E'Daniel Nethicoate',E'Shrimp',E'9km'),
      (54,E'Carp',42,50,E'2013-03-16 00:00:00',E'1899-12-30 08:56:00',E'Daniel Nethicoate',E'Shrimp',E'9km'),
      (55,E'Yellowbelly',112,35,E'2013-03-16 00:00:00',E'1899-12-30 09:30:00',E'Daniel Nethicoate',E'Worms',E'11km'),
      (56,E'Carp',112,52,E'2013-03-16 00:00:00',E'1899-12-30 09:35:00',E'Daniel Nethicoate',E'Unknown',E'11km'),
      (57,E'Yellowbelly',28,42,E'2013-03-16 00:00:00',E'1899-12-30 09:48:00',E'Daniel Nethicoate',E'Shrimp',E'11km'),
      (58,E'Yellowbelly',42,30,E'2013-03-16 00:00:00',E'1899-12-30 10:05:00',E'Daniel Nethicoate',E'Shrimp',E'9km'),
      (59,E'Murray Cod',191,61,E'2013-03-16 00:00:00',E'1899-12-30 12:36:00',E'Daniel Nethicoate',E'Lure',E'7km'),
      (60,E'Murray Cod',191,66,E'2013-03-16 00:00:00',E'1899-12-30 13:04:00',E'Daniel Nethicoate',E'Lure',E'7km'),
      (61,E'Yellowbelly',138,41,E'2013-03-16 00:00:00',E'1899-12-30 13:30:00',E'Daniel Nethicoate',E'Shrimp',E'9km'),
      (62,E'Murray Cod',139,61,E'2013-03-16 00:00:00',E'1899-12-30 15:42:00',E'Daniel Nethicoate',E'Lure',E'5km'),
      (63,E'Yellowbelly',221,32,E'2013-03-16 00:00:00',E'1899-12-30 16:03:00',E'Daniel Nethicoate',E'Worms',E'4km'),
      (64,E'Yellowbelly',221,32,E'2013-03-16 00:00:00',E'1899-12-30 16:04:00',E'Daniel Nethicoate',E'Worms',E'4km'),
      (65,E'Murray Cod',46,64,E'2013-03-16 00:00:00',E'1899-12-30 16:11:00',E'Daniel Nethicoate',E'Yabby',E'5km'),
      (66,E'Murray Cod',204,63,E'2013-03-16 00:00:00',E'1899-12-30 16:18:00',E'Daniel Nethicoate',E'Yabby',E'5km'),
      (67,E'Yellowbelly',227,31.5,E'2013-03-16 00:00:00',E'1899-12-30 17:59:00',E'Daniel Nethicoate',E'Shrimp',E'3km'),
      (68,E'Yellowbelly',138,31,E'2013-03-16 00:00:00',E'1899-12-30 17:59:00',E'Daniel Nethicoate',E'Shrimp',E'4km'),
      (69,E'Carp',38,51.5,E'2013-03-16 00:00:00',NULL,E'Simon Kelly',E'Balls',E'6km'),
      (70,E'Carp',12,55,E'2013-03-16 00:00:00',NULL,E'Simon Kelly',E'Yabby',NULL),
      (71,E'Murray Cod',156,66,E'2013-03-16 00:00:00',NULL,E'Simon Kelly',E'Grub',E'5km'),
      (72,E'Yellowbelly',234,30,E'2013-03-16 00:00:00',E'1899-12-30 10:30:00',E'Chris Hunter',E'Grub',E'4km'),
      (73,E'Yellowbelly',255,32,E'2013-03-16 00:00:00',E'1899-12-30 10:45:00',E'Chris Hunter',E'Shrimp',E'4km'),
      (74,E'Yellowbelly',273,42,E'2013-03-16 00:00:00',E'1899-12-30 10:50:00',E'Chris Hunter',E'Worms',E'4km'),
      (76,E'Yellowbelly',126,32,E'2013-03-16 00:00:00',E'1899-12-30 13:18:00',E'Darby Stanton',E'Shrimp',E'1km'),
      (77,E'Yellowbelly',168,43,E'2013-03-16 00:00:00',E'1899-12-30 13:20:00',E'Darby Stanton',E'Lure',E'6km'),
      (78,E'Yellowbelly',126,33,E'2013-03-16 00:00:00',E'1899-12-30 13:30:00',E'Darby Stanton',E'Lure',E'1km'),
      (79,E'Yellowbelly',255,47,E'2013-03-16 00:00:00',E'1899-12-30 14:35:00',E'Darby Stanton',E'Shrimp',E'3km'),
      (80,E'Murray Cod',177,67,E'2013-03-16 00:00:00',E'1899-12-30 14:50:00',E'Darby Stanton',E'Shrimp',E'3km'),
      (81,E'Yellowbelly',108,37.5,E'2013-03-16 00:00:00',E'1899-12-30 14:30:00',E'Darby Stanton',E'Shrimp',E'4km'),
      (82,E'Yellowbelly',76,41.5,E'2013-03-17 00:00:00',E'1899-12-30 08:30:00',E'Scott McNeil',E'Lure',E'5km'),
      (83,E'Murray Cod',251,65.5,E'2013-03-17 00:00:00',E'1899-12-30 08:40:00',E'Scott McNeil',E'Cheese',E'5km'),
      (84,E'Murray Cod',63,61,E'2013-03-17 00:00:00',E'1899-12-30 08:45:00',E'Scott McNeil',E'Grub',E'5km'),
      (85,E'Yellowbelly',138,41,E'2013-03-17 00:00:00',E'1899-12-30 09:00:00',E'Scott McNeil',E'Shrimp',E'4km');



DROP TABLE IF EXISTS "competitor";

CREATE TABLE "competitor" (
    "competitor_id" INTEGER PRIMARY KEY,
    "boat_id" INTEGER,
    "firstname" TEXT,
    "surname" TEXT,
    "address" TEXT,
    "suburb" TEXT,
    "state" TEXT,
    "postcode" TEXT,
    "phone" TEXT,
    "fax" TEXT,
    "mobile" TEXT,
    "email" TEXT,
    "paid" BOOLEAN,
    "junior" BOOLEAN
);

INSERT INTO "competitor"("competitor_id","boat_id","firstname","surname","address","suburb","state","postcode","phone","fax","mobile","email","paid","junior")
VALUES(17,11,E'Brenden',E'Fletcher',E'4 Sweeney St',E'Bendigo',E'VIC',E'3550',E'03 54428853',NULL,E'0418513165',E'b.fletcher@latrobe.edu.au',TRUE,FALSE),
      (19,12,E'David',E'Stubbs',E'PO Box 226',E'Kerang',E'VIC',E'3579',E'03 54522525',NULL,E'0407506002',NULL,TRUE,FALSE),
      (20,13,E'Tracey',E'Ridley',E'52 Sussex St',E'Linton',E'VIC',E'3360',E'03 53447213',NULL,E'0419388486',E'ridley55@bigpond.com.au',TRUE,FALSE),
      (21,13,E'Merv',E'Ridley',E'52 Sussex St',E'Linton',E'VIC',E'3360',NULL,NULL,E'0438447290',NULL,TRUE,FALSE),
      (22,13,E'Bill',E'Redmond',E'c/o 52 Sussex St',E'Linton',E'VIC',E'3360',E'03 53449561',NULL,NULL,NULL,TRUE,FALSE),
      (23,14,E'Bruce',E'Dunstan',E'44 Nyora Rd',E'Eltham',E'VIC',E'3095',NULL,NULL,E'0413949027',E'bdunstan@ipstretch.com',TRUE,FALSE),
      (24,10,E'Rob',E'Hunter',E'PO Box 193',E'Elthan',E'VIC',E'3095',NULL,NULL,E'0409350175',NULL,TRUE,FALSE),
      (25,15,E'Craig',E'Crichton',NULL,NULL,NULL,NULL,NULL,NULL,NULL,NULL,TRUE,FALSE),
      (26,15,E'Wayne',E'Crichton',NULL,NULL,NULL,NULL,NULL,NULL,NULL,NULL,TRUE,FALSE),
      (27,16,E'Peter',E'Parker',E'146 Hannah Lane',E'Murrabit',E'VIC',E'3579',E'54572240',NULL,E'0427880949',NULL,TRUE,FALSE),
      (28,16,E'Rob',E'McFarlane',NULL,E'Lake Bogo',E'VIC',NULL,NULL,NULL,E'0428557450',NULL,TRUE,FALSE),
      (29,7,E'K.',E'Bluck',E'18 Hadley Drv',E'Wallan',E'VIC',E'3756',NULL,NULL,E'0438447103',E'kbluck@bigpond.net',TRUE,FALSE),
      (30,17,E'Michael',E'Reid',E'14 Hawkstone Road',E'Wyndham Vale',E'VIC',E'3024',NULL,NULL,E'0451671957',E'michael.reid@kuhn.com',TRUE,FALSE),
      (31,17,E'Jason',E'Bunting',E'199 Grant Street',E'Sebastopol',E'VIC',E'3356',NULL,NULL,E'0498141691',NULL,TRUE,FALSE),
      (32,18,E'Matthew',E'Fraser',E'14 Rossdale Drive',E'Eaglehawk',E'VIC',E'3556',NULL,NULL,E'042990534',E'sarah.mattfraser@bigpond.com',TRUE,FALSE),
      (33,18,E'Brendan',E'Gibson',E'5134 Birchip/Rainbow Road',E'Beulah',E'VIC',E'3395',E'03 53954237',NULL,E'0429954237',E'goodsie52@hotmail.com',TRUE,FALSE),
      (34,19,E'Scott',E'Wishart',E'135 Boundary St',E'Kerang',E'VIC',E'3579',E'54521963',E'54521964',E'0407628912',E'kcjoinery@bigpond.com',TRUE,FALSE),
      (35,19,E'Mick',E'Greer',E'91 Marne St',E'Kerang',E'VIC',E'3579',E'54503860',E'54521964',E'0428327570',NULL,TRUE,FALSE),
      (36,20,E'Jamie',E'Semmler',E'1751 Koondrook Murrabit Rd',E'Murrabit',E'VIC',E'3579',E'54572295',NULL,E'0411585716',E'semmcofarms@westnet.com.au',TRUE,FALSE),
      (37,20,E'Justin',E'Faint',NULL,E'Waterloo',E'SA',NULL,NULL,NULL,E'0438884238',NULL,TRUE,FALSE),
      (38,21,E'Michael',E'Daykin',E'80 Burgoyne St',E'Huntly',E'VIC',E'3551',NULL,NULL,E'0438243432',NULL,TRUE,FALSE),
      (39,21,E'Paul',E'Wheelhouse',E'22 McIvor Forest Drive',E'Junortoun',E'VIC',E'3551',NULL,NULL,E'0427353093',NULL,TRUE,FALSE),
      (40,22,E'Peter',E'Shay',E'116 Queens Ave',E'Maryborough',E'VIC',E'3465',NULL,NULL,E'0427612790',NULL,TRUE,FALSE),
      (41,23,E'Michael Russ',E'Morgav',E'18 Heysen Drv',E'Sunbury',E'VIC',E'3429',NULL,NULL,E'0433972760',NULL,TRUE,FALSE),
      (42,24,E'Kevin',E'Spiteri',E'33 Bakewell St',E'Bendigo',E'VIC',E'3550',E'54443503',NULL,E'0438428714',NULL,TRUE,FALSE),
      (43,24,E'Mark',E'Blink',E'220 Eaglehawk Rd',E'Longgully',E'VIC',E'3556',NULL,NULL,E'0437431191',NULL,TRUE,FALSE),
      (44,25,E'David',E'Wishart',E'4 Viola Road',E'Huntly',E'VIC',E'3551',E'54488628',NULL,E'0448700320',NULL,TRUE,FALSE),
      (45,25,E'Ashley',E'McKerrow',E'16 Kennewell St',E'Whitehills',E'VIC',E'3550',NULL,NULL,E'0400807385',NULL,TRUE,FALSE),
      (46,26,E'Dave',E'Semmler',E'106 Begelhole Rd',E'Murrabit',E'VIC',E'3579',E'54572470',E'54572470',E'0427575255',NULL,TRUE,FALSE),
      (47,27,E'Bill',E'Hazen',NULL,E'Murrabit',E'VIC',E'3579',E'54572213',NULL,NULL,NULL,TRUE,FALSE),
      (48,27,E'Rick',E'McKenzie',NULL,E'Murrabit',E'VIC',E'3579',E'54572213',NULL,NULL,NULL,TRUE,FALSE),
      (49,7,E'Gary',E'Gilbert',E'5 Lisa Place',E'Wallan',E'VIC',E'3756',E'03 57833348',NULL,E'0458230615',E'g.a.gilbert@bigpond.com',TRUE,FALSE),
      (302,7,E'Nathan',E'Gilbert',E'5 Lisa Place',E'Wallan',E'VIC',E'3756',NULL,NULL,NULL,NULL,FALSE,TRUE),
      (51,28,E'Melissa',E'Hunter',E'6 Dunlop St',E'Kerang',E'VIC',E'3579',NULL,NULL,E'0438381483',E'fowlzdub@bigpond.com',TRUE,FALSE),
      (52,28,E'Chris',E'Hunter',E'6 Dunlop St',E'Kerang',E'VIC',E'3579',NULL,NULL,E'0428171519',E'fowlzdub@bigpond.com',TRUE,FALSE),
      (1,1,E'Daniel',E'Nethercote',E'1093 Lake Charm Rd',E'Benjeroop',E'VIC',E'3579',NULL,NULL,E'0439396670',NULL,TRUE,FALSE),
      (2,2,E'Ray',E'McNeil',E'730 Myall Rd',E'Myall',E'VIC',E'3579',E'54570252',E'54570314',E'0458108028',E'hawkes.dale@bigpond.com',TRUE,FALSE),
      (3,3,E'Jim',E'Danson',E'174 Dunbar Road',E'Murrabit',E'VIC',E'3579',E'03 54572367',E'0354572357',E'0427572367',NULL,TRUE,FALSE),
      (4,4,E'Jeff',E'Gillingham',E'Lake Charm',E'Lake Charm',E'VIC',E'3581',NULL,NULL,E'0428500702',NULL,TRUE,FALSE),
      (5,4,E'Peter',E'Ladgrove',E'Cullen St',E'Kerang',E'VIC',E'3579',E'54522724',NULL,NULL,NULL,TRUE,FALSE),
      (6,5,E'Wes',E'Danson',E'Unit 3/40 Punt Rd',E'Barham',E'NSW',E'2732',NULL,NULL,E'0427887949',NULL,TRUE,FALSE),
      (7,5,E'Snow',E'Danson',E'1860 Koondrook Road',E'Kerang',E'VIC',E'3579',E'03 54572265',E'03 54572266',E'0459972266',NULL,TRUE,FALSE),
      (8,5,E'Andrew',E'Leahy',NULL,E'Murrabit',E'VIC',E'3579',NULL,NULL,NULL,NULL,TRUE,FALSE),
      (301,5,E'Aaron',E'Danson',E'40 Punt Rd',E'Barham',E'NSW',E'2732',NULL,NULL,NULL,NULL,FALSE,TRUE),
      (10,6,E'Steven',E'Peirce',E'64 Finlay Rd',E'Thurgoona',E'NSW',E'2640',NULL,NULL,E'0427788006',E's.peirce@hotmail.com',TRUE,FALSE),
      (11,6,E'Anthony',E'Harmer',NULL,E'Thurgoona',E'NSW',E'2640',NULL,NULL,E'0459800856',NULL,TRUE,FALSE),
      (12,7,E'David',E'Waddell',E'65 Station St',E'Wallan East',E'VIC',E'3756',NULL,NULL,E'0400669002',E'frog1974@hotmail.com',TRUE,FALSE),
      (13,8,E'Graham',E'Rowland',E'70 Dowling Ave',E'Hoppers Crossing',E'VIC',E'3029',NULL,NULL,E'0429372534',E'growland2009@hotmail.com',TRUE,FALSE),
      (14,8,E'Caine',E'Mitchell',E'70 Dowling Ave',E'Hoppers Crossing',E'VIC',E'3029',NULL,NULL,NULL,NULL,TRUE,FALSE),
      (15,9,E'Terry',E'Stacey',NULL,NULL,NULL,NULL,NULL,NULL,NULL,NULL,TRUE,FALSE),
      (16,10,E'Micheal',E'Woods',E'PO Box 193',E'Eltham',E'VIC',E'3095',E'03 83397544',E'08 83397244',E'0427184794',E'mick@hookem.com.au',TRUE,FALSE),
      (18,10,E'Jim',E'Anderson',E'PO Box193',E'Eltham',E'VIC',E'3095',E'0383397544',E'08 83397244',E'0414552753',E'jim@anderwoods.com.au',TRUE,FALSE),
      (53,29,E'Daryl',E'Carter',E'49 Argyle Road',E'Maryborough',E'VIC',E'3465',E'03 54613741',NULL,E'0428613741',E'cartersengineering@gmail.com',TRUE,FALSE),
      (54,30,E'Malcom',E'McBeath',E'21 Katunga Nth Rd',E'Katunga',E'VIC',E'3640',NULL,NULL,E'0427096520',NULL,TRUE,FALSE),
      (55,31,E'Dominic',E'Wyholt',E'2 Martine Court',E'Hoppers Crossing',E'VIC',E'3029',E'97417276',NULL,E'0411606192',NULL,TRUE,FALSE),
      (56,32,E'Steve',E'Pryor',E'27 Lawson Drive',E'Moama',E'NSW',E'2731',NULL,NULL,E'0407509023',E'steve.pryor52@gmail.com',TRUE,FALSE),
      (57,32,E'Peter',E'Wyatt',E'Upper California Gully Rd',E'Eaglehawk',E'VIC',E'3550',NULL,NULL,E'0409422271',E'bhrpeter@hotmail.com',TRUE,FALSE),
      (58,33,E'Adam',E'Beardon',E'65 DysonsRd',E'Mandurang',E'VIC',E'3551',NULL,NULL,E'0427234054',E'adbeardon@powercor.com.au',TRUE,FALSE),
      (59,33,E'Des',E'Stakelum',E'168 Aspinal St',E'Kangaroo Flat',E'VIC',E'3551',NULL,NULL,E'0407877315',E'dtakelum@powercor.com.au',TRUE,FALSE),
      (60,34,E'Peter',E'Buckell',E'10 Botany Drive',E'Journtoun',E'VIC',E'3551',E'54393548',NULL,E'0401429382',NULL,TRUE,FALSE),
      (61,34,E'Damian',E'Dillon',E'290 Woodward Rd',E'Golden Square',E'VIC',E'3555',E'54427579',NULL,E'0406099744',NULL,TRUE,FALSE),
      (62,59,E'Scott',E'Wilson',E'9 David Ave',E'East Keilor',E'VIC',E'3033',E'93360121',NULL,E'0431628064',E'marbig30@bigpond.com',TRUE,FALSE),
      (63,36,E'Bill',E'Hollard',E'4 Station St',E'Koondrook',E'VIC',E'3580',E'54532786',NULL,NULL,NULL,TRUE,FALSE),
      (64,36,E'Dale',E'Laursen',E'Grigg Rd',E'Koondrook',E'VIC',E'3580',NULL,NULL,E'0409332015',NULL,TRUE,FALSE),
      (65,37,E'Trevor',E'Brown',E'467 Looker Road',E'Echuca Village',E'VIC',E'3564',E'03 54835241',NULL,E'0448835241',E'logiepark2@bigpond.com',TRUE,FALSE),
      (66,37,E'Daryl',E'Phillips',E'581 Looker Road',E'Echuca Village',E'VIC',E'3564',NULL,E'54835319',E'0413126442',NULL,TRUE,FALSE),
      (67,38,E'Peter',E'Heffer',E'516 Murrabit West Rd',E'Murrabit',E'VIC',E'3579',E'54572278',NULL,NULL,NULL,TRUE,FALSE),
      (68,38,E'Brian',E'Smith',E'514 Murrabit West Rd',E'Murrabit',E'VIC',E'3579',NULL,NULL,E'0417522060',NULL,TRUE,FALSE),
      (69,39,E'Glenn',E'Solomano',E'73 Eaglehawk Rd',E'Ironbark',E'VIC',E'3550',NULL,NULL,E'0418459985',E'glenn@eaglehawkhire.com.au',TRUE,FALSE),
      (70,39,E'Steve',E'Kelson',E'3/2 Smalley St',E'California Gully',E'VIC',E'3556',NULL,NULL,E'0419884993',NULL,TRUE,FALSE),
      (71,39,E'Neil',E'Butler',E'17 Allison St',E'Bendigo',E'VIC',E'3550',NULL,NULL,E'0418571971',NULL,TRUE,FALSE),
      (72,40,E'Barry',E'Gurnett',E'Box 5',E'Murrabit',E'VIC',E'3579',NULL,NULL,E'0435755335',NULL,TRUE,FALSE),
      (73,41,E'Josh',E'Bray',E'73 Nolan St',E'Kerang',E'VIC',E'3579',NULL,NULL,NULL,NULL,TRUE,FALSE),
      (74,42,E'Charlie',E'Gillingham',NULL,NULL,NULL,NULL,NULL,NULL,NULL,NULL,TRUE,FALSE),
      (75,42,E'Ben',E'Gillingham',NULL,NULL,NULL,NULL,NULL,NULL,NULL,NULL,TRUE,TRUE),
      (76,43,E'Teneil',E'Neville',E'53 Nugget St',E'Kerang',E'VIC',E'3579',E'54521125',NULL,NULL,NULL,TRUE,FALSE),
      (79,44,E'Stephen',E'O\'Donoghue',E'277 Murrabit West Road',E'Murrabit',E'VIC',E'3579',E'03 54572264',NULL,E'0418577238',E'burrpark@bigpond.com',TRUE,FALSE),
      (78,44,E'Leigh',E'Forster',E'92 Victoria Street',E'Pyramid Hill',E'VIC',E'3575',NULL,NULL,E'0427188339',NULL,TRUE,FALSE),
      (80,45,E'Peter',E'McDonald',E'207 Rosedale Rd',E'Myall',E'VIC',E'3579',E'545770362',NULL,E'0427346340',NULL,TRUE,FALSE),
      (81,9,E'Paul',E'Neivandt',E'198 McKenzie Rd',E'Kerang',E'VIC',E'3579',NULL,NULL,E'0429188308',NULL,TRUE,FALSE),
      (82,47,E'Neville',E'Hunt',E'6 Lovey Drive',E'White Hill',E'VIC',E'3550',E'54484892',NULL,NULL,E'nhunt@powercor.com.au',TRUE,FALSE),
      (83,47,E'Mathew',E'Forster',E'3 Egans Rd',E'Huntly',E'VIC',E'3551',E'54488910',NULL,E'0400998411',NULL,TRUE,FALSE),
      (84,48,E'Len',E'Johnson',E'24 Majorca Rd',E'Maryborough',E'VIC',E'3465',NULL,NULL,NULL,NULL,TRUE,FALSE),
      (85,49,E'Brendan',E'Johnson',E'92 Nelson St',E'Maryborough',E'VIC',E'3465',NULL,NULL,E'0439341815',E'johnsoncaravans@tpg.com.au',TRUE,FALSE),
      (86,49,E'Aaron',E'Graham',E'Mosquito Rd',E'Maryborough',E'VIC',E'3465',NULL,NULL,E'0458626636',NULL,TRUE,FALSE),
      (87,50,E'Rick',E'Maher',NULL,E'Murrabitc',E'VIC',E'3579',NULL,NULL,E'0408596704',NULL,TRUE,FALSE),
      (88,50,E'Greg',E'Maher',E'20 Gonn Ave',E'Murrabit',E'VIC',E'3579',E'54572293',NULL,E'0408500988',NULL,TRUE,FALSE),
      (89,51,E'Vince',E'Maher',E'Gonn Ave',E'Murrabit',E'VIC',E'3579',E'54572220',NULL,E'0408596703',NULL,TRUE,FALSE),
      (90,51,E'Peter',E'McCann',E'2 Danson St',E'Murrabit',E'VIC',E'3579',E'54572222',NULL,E'0402358501',NULL,TRUE,FALSE),
      (91,52,E'Matt',E'Penny',E'2/14 Sherwood Drive',E'Flora Hill',E'VIC',E'3550',NULL,NULL,E'0417324242',E'mpenny@powercor.com.au',TRUE,FALSE),
      (92,52,E'Ryan',E'Nelson',E'20 Mockridge Drive',E'Kangaroo Flat',E'VIC',E'3555',NULL,NULL,E'0409358066',E'rynelson@powercor.com.au',TRUE,FALSE),
      (93,53,E'Dennis',E'Greenwood',E'3 Airport Rd',E'Kerang',E'VIC',E'3579',E'03 54503711',E'03 54503722',E'0439503723',E'ford@arnoldtgreenwoodl.com.au',TRUE,FALSE),
      (239,54,E'Bruce',E'Heritage',E'243 Ashwin Rd',E'Murrabit',E'VIC',E'3579',E'54570300',NULL,E'0428862218',NULL,TRUE,FALSE),
      (94,54,E'Maurice',E'O\'Brien',E'29 Perth St',E'Benella',E'VIC',E'3672',NULL,NULL,NULL,NULL,TRUE,FALSE),
      (95,54,E'Don',E'O\'Brien',NULL,NULL,NULL,NULL,NULL,NULL,NULL,NULL,TRUE,FALSE),
      (96,55,E'Scott',E'McNeil',E'918 Myall Rd',E'Myall',E'VIC',E'3579',NULL,NULL,E'0419561126',NULL,TRUE,FALSE),
      (97,55,E'B, K & J',E'McNeil',E'918 Myall Rd',E'Myall',E'VIC',E'3579',NULL,NULL,NULL,NULL,TRUE,TRUE),
      (98,56,E'Nick',E'Hein',NULL,E'Myall',E'VIC',E'3579',E'54570265',NULL,E'0409533153',NULL,TRUE,FALSE),
      (99,118,E'Brad',E'Hein',NULL,E'Myall',E'VIC',E'3579',E'54570229',NULL,E'0409570241',NULL,TRUE,FALSE),
      (100,57,E'Tim',E'Millard',E'75 Cassidy Lane',E'Koondrook',E'VIC',E'3580',E'03 54533717',NULL,E'0417346431',E'timwmillard@gmail.com',TRUE,FALSE),
      (101,58,E'Geoff',E'McNeil',E'128 Westblade Rd',E'Myall',E'VIC',E'3579',E'03 54570282',E'03 54570365',E'0428570282',NULL,TRUE,FALSE),
      (104,59,E'Peter',E'Lucas',E'7 Davis Crt',E'Shepparton',E'VIC',E'3630',NULL,NULL,E'0421633308',NULL,TRUE,FALSE),
      (102,60,E'Khane',E'McNeil',E'128 Westblade Rd',E'Myall',E'VIC',E'3579',E'03 54570282',E'03 54570363',NULL,NULL,TRUE,FALSE),
      (103,61,E'Nerissa',E'McNeil',E'128 Westblade Rd',E'Myall',E'VIC',E'3579',E'03 54570282',E'03 54570363',E'0400849274',NULL,TRUE,FALSE),
      (105,62,E'Cameron',E'Munro',E'9 Koondrook Lane',E'Junortoun',E'VIC',E'3551',NULL,NULL,E'0409546534',E'cam.munro@hotmail.com',TRUE,FALSE),
      (106,62,E'Adam',E'Malone',E'1 Datson Place',E'Junortoun',E'VIC',E'3551',NULL,NULL,E'0400907008',E'adammalone1@hotmail.com',TRUE,FALSE),
      (107,63,E'Wayne',E'Neville',E'53 Nugget St',E'Kerang',E'VIC',E'3579',E'54521125',NULL,E'0407557335',E'tigenev@hotmail.com',TRUE,FALSE),
      (108,64,E'Colin',E'Thompson',E'673 River Rd',E'Murrabit West',E'VIC',E'3579',E'54572225',NULL,E'0407865276',NULL,TRUE,FALSE),
      (109,64,E'Lindsay',E'Oliver',E'Hocking Dve',E'Swan Hill',E'VIC',NULL,E'50323319',NULL,E'0428533861',NULL,TRUE,FALSE),
      (110,65,E'Andrew',E'Neal',E'21 Grant Ave',E'Gisborne',E'VIC',E'3437',NULL,E'54207',NULL,NULL,TRUE,FALSE),
      (111,65,E'Chris',E'Schembri',E'9 Francis Cresent',E'Gisborne',E'VIC',E'3437',NULL,NULL,E'0417338604',E'chrisjschembri@hotmail.com',TRUE,FALSE),
      (112,66,E'Daniel',E'Favaro',E'26 Farrell Streeet',E'New Gisborne',E'VIC',E'3438',NULL,NULL,E'0434552640',E'danielfauaizo@live.com.au',TRUE,FALSE),
      (113,66,E'James',E'Bailey',E'209 Sheedy Road',E'Gisborne',E'VIC',E'3437',NULL,NULL,E'0437035180',E'james_187@live.com.au',TRUE,FALSE),
      (114,67,E'Ben',E'Roberts',E'42 Kilmore Rd',E'Gisborne',E'VIC',E'3437',NULL,NULL,E'0401542496',E'brobertsplumbing@bigpond.com',TRUE,FALSE),
      (115,67,E'Dean',E'Cummings',E'PO Box 947',E'Gisborne',E'VIC',E'3437',NULL,NULL,E'0400052901',E'reelhomes@gmail.com',TRUE,FALSE),
      (116,68,E'Kristian',E'Bray',NULL,E'Kerang',E'VIC',E'3579',NULL,NULL,NULL,NULL,FALSE,FALSE),
      (117,69,E'Stephen',E'Swift',E'Fitzpatricks Rd',E'Kerang',E'VIC',E'3579',NULL,NULL,E'0419720539',NULL,TRUE,FALSE),
      (118,70,E'Laurie',E'Potter',E'30 Park St',E'Dimboola',E'VIC',E'3414',NULL,NULL,E'0419720539',NULL,TRUE,FALSE),
      (119,71,E'Peter',E'O\'Brien',E'24 Vaughan St',E'Kerang',E'VIC',E'3579',E'54521320',E'54503893',E'0418539202',E'kerangrefrig@westnet.comm.au',TRUE,FALSE),
      (303,71,E'Grady',E'O\'Brien',E'24 Vaughan St',E'Kerang',E'VIC',E'3579',NULL,NULL,NULL,NULL,FALSE,TRUE),
      (121,72,E'Sam',E'Randall',E'64 Lood Rd',E'Koondrook',E'VIC',E'3580',NULL,NULL,E'0409174827',NULL,FALSE,FALSE),
      (122,72,E'John',E'Parsons',NULL,NULL,NULL,NULL,NULL,NULL,E'0431695383',NULL,FALSE,FALSE),
      (123,73,E'Ross',E'Stanton',E'1610 Cohuna-Koondrook Rd',E'Cohuna',E'VIC',E'3568',NULL,NULL,E'0417515769',NULL,TRUE,FALSE),
      (124,73,E'Darby',E'Stanton',E'1610 Cohuna-Koondrook-Rd',E'Cohuna',E'VIC',E'3568',NULL,NULL,E'0417515769',NULL,TRUE,FALSE),
      (125,74,E'Jason',E'Brown',E'71 Raglan St',E'Maryborough',E'VIC',E'3465',NULL,NULL,E'040750177',NULL,TRUE,FALSE),
      (126,74,E'Matt',E'Johnson',E'30 Logari St',E'Maryborough',E'VIC',E'3465',NULL,NULL,E'040923535',NULL,TRUE,FALSE),
      (127,75,E'Mitchell',E'Laursen',E'6 Danson St',E'Murrabit',E'VIC',E'3579',E'03 54572290',NULL,E'0458188771',E'mlaurso47@gmail.com',TRUE,FALSE),
      (128,76,E'Simon',E'Kelly',NULL,NULL,NULL,NULL,NULL,NULL,NULL,NULL,TRUE,FALSE),
      (129,77,E'Tim',E'Wren',E'P.O. Box 350',E'Kerang',E'VIC',E'3579',E'0438691778',E'timdianne@myacn.net.au',NULL,NULL,TRUE,FALSE),
      (130,78,E'David',E'Carter',E'42 Poole St',E'Maryborough',E'VIC',E'3465',E'03 54613669',NULL,E'0488408400',E'chivas5@bigpond.com',TRUE,FALSE),
      (304,78,E'Declan',E'Carter',E'42 Poole St',E'Maryborough',E'VIC',E'3465',E'03 54613669',NULL,NULL,NULL,FALSE,TRUE),
      (132,79,E'Greg',E'Maher',E'143 Reservoir Road',E'Bendigo',E'VIC',E'3550',E'54412457',NULL,E'0418538897',NULL,TRUE,FALSE),
      (133,79,E'Mick',E'McKenna',E'37 Stephenson Street',E'Huntly',E'VIC',E'3551',E'54488018',NULL,E'0407539559',NULL,TRUE,FALSE),
      (134,80,E'Peter',E'Height',E'269 Brown Road',E'Echuca Village',E'VIC',E'3564',E'54835306',NULL,E'0408505426',E'height16@bigpond.com',TRUE,FALSE),
      (135,80,E'James',E'Gouling',E'161 R Peaces Road',E'Leichville',E'VIC',E'3567',E'54567308',NULL,E'0418568969',NULL,TRUE,FALSE),
      (137,81,E'Matt',E'Micallef',E'9 Church Street',E'Murrabit',E'VIC',E'3579',NULL,NULL,E'0418375117',NULL,TRUE,FALSE),
      (136,81,E'Rob',E'Malseed',E'10 Church Street',E'Murrabit',E'VIC',E'3579',NULL,NULL,E'0400533460',NULL,TRUE,FALSE),
      (138,82,E'Rick',E'Sarre',E'2573 Murray Valley Hwy',E'Lake Charm',E'VIC',NULL,E'54579214',NULL,E'0429091295',NULL,TRUE,FALSE),
      (139,83,E'Garry',E'Finn',NULL,E'Hay',E'NSW',NULL,NULL,NULL,NULL,NULL,TRUE,FALSE),
      (140,83,E'Jock',E'Dunn',NULL,E'Hay',E'NSW',NULL,NULL,NULL,NULL,NULL,TRUE,FALSE),
      (141,84,E'Peter',E'Ritchie',E'13 Oellar St',E'Swan Hill',E'VIC',E'3585',E'03 50329491',NULL,E'0417573021',E'peterwritchie@mail.com',TRUE,FALSE),
      (142,84,E'Phil',E'Mason',E'c/- 13 Dellar St',E'Swan Hill',E'VIC',E'3585',E'50376623',NULL,E'0409808367',NULL,TRUE,FALSE),
      (143,85,E'Dale',E'Hartley',E'232 Hannah Lane',E'Gonn Crossing',E'VIC',E'3579',E'54572336',NULL,E'0429173889',E'dalehartley@bigpond.com',TRUE,FALSE),
      (146,86,E'Greg',E'Henry',E'324 Murrabit-West Rd',E'Gonn Crossing',E'VIC',E'3579',NULL,NULL,E'0418511953',NULL,TRUE,FALSE),
      (148,88,E'Simon',E'Morton',E'PO Box 10',E'Murrabit',E'VIC',E'3579',NULL,NULL,E'0408340568',NULL,FALSE,FALSE),
      (149,89,E'Nathan',E'Henry',E'129 Victoria St',E'Kerang',E'VIC',E'3579',NULL,NULL,E'0407362408',E'nats08@gmail.com',FALSE,FALSE),
      (150,89,E'Mark',E'Borthwick',E'44 Taig Ave',E'Kialla',E'VIC',E'3631',NULL,NULL,E'0421004497',NULL,FALSE,FALSE),
      (151,90,E'Rowan',E'McKerrow',E'174 McKerrow Rd',E'Benjeroop',E'VIC',E'3579',NULL,NULL,E'0427579202',NULL,FALSE,FALSE),
      (152,90,E'Kye',E'McKerrow',E'174 McKerrow Rd',E'Benjeroop',E'VIC',E'3579',NULL,NULL,NULL,NULL,FALSE,TRUE),
      (153,91,E'Peter',E'Colville',E'8 Trafalgar St',E'Kerang',E'VIC',E'3579',E'54522315',NULL,E'0428522315',E'bjvariety@bigpond.com',TRUE,FALSE),
      (154,97,E'Geoff',E'Rumbold',E'2175 Boort/Kerang Rd',E'Leaghur',E'VIC',E'3537',E'03 54554282',NULL,NULL,NULL,TRUE,FALSE),
      (155,93,E'Micheal',E'Newton',E'364 Mitchell Rd',E'Echuca Village',E'VIC',E'3564',NULL,NULL,E'0408505972',E'jobella123@gmail.com',TRUE,FALSE),
      (156,93,E'Geoffrey',E'Allen',E'River Avenue',E'Echuca Village',E'VIC',E'3564',NULL,NULL,E'0408505972',NULL,TRUE,FALSE),
      (157,94,E'Shane',E'Hamlyn-Harris',E'PO Box 65',E'Quambatook',E'VIC',E'3540',E'54571393',NULL,NULL,NULL,TRUE,FALSE),
      (158,94,E'Darryl',E'McKenzie',E'Kerang Rd',E'Quambatook',E'VIC',E'3540',E'54571204',NULL,E'0429809743',NULL,TRUE,FALSE),
      (159,95,E'Daniel',E'Buckland',E'1 Price St',E'Creswick',E'VIC',E'3363',NULL,NULL,E'0408657668',NULL,TRUE,FALSE),
      (160,96,E'Danny',E'Bollard',E'42 MacDougall Rd',E'Golden Square',E'VIC',E'3550',E'54443404',NULL,NULL,NULL,FALSE,FALSE),
      (161,96,E'Dion',E'Duuoisin',E'117 McQualters Rd',E'Raywood',E'VIC',E'3570',E'54361223',NULL,E'0457469015',NULL,FALSE,FALSE),
      (162,97,E'Jeff',E'Parker',E'PO Box 124',E'Boort',E'VIC',E'3537',NULL,NULL,E'0458886201',NULL,TRUE,FALSE),
      (163,97,E'Trevor',E'Sleeman',E'Myers Flat',E'Bendigo',E'VIC',NULL,NULL,NULL,E'0429434646',NULL,TRUE,FALSE),
      (164,98,E'Rodney',E'Beer',E'620 Sutton Street',E'Ballarat',E'VIC',E'3356',NULL,NULL,E'0422078688',NULL,FALSE,FALSE),
      (165,98,E'Sara',E'Beer',E'620 Sutton Street',E'Ballarat',E'VIC',E'3356',NULL,NULL,E'0422078688',NULL,FALSE,FALSE),
      (166,99,E'Bill',E'Hastie',NULL,E'Kerang',E'VIC',E'3579',NULL,NULL,E'0407521360',NULL,TRUE,FALSE),
      (167,100,E'Heath',E'Leggel',E'95 Lilac Ave',E'Kerang',E'VIC',E'3579',NULL,NULL,E'0402800324',E'heath@goblecontracting.com.au',TRUE,FALSE),
      (168,100,E'Harry',E'Turvey',E'5 Lyall Ave',E'Kerang',E'VIC',E'3579',NULL,NULL,E'0427521945',NULL,TRUE,FALSE),
      (169,64,E'Geoff',E'Fullford',NULL,E'Myall',E'VIC',E'3579',NULL,NULL,NULL,NULL,TRUE,FALSE),
      (170,64,E'David',E'Thompson',NULL,E'Murrabit',E'VIC',E'3579',NULL,NULL,NULL,NULL,TRUE,FALSE),
      (171,102,E'Glenn',E'Orr',E'154 Flowerday Lane',E'Murrabit West',E'VIC',E'3579',NULL,NULL,E'04285076228',NULL,TRUE,FALSE),
      (172,102,E'Daniel',E'Orr',E'154 Flowerday lane',E'Murrabit',E'VIC',E'3579',NULL,NULL,NULL,NULL,FALSE,FALSE),
      (173,103,E'Rachel',E'Landers',E'143 Dunbar Rd',E'Murrabit',E'VIC',E'3579',E'03 54572328',NULL,E'0427194147',NULL,FALSE,FALSE),
      (175,104,E'Keith',E'Simmonds',E'30 Browning Avenue',E'Murrabit',E'VIC',E'3579',NULL,NULL,E'0459531073',NULL,FALSE,FALSE),
      (176,104,E'Gary',E'Bergman',E'30 Browning Avenue',E'Murrabit',E'VIC',E'3579',NULL,NULL,E'0408287506',NULL,FALSE,FALSE),
      (177,105,E'Jack',E'Dyer',NULL,E'Murrabit',E'VIC',E'3579',NULL,NULL,NULL,NULL,FALSE,FALSE),
      (178,105,E'Kevin',E'Booth',NULL,E'Lake Boga',E'VIC',NULL,NULL,NULL,NULL,NULL,FALSE,FALSE),
      (179,106,E'Robert',E'Neill',E'45 Harrison Cres',E'Swan Hill',E'VIC',E'3585',NULL,NULL,E'0429050069',NULL,TRUE,FALSE),
      (180,106,E'Pauline',E'Neill',E'45 Harrison Cres',E'Swan Hill',E'VIC',E'3585',NULL,NULL,E'0429050069',NULL,TRUE,FALSE),
      (181,107,E'Jeremy',E'Boag',E'19 Lumsden St',E'Kilmore',E'VIC',E'3764',NULL,NULL,E'0438109717',E'jeremyboag@gmail.com',TRUE,FALSE),
      (182,107,E'Chase',E'Boag',E'19 Lumsden St',E'Kilmore',E'VIC',E'3764',NULL,NULL,E'0430421929',NULL,TRUE,FALSE),
      (183,109,E'Kris',E'Dixon',E'14 Waugh St',E'Charlton',E'VIC',E'3525',E'03 54911153',NULL,E'0427364566',E'krisso14@bigpond.com',TRUE,FALSE),
      (305,109,E'Bailey',E'Dixon',E'14 Waugh St',E'Charlton',E'VIC',E'3525',E'03 54911153',NULL,NULL,NULL,FALSE,TRUE),
      (186,110,E'Adrian',E'Royston',E'538 Masons Road',E'Mernda',E'VIC',E'3754',NULL,NULL,E'0402335608',E'a.royston@hotmail.com',TRUE,FALSE),
      (187,110,E'Gary',E'Westwood',E'29 William Street',E'Greensborough',E'VIC',E'3088',NULL,NULL,E'0411591285',NULL,TRUE,FALSE),
      (188,111,E'Tim',E'Broad',E'34 Pidgeon Gully Rd',E'Maryborough',E'VIC',E'3465',E'03 54612375',NULL,E'0427301119',NULL,TRUE,FALSE),
      (189,112,E'David',E'Woodhouse',E'1 Bayfield Drive',E'Elthem',E'VIC',E'3095',NULL,NULL,E'0407090238',NULL,TRUE,FALSE),
      (190,112,E'Tim',E'Woods',E'1 Bayfield Drive',E'Elthem',E'VIC',E'3095',NULL,NULL,E'0432347604',NULL,TRUE,FALSE),
      (191,113,E'Steve',E'Carmody',E'104 River Street',E'Corowa',E'NSW',E'2646',E'02 60330317',NULL,E'0448330317',E'goggyegg73@bigpond.com',TRUE,FALSE),
      (192,113,E'Erica',E'Griggins',E'104 River Street',E'Corowa',E'NSW',E'2646',E'02 60330317',NULL,E'0448330317',NULL,TRUE,FALSE),
      (193,114,E'Sarah',E'Perry',E'3 Buderim Crt',E'Maiden Gully',E'VIC',E'3551',E'54496194',NULL,E'0429192706',E'pezza03@hotmail.com',TRUE,FALSE),
      (194,114,E'Craig',E'Weston',E'21 Armon St',E'Chelsea Heights',E'VIC',E'3196',NULL,NULL,E'0409697063',NULL,TRUE,FALSE),
      (195,115,E'Matthew',E'Webb',E'14 Lyall Ave',E'Kerang',E'VIC',E'3579',NULL,NULL,E'0417318768',NULL,TRUE,FALSE),
      (196,115,E'Nathan',E'McKnight',E'19 Fitzpatrick Rd',E'Kerang',E'VIC',E'3579',NULL,NULL,E'0427572301',NULL,FALSE,FALSE),
      (199,117,E'Sharon',E'McKenzie',E'Foresore Caravan Park',E'Lake Charm',E'VIC',E'3581',E'54579212',NULL,NULL,E'harleysharon100@yahoo.com.au',TRUE,FALSE),
      (200,56,E'Jarrod',E'Ayres',E'34 Montgomery Cresent',E'Whitehills',E'VIC',E'3550',NULL,NULL,E'0437056456',NULL,TRUE,FALSE),
      (144,85,E'Max',E'Hartley',E'232 Hannah Lane',E'Gonn Crossing',E'VIC',E'3579',E'54572336',NULL,E'0466418204',NULL,TRUE,TRUE),
      (145,85,E'Will',E'Hartley',E'232 Hannah Lane',E'Gonn Crossing',E'VIC',E'3579',E'54572336',NULL,NULL,NULL,TRUE,TRUE),
      (306,109,E'Connor',E'Hooper',E'14 Waugh St',E'Charlton',E'VIC',E'3525',E'03 54911153',NULL,NULL,NULL,FALSE,TRUE),
      (201,119,E'Brandon',E'McKenna',E'37 Emmett St',E'Golden Square',E'VIC',E'3555',NULL,NULL,E'0400233844',E'brandonmckenna88@gmail.com',TRUE,FALSE),
      (202,119,E'Matthew',E'McKenna',E'37 Emmett St',E'Golden Square',E'VIC',E'3555',NULL,NULL,E'0435745402',NULL,TRUE,FALSE),
      (203,120,E'Daniel',E'Whitehead',E'100 High St',E'Rochester',E'VIC',E'3561',NULL,NULL,E'0409538666',E'da_whitehead@hotmail.com',TRUE,FALSE),
      (204,120,E'Trav',E'Hunter',E'10 Doyle St',E'Rochester',E'VIC',E'3561',E'54841426',NULL,E'0428531639',NULL,TRUE,FALSE),
      (205,121,E'Matt',E'Coobes',NULL,NULL,NULL,NULL,NULL,NULL,NULL,NULL,TRUE,FALSE),
      (206,121,E'Darly',E'Hearps',NULL,NULL,NULL,NULL,NULL,NULL,NULL,NULL,TRUE,FALSE),
      (207,122,E'Brendan',E'Hearps',NULL,NULL,NULL,NULL,NULL,NULL,NULL,NULL,TRUE,FALSE),
      (208,122,E'Dean',E'Moore',NULL,NULL,NULL,NULL,NULL,NULL,NULL,NULL,TRUE,FALSE),
      (209,123,E'Jason',E'Norton',E'PO Box 317',E'Lake Boga',E'VIC',E'3584',E'03 50372549',NULL,E'0427558645',NULL,TRUE,FALSE),
      (210,123,E'Chris',E'Norton',E'PO Box 317',E'Lake Boga',E'VIC',E'3584',E'03 50372549',NULL,E'0429144331',NULL,TRUE,FALSE),
      (211,124,E'Nigel',E'Matheson',E'Cnr Show & Mount',E'Wycheproof',E'VIC',E'3527',NULL,NULL,E'0407977748',NULL,TRUE,FALSE),
      (212,124,E'John',E'Hogan',E'Candlewood Drv',E'Strathfieldsaye',E'VIC',NULL,NULL,NULL,E'0429793799',NULL,TRUE,FALSE),
      (213,125,E'Daryl',E'Bish',E'34 Jubilee St',E'Wycheproof',E'VIC',E'3527',NULL,NULL,E'0457883170',NULL,TRUE,FALSE),
      (214,125,E'Jed',E'Bish',E'34 Jubilee St',E'Wycheproof',E'VIC',E'3527',NULL,NULL,E'0428937596',NULL,TRUE,FALSE),
      (216,126,E'Braydon',E'Botheras',E'1550 Birchip Wyche Rd',E'Narraport',E'VIC',E'3483',NULL,NULL,E'0429960498',NULL,TRUE,FALSE),
      (217,126,E'Jason',E'Coles',E'16 Mill Street',E'Wycheproof',E'VIC',E'3527',NULL,NULL,E'0408937513',NULL,TRUE,FALSE),
      (218,127,E'Nick',E'Coles',E'16 Mill St',E'Wycheproof',E'VIC',E'3527',NULL,NULL,E'0439662550',NULL,TRUE,FALSE),
      (219,127,E'Grant',E'Allan',E'Chapel St',E'Wycheproof',E'VIC',E'3527',NULL,NULL,E'0429881328',NULL,TRUE,FALSE),
      (220,128,E'Ben',E'Sharp',E'8 Brierly Ct',E'Sunbury',E'VIC',E'3429',E'03 97463127',NULL,E'0428555208',NULL,FALSE,FALSE),
      (221,128,E'Steven',E'Bowen',E'35 Racecourse Road',E'Riddells Creek',E'VIC',E'3431',E'03 54287116',NULL,E'0409287116',E'toddyofmddell@bigpond.com',FALSE,FALSE),
      (222,15,E'Trent',E'Barri',E'450 Somerset Park Road',E'Strathfieldsaye',E'VIC',E'3551',E'03 54395785',NULL,E'0431237066',E'trentbarri@gmail.com',TRUE,FALSE),
      (223,130,E'Dolan',E'Bourke',E'1 Jamieson Crt',E'Epping',E'VIC',E'3076',NULL,NULL,E'0422153305',E'dolanbourke@gmail.com',TRUE,FALSE),
      (224,130,E'Lisa',E'Ruedin',E'1 Jamieson Crt',E'Epping',E'VIC',E'3076',NULL,NULL,E'0407556305',E'lisa.ruedin@gmail.com',TRUE,FALSE),
      (307,131,E'Jack',E'Dee',NULL,E'Kerang',E'VIC',E'3579',NULL,NULL,NULL,NULL,FALSE,TRUE),
      (308,131,E'Josh',E'Martins',NULL,E'Lake Charm',E'VIC',E'3581',NULL,NULL,E'0411587445',NULL,FALSE,TRUE),
      (230,132,E'Bernie',E'Monahan',NULL,NULL,NULL,NULL,NULL,NULL,NULL,NULL,TRUE,FALSE),
      (231,132,E'Russell',E'Anderson',NULL,NULL,NULL,NULL,NULL,NULL,NULL,NULL,FALSE,FALSE),
      (232,133,E'Ash',E'Hobson',NULL,E'Murrabit',E'VIC',E'3579',NULL,NULL,NULL,NULL,FALSE,FALSE),
      (233,30,E'Michael',E'Cook',E'46 Browning Ave',E'Murrabit',E'VIC',E'3579',NULL,NULL,E'0429160751',NULL,TRUE,FALSE),
      (234,15,E'Tom',E'Shewen',NULL,NULL,NULL,NULL,NULL,NULL,NULL,NULL,TRUE,FALSE),
      (235,135,E'Jack',E'Challis',E'41 Hughes Lane',E'Murrabit',E'VIC',E'3579',E'54572494',NULL,E'0427570309',NULL,TRUE,FALSE),
      (236,135,E'Chris',E'Wagner',E'473 Tannery Lane',E'Strathfieldsaye',E'VIC',E'3551',E'54393668',NULL,E'0427413795',NULL,TRUE,FALSE),
      (237,136,E'Wayne',E'O\'Neill',E'138 Victoria St',E'Kerang',E'VIC',E'3579',E'54503533',NULL,E'0458291810',NULL,TRUE,FALSE),
      (238,136,E'Rob',E'Farby',E'43 North Street',E'Kerang',E'VIC',E'3579',E'54521904',NULL,E'0427391350',NULL,TRUE,FALSE),
      (240,137,E'Andy',E'Gray',NULL,E'Kerang',E'VIC',E'3579',NULL,NULL,NULL,NULL,TRUE,FALSE),
      (241,137,E'Steve',E'Hicks',NULL,NULL,NULL,NULL,NULL,NULL,NULL,NULL,TRUE,FALSE),
      (242,138,E'Cam',E'Coulter',E'49 Shadforth St',E'Kerang',E'VIC',E'3579',NULL,NULL,E'0438572335',NULL,TRUE,FALSE),
      (243,139,E'Andrew',E'Spitty',E'239 Stevenson Rd',E'Lake Charm',E'VIC',NULL,NULL,NULL,E'0434198083',NULL,FALSE,FALSE),
      (244,139,E'Joe',E'Stevenson',E'239 Stevenson Rd',E'Lake Charm',E'VIC',NULL,NULL,NULL,NULL,NULL,FALSE,FALSE),
      (245,140,E'Ron',E'Harvey',E'29 Yarrien St',E'Barham',E'NSW',E'3579',E'54532179',NULL,NULL,NULL,TRUE,FALSE),
      (246,141,E'Rowan',E'Frankling',E'335 Cobramunga Rd',E'Gonn',E'NSW',E'2732',NULL,E'54572355',E'0428841699',NULL,TRUE,FALSE),
      (309,141,E'Todd',E'Frankling',E'335 Cobramunga Rd',E'Gonn',E'NSW',E'2732',NULL,NULL,E'0428841699',NULL,FALSE,TRUE),
      (248,142,E'Max',E'Carrol',NULL,NULL,NULL,NULL,NULL,NULL,E'0419549152',NULL,TRUE,FALSE),
      (249,142,E'Ross',E'O\'Alton',NULL,NULL,NULL,NULL,NULL,NULL,E'0419549152',NULL,TRUE,FALSE),
      (250,142,E'Terry',E'Quinn',E'co Rowan Frankling',NULL,NULL,NULL,NULL,NULL,NULL,NULL,TRUE,FALSE),
      (251,143,E'Rhys',E'Neville',NULL,NULL,NULL,NULL,NULL,NULL,NULL,NULL,FALSE,FALSE),
      (252,144,E'Bede',E'Price',E'c/o Wychitella Railway Hotel',NULL,NULL,NULL,NULL,NULL,E'0416331778',NULL,TRUE,FALSE),
      (253,144,E'Barry',E'Price',NULL,NULL,NULL,NULL,NULL,NULL,NULL,NULL,TRUE,FALSE),
      (254,145,E'Neil',E'Hopkins',NULL,E'Murrabit',E'VIC',E'3579',NULL,NULL,NULL,NULL,TRUE,FALSE),
      (255,145,E'Danny',E'King',E'10 Bowles rd',E'Epson',E'VIC',NULL,NULL,NULL,NULL,NULL,TRUE,FALSE),
      (256,12,E'Colin',E'Stubbs',E'Moore St',E'Hamilton',E'VIC',NULL,NULL,NULL,NULL,NULL,TRUE,FALSE),
      (257,146,E'Darryl',E'Bray',NULL,NULL,NULL,NULL,NULL,NULL,NULL,NULL,TRUE,FALSE),
      (258,147,E'John',E'Brasher',E'PO Box 1138',E'Echuca',E'VIC',E'3564',E'54806921',E'54825096',E'0418641140',E'brash3110@gmail.com',TRUE,FALSE),
      (310,124,E'Kasie',E'Mathieson',NULL,NULL,NULL,NULL,NULL,NULL,NULL,NULL,FALSE,TRUE),
      (260,148,E'Graham',E'McKay',E'13 Wattle St',E'Koondrook',E'VIC',E'3580',E'54531129',NULL,E'0428509763',NULL,TRUE,FALSE),
      (261,149,E'Greg',E'Bagg',NULL,NULL,NULL,NULL,NULL,NULL,E'0438525032',NULL,FALSE,FALSE),
      (262,149,E'Chris',E'Broadhurst',NULL,NULL,NULL,NULL,NULL,NULL,E'0413828410',NULL,FALSE,FALSE),
      (264,150,E'Thomas',E'Hetherington',E'1 Albion St',E'Kennington',E'VIC',E'3550',NULL,NULL,E'0400150725',E'tjhetherington@latrobe.edu.au',TRUE,FALSE),
      (265,150,E'Darcy',E'Hetherington',E'1 Albion St',E'Kennington',E'VIC',E'3550',NULL,NULL,E'0400846219',NULL,TRUE,FALSE),
      (266,151,E'Peter',E'Hazeldene',NULL,NULL,NULL,NULL,NULL,NULL,NULL,NULL,TRUE,FALSE),
      (267,151,E'Peter',E'Clarke',NULL,NULL,NULL,NULL,NULL,NULL,NULL,NULL,TRUE,FALSE),
      (268,152,E'Peter',E'Hammond',NULL,NULL,NULL,NULL,NULL,NULL,NULL,NULL,FALSE,FALSE),
      (269,153,E'Dick',E'McLennan',E'7 McKenzie Cres',E'Wycheproof',E'VIC',NULL,NULL,NULL,E'0427370226',NULL,TRUE,FALSE),
      (270,153,E'Rhys',E'McLennan',NULL,NULL,NULL,NULL,NULL,NULL,NULL,NULL,TRUE,FALSE),
      (271,153,E'Dane',E'McLennan',NULL,NULL,NULL,NULL,NULL,NULL,NULL,NULL,TRUE,FALSE),
      (272,154,E'Graham',E'Collicoat',NULL,NULL,NULL,NULL,NULL,NULL,NULL,NULL,TRUE,FALSE),
      (273,NULL,E'Josh',E'Dwyer',NULL,NULL,NULL,NULL,NULL,NULL,NULL,NULL,TRUE,FALSE),
      (215,125,E'Max',E'Dillon',E'1437 Wycheproof Birchip Road',E'Naraport',E'VIC',E'3483',NULL,NULL,E'0417381830',NULL,TRUE,FALSE),
      (225,155,E'Chic',E'Dee',NULL,NULL,NULL,NULL,NULL,NULL,NULL,NULL,FALSE,FALSE),
      (226,156,E'Mick',E'Stephin',NULL,NULL,NULL,NULL,NULL,NULL,NULL,NULL,FALSE,FALSE),
      (227,156,E'Craig',E'Stephin',NULL,NULL,NULL,NULL,NULL,NULL,NULL,NULL,FALSE,FALSE),
      (50,159,E'Craig',E'McClusky',NULL,NULL,NULL,NULL,NULL,NULL,NULL,NULL,FALSE,FALSE),
      (120,160,E'Joel',E'McKenzie',NULL,NULL,NULL,NULL,NULL,NULL,NULL,NULL,TRUE,TRUE),
      (274,161,E'Gary',E'McClusky',NULL,NULL,NULL,NULL,NULL,NULL,NULL,NULL,TRUE,FALSE),
      (275,162,E'Jeff',E'Galea',NULL,NULL,NULL,NULL,NULL,NULL,NULL,NULL,FALSE,FALSE),
      (131,163,E'Scott',E'McGowan',NULL,NULL,NULL,NULL,NULL,NULL,NULL,NULL,TRUE,FALSE),
      (184,164,E'Gary',E'Napier',NULL,NULL,NULL,NULL,NULL,NULL,NULL,NULL,TRUE,FALSE),
      (185,165,E'Andrew',E'McDonald',NULL,NULL,NULL,NULL,NULL,NULL,NULL,NULL,TRUE,FALSE),
      (228,132,E'Digger',E'Peck',NULL,NULL,NULL,NULL,NULL,NULL,NULL,NULL,TRUE,FALSE),
      (229,167,E'Brian',E'Wishart',NULL,NULL,NULL,NULL,NULL,NULL,NULL,NULL,TRUE,FALSE),
      (247,168,E'Greg',E'Den Houting',NULL,NULL,NULL,NULL,NULL,NULL,NULL,NULL,FALSE,FALSE),
      (259,169,E'Alex',E'Carton',NULL,NULL,NULL,NULL,NULL,NULL,NULL,NULL,TRUE,FALSE),
      (174,169,E'Jack',E'Clark',NULL,NULL,NULL,NULL,NULL,NULL,NULL,NULL,TRUE,FALSE);


-- Move to legacy schema
CREATE SCHEMA IF NOT EXISTS legacy_2013;
ALTER TABLE boat SET SCHEMA legacy_2013;
ALTER TABLE catch SET SCHEMA legacy_2013;
ALTER TABLE competitor SET SCHEMA legacy_2013;
