-- SQL Dump of murrabit-cod-challenge-2012.mdb
-- generated by MDB Viewer 2.2.7
-- optimized for PostgreSQL

SET NAMES 'UTF8';



DROP TABLE IF EXISTS "boat";

CREATE TABLE "boat" (
    "boat_id" INTEGER PRIMARY KEY,
    "name" TEXT,
    "registration_no" TEXT
);

INSERT INTO "boat"("boat_id","name","registration_no")
VALUES(1,E'Phillips',E'DH 487'),
      (2,E'Danson',E'SNO 043'),
      (3,E'Gillingham',E'MD 992'),
      (4,E'Andrew-Dale-Brendan',E'KB 730'),
      (5,E'Drechsler',NULL),
      (6,E'Hazen-McKenzie',E'GS 871'),
      (7,E'Muz',NULL),
      (8,E'Holmberg',E'BK 443'),
      (9,E'Ridley',E'CS 533'),
      (10,E'Hamlyn-Harris',E'KG 768'),
      (11,E'McKenzie',NULL),
      (12,E'Shay',E'VE 193'),
      (13,E'Thompson',E'AAP 919 N'),
      (14,E'Spiteri',E'NU 305'),
      (16,E'Waddell',E'MH 420'),
      (17,E'Semmler-Faint',NULL),
      (18,E'Stacey',NULL),
      (19,E'Bray',NULL),
      (20,E'Levitt',E'MH 420'),
      (21,E'McBeath',E'HP 855'),
      (22,E'Neill',E'EL 724'),
      (23,E'Coobs',E'KT 739'),
      (24,E'Solommano',E'GF 920'),
      (25,E'Butler',E'MC 658'),
      (26,E'Powercor',E'ML 713'),
      (27,E'Rowland',NULL),
      (28,E'Mitchell',NULL),
      (30,E'Delamare',E'LU 404'),
      (31,E'O\'Donoghue',E'PY 802'),
      (32,E'Maher',E'GS 878'),
      (33,E'Heffer',E'GU 368 L'),
      (34,E'Heritage',E'KT 674'),
      (35,E'McNeil',NULL),
      (36,E'D. Carter',E'GS 301'),
      (37,E'Pryor',E'FP 929'),
      (38,E'Ritchie',NULL),
      (39,E'Parker',E'NF 714'),
      (40,E'Nyholt',NULL),
      (41,E'Hollard',E'LU 415'),
      (42,E'Dobie',NULL),
      (43,E'Mick & Wheels',NULL),
      (44,E'Ray McNeil',NULL),
      (45,E'Johnson',NULL),
      (46,E'Johnson & Graham',E'BJ 31'),
      (47,E'Carter',E'DC 336'),
      (48,E'Humphrey',E'GQ 820'),
      (50,E'Dub',NULL),
      (51,E'S.McKenzie',NULL),
      (53,E'Webby',E'LV 840'),
      (54,E'Eaglehawke Hire',E'MD 669'),
      (55,E'M. Johnson',E'MJ025'),
      (56,E'Heiny\'s',NULL),
      (57,E'Powercor #2',E'MW766'),
      (58,E'Peirce',E'ABE 237 N'),
      (59,E'Millard-McKnight',NULL),
      (60,E'Andy Gray',NULL),
      (61,E'Steve Hicks',NULL),
      (62,E'Stanton',E'HB 320'),
      (63,E'Dennis Greenwood',NULL),
      (64,E'Ben Gillingham',NULL),
      (65,E'Vince Maher',NULL),
      (66,E'Peter McCann',NULL),
      (67,E'Dick Bray',NULL),
      (68,E'Nathan McKnight',NULL),
      (69,E'Fitt',NULL),
      (70,E'Bagg',NULL),
      (71,E'Copper',NULL),
      (72,E'Norton',E'CZ 838'),
      (73,E'Allen',NULL),
      (74,E'Powercor #3',E'JT 373'),
      (75,E'Staggard',NULL),
      (76,E'Stubbs',E'MX 904'),
      (77,E'Neville',E'UN 264'),
      (78,E'Martin',E'DE 487'),
      (79,E'Parker-Rumbold',E'PY 823'),
      (80,E'Tuder-Douglas',E'MC 605'),
      (81,E'Hazeldene',NULL),
      (82,E'McKenna',E'EQ 453'),
      (83,E'Tim Wren',NULL),
      (84,E'Cummings-Sharp',NULL),
      (85,E'Stevenson-Chapman',E'WL 149'),
      (86,E'Gibson',NULL),
      (87,E'Fedele',NULL),
      (88,E'Copland',NULL),
      (89,E'Henry',NULL),
      (90,E'Rab',NULL),
      (91,E'Hartley',NULL),
      (92,E'Peace',NULL),
      (93,E'Hirst',NULL),
      (94,E'Mason',NULL),
      (95,E'Nats',NULL),
      (96,E'Spitty',NULL),
      (97,E'Pay',NULL),
      (98,E'Cooke',NULL),
      (99,E'McGowan',NULL),
      (100,E'Budda',NULL),
      (101,E'Hein',NULL),
      (102,E'McKerrow',NULL),
      (103,E'Vehlan',NULL),
      (104,E'McNeil',NULL),
      (105,E'Herbert-Bowen',NULL),
      (106,E'Wright',NULL),
      (107,E'Anderson',NULL),
      (108,E'Buckland-Clarke',NULL),
      (109,E'McKnight',NULL),
      (110,E'CR-JB-GMcK',NULL),
      (112,E'Nelson',NULL),
      (114,E'Frissa',NULL),
      (115,E'Brown',NULL),
      (116,E'Monaghan',NULL),
      (117,E'Murphy',NULL),
      (118,E'Rusty',NULL),
      (119,E'Etta',NULL),
      (120,E'McKenzie',NULL),
      (121,E'Hastie',NULL),
      (122,E'McMaster',NULL),
      (123,E'Teasa',NULL),
      (124,E'Ben Sharp',NULL),
      (125,E'Collicoat',NULL),
      (126,E'Hopkins',NULL),
      (127,E'Leigh Millard',NULL),
      (128,E'Campbell',NULL),
      (129,E'Morton',NULL),
      (130,E'Wilson',NULL),
      (131,E'Lightbody',NULL),
      (132,E'Hope',NULL),
      (133,E'Kelly',NULL),
      (134,E'Hein',NULL),
      (135,E'Dyer',NULL);



DROP TABLE IF EXISTS "catch";

CREATE TABLE "catch" (
    "catch_id" INTEGER PRIMARY KEY,
    "fish_type" TEXT,
    "competitor_id" INTEGER,
    "size" DOUBLE PRECISION,
    "date" TIMESTAMP,
    "time" TIMESTAMP,
    "marshall" TEXT,
    "bait" TEXT,
    "location" TEXT
);

INSERT INTO "catch"("catch_id","fish_type","competitor_id","size","date","time","marshall","bait","location")
VALUES(1,E'Murray Cod',67,46,E'2012-03-17 00:00:00',E'1899-12-30 08:10:00',E'Simon Kelly',E'Grub',E'3km'),
      (2,E'Yellowbelly',98,39.5,E'2012-03-17 00:00:00',E'1899-12-30 09:30:00',E'Simon Kelly',E'Worms',E'4km'),
      (3,E'Yellowbelly',75,41.5,E'2012-03-17 00:00:00',E'1899-12-30 09:40:00',E'Simon Kelly',E'Worms',E'4km'),
      (4,E'Yellowbelly',10,45.5,E'2012-03-17 00:00:00',E'1899-12-30 12:10:00',E'Brent McKnight',E'Shrimp',E'11km'),
      (5,E'Yellowbelly',40,33.5,E'2012-03-17 00:00:00',E'1899-12-30 13:00:00',E'Brent McKnight',E'Worms',E'10km'),
      (6,E'Carp',213,72,E'2012-03-17 00:00:00',E'1899-12-30 13:05:00',E'Brent McKnight',E'Shrimp',E'9km'),
      (7,E'Yellowbelly',213,31.5,E'2012-03-17 00:00:00',E'1899-12-30 13:30:00',E'Brent McKnight',E'Shrimp',E'10km'),
      (8,E'Murray Cod',172,41.5,E'2012-03-17 00:00:00',E'1899-12-30 15:22:00',E'Camerson Coulter',E'Worms',E'9km'),
      (9,E'Yellowbelly',10,40.5,E'2012-03-17 00:00:00',E'1899-12-30 15:35:00',E'Camerson Coulter',NULL,NULL),
      (10,E'Murray Cod',62,60,E'2012-03-17 00:00:00',E'1899-12-30 10:15:00',E'Kristian Bray',E'Grub',E'5km'),
      (11,E'Murray Cod',186,62,E'2012-03-17 00:00:00',E'1899-12-30 11:00:00',E'Kristian Bray',E'Cheese',E'6km'),
      (12,E'Yellowbelly',184,38.5,E'2012-03-17 00:00:00',E'1899-12-30 12:40:00',E'Leigh Millard',E'Shrimp',E'2km'),
      (14,E'Yellowbelly',181,32.5,E'2012-03-17 00:00:00',E'1899-12-30 14:25:00',E'Peter McCann',E'Worms',E'4km'),
      (15,E'Carp',19,57.5,E'2012-03-17 00:00:00',E'1899-12-30 09:00:00',E'Ryan Vehlan',E'Worms',NULL),
      (16,E'Carp',17,58.5,E'2012-03-17 00:00:00',E'1899-12-30 10:48:00',NULL,E'Worms',E'2km'),
      (17,E'Carp',46,55.5,E'2012-03-17 00:00:00',E'1899-12-30 09:04:00',E'Daniel Nethicoate',E'Worms',E'7km'),
      (18,E'Yellowbelly',29,30,E'2012-03-17 00:00:00',E'1899-12-30 14:15:00',E'Daniel Nethicoate',E'Shrimp',E'8km'),
      (19,E'Yellowbelly',166,39.5,E'2012-03-17 00:00:00',E'1899-12-30 14:25:00',E'Daniel Nethicoate',E'Shrimp',E'9km'),
      (20,E'Yellowbelly',36,34,E'2012-03-17 00:00:00',E'1899-12-30 15:10:00',E'Daniel Nethicoate',E'Worms/Shrimp',E'7km'),
      (21,E'Yellowbelly',86,43,E'2012-03-17 00:00:00',E'1899-12-30 15:45:00',E'Daniel Nethicoate',E'Worms/Shrimp',E'9km'),
      (22,E'Yellowbelly',95,45.5,E'2012-03-17 00:00:00',E'1899-12-30 16:25:00',E'Daniel Nethicoate',E'Worms',E'5km'),
      (23,E'Carp',34,68,E'2012-03-17 00:00:00',E'1899-12-30 09:03:00',E'Nathan Henry',E'Worms',E'8km'),
      (24,E'Yellowbelly',34,39,E'2012-03-17 00:00:00',E'1899-12-30 09:45:00',E'Nathan Henry',E'Worms/Shrimp',E'8km'),
      (25,E'Yellowbelly',178,40,E'2012-03-17 00:00:00',E'1899-12-30 11:45:00',E'Nathan Henry',E'Worms',E'6km'),
      (26,E'Yellowbelly',22,33.5,E'2012-03-17 00:00:00',E'1899-12-30 16:00:00',E'David Millard',E'Shrimp',E'6km'),
      (27,E'Yellowbelly',29,32,E'2012-03-17 00:00:00',E'1899-12-30 16:20:00',E'Rowan McKerrow',E'Shrimp',E'8km'),
      (28,E'Yellowbelly',123,31,E'2012-03-17 00:00:00',E'1899-12-30 17:26:00',E'Rowan McKerrow',E'Shrimp',E'6km'),
      (29,E'Yellowbelly',200,34.5,E'2012-03-17 00:00:00',E'1899-12-30 09:25:00',E'Alex Harvey',E'Worms',E'12km'),
      (30,E'Carp',38,61,E'2012-03-17 00:00:00',E'1899-12-30 10:44:00',E'Alex Harvey',E'Grub',E'9km'),
      (31,E'Yellowbelly',137,35,E'2012-03-17 00:00:00',E'1899-12-30 11:25:00',E'Alex Harvey',E'Worms',E'10km'),
      (32,E'Yellowbelly',86,40,E'2012-03-17 00:00:00',E'1899-12-30 11:46:00',E'Alex Harvey',E'Worms/Shrimp',E'9km'),
      (33,E'Yellowbelly',180,40,E'2012-03-17 00:00:00',E'1899-12-30 14:00:00',NULL,E'Worms',E'4km'),
      (34,E'Yellowbelly',123,38,E'2012-03-17 00:00:00',E'1899-12-30 14:10:00',E'Ryan Vehlan',E'Worms',E'4km'),
      (35,E'Carp',165,68.5,E'2012-03-17 00:00:00',E'1899-12-30 15:40:00',E'Ryan Vehlan',E'Yabby',E'3km'),
      (36,E'Murray Cod',71,67,E'2012-03-17 00:00:00',E'1899-12-30 16:30:00',E'Ryan Vehlan',E'Grub',E'6km'),
      (37,E'Yellowbelly',173,39.5,E'2012-03-17 00:00:00',E'1899-12-30 11:17:00',E'Alex Harvey',E'Grub',E'10km'),
      (38,E'Yellowbelly',158,44,E'2012-03-18 00:00:00',E'1899-12-30 09:35:00',E'James Murphy',E'Grub',E'5km'),
      (39,E'Yellowbelly',62,37,E'2012-03-18 00:00:00',E'1899-12-30 10:52:00',NULL,E'Shrimp',E'6km'),
      (40,E'Murray Cod',71,55,E'2012-03-18 00:00:00',E'1899-12-30 09:00:00',E'Neil Teasdale',NULL,E'6km'),
      (41,E'Yellowbelly',178,43.5,E'2012-03-18 00:00:00',E'1899-12-30 09:00:00',E'Neil Teasdale',E'Worms',E'7km'),
      (42,E'Yellowbelly',50,39,E'2012-03-18 00:00:00',E'1899-12-30 09:32:00',E'Neil Teasdale',E'Yabby',E'8km'),
      (43,E'Carp',54,45,E'2012-03-18 00:00:00',E'1899-12-30 08:50:00',NULL,E'Worms',NULL),
      (45,E'Carp',126,60.5,E'2012-03-18 00:00:00',E'1899-12-30 09:35:00',E'Charlie Gillingham',E'Cheese',E'9km'),
      (46,E'Yellowbelly',10,42.5,E'2012-03-18 00:00:00',E'1899-12-30 09:50:00',E'Charlie Gillingham',E'Shrimp',E'12km'),
      (47,E'Carp',10,60,E'2012-03-18 00:00:00',E'1899-12-30 09:50:00',E'Charlie Gillingham',E'Worms/Shrimp',E'12km');



DROP TABLE IF EXISTS "competitor";

CREATE TABLE "competitor" (
    "competitor_id" INTEGER PRIMARY KEY,
    "boat_id" INTEGER,
    "firstname" TEXT,
    "surname" TEXT,
    "address" TEXT,
    "suburb" TEXT,
    "state" TEXT,
    "postcode" TEXT,
    "phone" TEXT,
    "fax" TEXT,
    "mobile" TEXT,
    "email" TEXT,
    "paid" BOOLEAN,
    "junior" BOOLEAN
);

INSERT INTO "competitor"("competitor_id","boat_id","firstname","surname","address","suburb","state","postcode","phone","fax","mobile","email","paid","junior")
VALUES(1,1,E'Darrell',E'Phillips',E'PO Box 1077',E'Echuca',E'VIC',E'3564',E'0413126442',NULL,NULL,E'hdbuilders7@bigpond.com',TRUE,FALSE),
      (2,1,E'Michael',E'Newton',E'PO Box 1077',E'Echuca',E'VIC',E'3564',E'0413126442',NULL,NULL,NULL,TRUE,FALSE),
      (3,2,E'Aaron',E'Danson',E'1860 Koondrook Murrabit Road',E'Murrabit',E'VIC',E'3579',E'54572266',NULL,E'0447843176',NULL,TRUE,TRUE),
      (4,2,E'Wesley',E'Danson',E'1860 Koondrook Murrabit Rd',E'Murrabit',E'VIC',E'3579',NULL,NULL,E'0427887949',NULL,TRUE,FALSE),
      (5,2,E'John',E'Danson',E'1860 Koondrook Murrabit Rd',E'Murrabit',E'VIC',E'3579',E'54572266',NULL,E'0459972266',NULL,TRUE,FALSE),
      (6,3,E'Jeff',E'Gillingham',E'Lot 68 Lake Charm Ease Rd',E'Lake Charm',E'VIC',E'3581',NULL,NULL,E'0428500702',NULL,TRUE,FALSE),
      (7,3,E'Peter',E'Ladgrove',E'7 Cullen St',E'Kerang',E'VIC',E'3579',E'54522724',NULL,NULL,NULL,TRUE,FALSE),
      (8,4,E'Andrew',E'Leahy',E'179 Murrabit Rd',E'Murrabit',E'VIC',E'3579',E'54572368',NULL,E'0408500875',NULL,TRUE,FALSE),
      (9,5,E'Allan',E'Drechsler',E'149 Inglis Rd',E'Bagshot',E'VIC',E'3551',NULL,NULL,E'0418304418',NULL,TRUE,FALSE),
      (10,6,E'Bill',E'Hazen',NULL,E'Murrabit',E'VIC',E'3579',E'54572213',NULL,NULL,NULL,TRUE,FALSE),
      (11,7,E'Greg',E'Murray',E'RSD 283 Salan Rd',E'Murrabit West',E'3579',NULL,NULL,NULL,E'0488566935',NULL,TRUE,FALSE),
      (12,8,E'Rod',E'Holmberg',E'66 Murray St',E'Kerang',E'VIC',E'3579',E'54521961',NULL,E'0439651859',E'rholmberg55@gmail.com',TRUE,FALSE),
      (13,8,E'John',E'Holmberg',E'43 Michie St',E'Elmore',E'VIC',E'3558',E'54326369',NULL,E'0408326369',NULL,TRUE,FALSE),
      (14,9,E'Tracey',E'Ridley',E'52 Sussex St',E'Linton',E'VIC',E'3360',E'0353447213',NULL,E'0419388486',E'ridley55@bigpond.com.au',TRUE,FALSE),
      (15,9,E'Merv',E'Ridley',E'52 Sussex St',E'Linton',E'VIC',E'3360',E'0353447213',NULL,E'0438447290',NULL,TRUE,FALSE),
      (16,9,E'Bill',E'Redmond',E'c/o 52 Sussex St',E'Linton',E'VIC',E'3360',E'0353449561',NULL,E'0409883106',NULL,TRUE,FALSE),
      (17,10,E'Shane',E'Hamlyn-Harris',E'Po Box',E'Quambatook',E'VIC',E'3540',E'0354571393',NULL,E'0488577153',NULL,TRUE,FALSE),
      (18,10,E'Darryl',E'McKenzie',E'Kerang Rd',E'Quambatook',E'VIC',E'3540',E'0354571204',NULL,E'0429809743',NULL,TRUE,FALSE),
      (19,10,E'Joe',E'Wenselowski',E'2 Romsey Court',E'Wodonga',E'VIC',E'3690',NULL,NULL,E'0428792665',NULL,TRUE,FALSE),
      (20,11,E'Les',E'McKenzie',NULL,NULL,NULL,NULL,NULL,NULL,NULL,NULL,TRUE,FALSE),
      (21,11,E'Joel',E'McKenzie',NULL,NULL,NULL,NULL,NULL,NULL,NULL,NULL,TRUE,TRUE),
      (22,12,E'Peter',E'Shay',E'116 Queens Ave',E'Maryborough',E'VIC',E'3465',NULL,NULL,E'0427612790',NULL,TRUE,FALSE),
      (23,13,E'Colin',E'Thompson',E'673 River Rd',E'Murrabit West',E'VIC',E'3579',E'0354572225',NULL,E'0407865276',NULL,TRUE,FALSE),
      (24,13,E'Lindsay',E'Oliver',E'3 Hosking Drive',E'Swan Hill',E'VIC',E'3585',E'0350323316',NULL,E'0428533861',NULL,TRUE,FALSE),
      (25,14,E'Kevin',E'Spiteri',E'33 Bakewell St',E'Bendigo',E'VIC',E'3550',NULL,NULL,E'0438428714',E'spiteriplumbing@hotmail.com',TRUE,FALSE),
      (26,14,E'Mark',E'Blink',E'31 Redwood Drive',E'Strathfieldsaye',E'VIC',E'3551',NULL,NULL,E'0437431191',NULL,TRUE,FALSE),
      (27,16,E'David',E'Waddell',E'65 Station St',E'Wallan East',E'VIC',E'3756',NULL,NULL,NULL,NULL,TRUE,FALSE),
      (28,17,E'Jamie',E'Semmler',E'1751 Murrabit Koondrook Rd',E'Murrabit',E'VIC',E'3579',E'0354572295',NULL,E'0411585716',NULL,TRUE,FALSE),
      (29,17,E'Justin',E'Faint',E'RSD Saddleworth',E'Waterloo',E'SA',E'5413',NULL,NULL,E'0438884238',NULL,TRUE,FALSE),
      (30,18,E'Terry',E'Stacey',E'PO Box 182',E'Kerang',E'VIC',E'3579',E'0354522205',NULL,E'0428503377',NULL,TRUE,FALSE),
      (31,18,E'Garry',E'McCluskey',E'21 Wellington St',E'Kerang',E'VIC',E'3579',E'0354522485',NULL,E'048522705',NULL,TRUE,FALSE),
      (32,19,E'Josh',E'Bray',NULL,E'Kerang',E'VIC',E'3579',NULL,NULL,NULL,NULL,TRUE,FALSE),
      (33,20,E'Ian',E'Levitt',E'47 Borrack Cresent',E'Mernda',E'VIC',E'3754',NULL,NULL,E'0403991867',E'I.jolevitt@gmail.com',TRUE,FALSE),
      (34,21,E'Malcom',E'McBeath',E'21 Katunga North Rd',E'Katunga',E'VIC',E'3640',NULL,NULL,E'0427096520',NULL,TRUE,FALSE),
      (35,22,E'Robert',E'Neill',E'45 Harrison Cres',E'Swan Hill',E'VIC',E'3585',NULL,NULL,E'0428131398',NULL,TRUE,FALSE),
      (36,22,E'Pauline',E'Neill',E'45 Harrison Cres',E'Swan Hill',E'VIC',E'3585',NULL,NULL,E'0429050069',NULL,TRUE,FALSE),
      (37,23,E'Michael',E'Coobs',E'1 Shannon Rd',E'Kerang',E'VIC',E'3579',E'0354521650',NULL,E'0400874233',E'vicki.mick@skymesh.com.au',TRUE,FALSE),
      (38,24,E'Glenn',E'Solomano',E'73 Eaglehawlk Rd',E'Iron Bark',E'VIC',E'3550',NULL,NULL,E'0418459985',E'glenns2502@gmail.com',TRUE,FALSE),
      (39,24,E'Steve',E'Kelson',E'51 Ellis St',E'Bendigo',E'VIC',E'3550',NULL,NULL,E'0419884993',E'stkell@hotmail.com',TRUE,FALSE),
      (40,25,E'Neil',E'Butler',E'17 Allison St',E'Bendigo',E'VIC',E'3550',E'0354433665',NULL,E'0418571971',E'neilbutler@live.com.au',TRUE,FALSE),
      (41,25,E'Shayne',E'Kellow',E'2 Northmoor Drive',E'Bendigo',E'VIC',E'3550',E'0354416627',NULL,E'0418575927',NULL,TRUE,FALSE),
      (42,26,E'Greg',E'Maher',E'143 Reservoir Rd',E'Bendigo',E'VIC',E'3550',E'0354412457',NULL,E'0418538897',NULL,TRUE,FALSE),
      (43,26,E'Michael',E'McKenna',E'37 Stephenson St',E'Huntly',E'VIC',E'3551',E'0354488018',NULL,E'0407539559',NULL,TRUE,FALSE),
      (44,27,E'Graham',E'Rowland',E'70 Dowling Ave',E'Hoppers Crossing',E'VIC',E'3029',NULL,NULL,E'0429372534',NULL,TRUE,FALSE),
      (45,27,E'Michael',E'Morgan',E'70 Dowling Ave',E'Hoppers Crossing',E'VIC',E'3029',NULL,NULL,E'0429372534',NULL,TRUE,FALSE),
      (46,28,E'Caine',E'Mitchell',E'25 Swan St',E'Werribee',E'VIC',E'3030',NULL,NULL,E'0448987047',NULL,TRUE,FALSE),
      (47,4,E'Brendan',E'Fletcher',E'4 Sweeny St',E'Bendigo',E'VIC',E'3550',E'0354428853',NULL,E'0418513165',NULL,TRUE,FALSE),
      (48,30,E'Colin',E'Delamare',E'7 Leng St',E'Kerang',E'VIC',E'3579',E'0354503813',NULL,E'0418100694',NULL,TRUE,FALSE),
      (49,30,E'Max',E'Prendergast',E'9 Illawarra Drive',E'Echuca',E'VIC',E'3564',E'0354806376',NULL,E'0417324799',NULL,TRUE,FALSE),
      (50,31,E'Stephen',E'O\'Donoghue',E'277 Murrabit West Rd',E'Murrabit',E'VIC',E'3579',NULL,NULL,E'0418577238',NULL,TRUE,FALSE),
      (51,31,E'Leigh',E'Forster',E'92 Victoria St',E'Pyramid Hill',E'VIC',E'3575',NULL,NULL,E'0427847033',NULL,TRUE,FALSE),
      (52,32,E'Greg',E'Maher',E'20 Gonn Ave',E'Murrabit',E'VIC',E'3579',E'0354572293',E'0354572293',E'0408500988',E'gumaher@hotmail.com',TRUE,FALSE),
      (53,32,E'Ricky',E'Maher',E'388 Murrabit West Rd',E'Murrabit',E'VIC',E'3579',E'0354572443',E'0354572443',E'0408596704',NULL,TRUE,FALSE),
      (54,33,E'Peter',E'Heffer',E'516 Murrabit West Rd',E'Murrabit West',E'VIC',E'3579',E'0354572278',NULL,E'0408054880',NULL,TRUE,FALSE),
      (55,33,E'Brian',E'Smith',E'516 Murrabit West Rd',E'Murrabit West',E'VIC',E'3579',NULL,NULL,E'0417522060',E'briansmith1950@bigpond.com',TRUE,FALSE),
      (56,34,E'Bruce',E'Heritage',E'243 Ashwin Rd',E'Murrabit',E'VIC',E'3579',E'0354570300',NULL,E'0428862218',NULL,TRUE,FALSE),
      (57,35,E'Geoff',E'McNeill',NULL,NULL,NULL,NULL,NULL,NULL,NULL,NULL,TRUE,FALSE),
      (58,35,E'Kayne',E'McNeil',NULL,NULL,NULL,NULL,NULL,NULL,NULL,NULL,TRUE,FALSE),
      (59,36,E'Daryl',E'Carter',NULL,NULL,NULL,NULL,NULL,NULL,NULL,NULL,TRUE,FALSE),
      (60,37,E'Steven',E'Pryor',E'27 Lawson Drive',E'Moama',E'VIC',E'2731',NULL,NULL,E'0407509023',E'steve.pryor52@gmail.com',TRUE,FALSE),
      (61,37,E'Greg',E'Looney',E'512 Stratton Rd',E'Echuca',E'VIC',E'3564',NULL,NULL,E'0409252979',E'glooney@bigpond.com',TRUE,FALSE),
      (62,38,E'Peter',E'Ritchie',E'13 Dellar St',E'Swan Hill',E'VIC',E'3585',E'0350329491',NULL,E'0417573021',E'heatherpeter53@gmail.com',TRUE,FALSE),
      (63,38,E'Paul',E'Mason',E'13 Dellar St',E'Swan Hill',E'VIC',E'3585',NULL,NULL,E'0409808367',E'qute72@activ8.net.au',TRUE,FALSE),
      (64,39,E'Peter',E'Parker',E'146 Hannah Lane',E'Murrabit',E'VIC',E'3579',NULL,NULL,E'0427880946',NULL,TRUE,FALSE),
      (65,39,E'Rob',E'McFarlane',E'18 Lalbert Rd',E'Lake Boga',E'VIC',E'3584',E'0350372108',NULL,E'0428557450',E'mcfarlane.robert@bigpond.com',TRUE,FALSE),
      (66,40,E'Dominic',E'Nyholt',E'2 Martine Crt',E'Hoppers Crossing',E'VIC',E'3029',NULL,NULL,E'0411606192',NULL,TRUE,FALSE),
      (67,41,E'W',E'Hollard',E'Po Box 84',E'Koondrook',E'VIC',E'3580',E'035453786',NULL,NULL,NULL,TRUE,FALSE),
      (68,41,E'D',E'Laursen',E'Grigg Rd',E'Koondrook',E'VIC',E'3580',E'0354531232',NULL,NULL,NULL,TRUE,FALSE),
      (69,42,E'Glenn',E'Dobie',E'380 Sharkeys Rd',E'Goornong',E'VIC',E'3557',NULL,NULL,E'0428507038',NULL,TRUE,FALSE),
      (70,42,E'Steve',E'Wilson',E'15 Regent St',E'Strathfeildsaye',E'VIC',E'3550',NULL,NULL,E'0429942232',NULL,TRUE,FALSE),
      (71,43,E'Michael',E'Daykin',E'80 Burgoyne St',E'Huntly',E'VIC',E'3551',NULL,NULL,E'0438243432',NULL,TRUE,FALSE),
      (72,43,E'Paul',E'Wheelhouse',E'22 McIvor Forest Drive',E'Junortoun',E'VIC',E'3551',NULL,NULL,E'0427353093',NULL,TRUE,FALSE),
      (73,44,E'Ray',E'McNeil',E'730 Myall Rd',E'Myall',E'VIC',E'3579',E'0354570252',E'0354570314',NULL,NULL,TRUE,FALSE),
      (74,45,E'Len',E'Johnson',E'24 Majorca Rd',E'Maryborough',E'VIC',E'3465',E'0354613482',NULL,NULL,NULL,TRUE,FALSE),
      (75,46,E'Brendan',E'Johnson',E'92 Nelson St',E'Maryborough',E'VIC',E'3465',E'0354614669',NULL,E'0439341815',E'johnsoncaravans@tpg.com.au',TRUE,FALSE),
      (76,46,E'Aaron',E'Graham',E'163 Mosquito Rd',E'Maryborough',E'VIC',E'3465',E'0354613812',NULL,E'0458626636',E'aaron@agelectrical.com.au',TRUE,FALSE),
      (77,47,E'David',E'Carter',E'42 Poole St',E'Maryborough',E'VIC',E'3465',E'0354613669',NULL,E'0488408400',NULL,TRUE,FALSE),
      (78,47,E'Declan',E'Carter',E'42 Poole St',E'Maryborough',E'VIC',E'3465',E'0354613669',NULL,NULL,NULL,TRUE,TRUE),
      (79,48,E'Adam',E'Humphrey',E'40 Poole St',E'Maryborough',E'VIC',E'3465',E'0354612432',NULL,E'0428612431',E'adamkarlye@bigpond.com',TRUE,FALSE),
      (80,48,E'Brock',E'Humphrey',E'40 Poole St',E'Maryborough',E'VIC',E'3465',E'0354612432',NULL,NULL,E'adamkarlye@bigpond.com',FALSE,TRUE),
      (81,47,E'Kynan',E'Carter',E'42 Poole Street',E'Maryborough',E'VIC',E'3465',E'0354613669',NULL,NULL,NULL,FALSE,TRUE),
      (82,50,E'Chris',E'Hunter',E'6 Dunlop St',E'Kerang',E'VIC',E'3579',NULL,NULL,E'0428171519',E'fowlzdub@bigpond.com',TRUE,FALSE),
      (83,50,E'Melissa',E'Hunter',E'6 Dunlop St',E'Kerang',E'VIC',E'3579',NULL,NULL,E'0438381483',E'fowlzdub@bigpond.com',TRUE,FALSE),
      (84,51,E'Sharon',E'McKenzie',E'36 Park Rd',E'Lake Charm',E'VIC',E'3581',E'0354579212',E'0354579118',E'0400960314',NULL,TRUE,FALSE),
      (85,53,E'Mathew',E'Webb',E'14 Lyall Ave',E'Kerang',E'VIC',E'3579',NULL,NULL,E'0417318768',E'mathewwebb@bigpond.com',TRUE,FALSE),
      (86,54,E'Luke',E'Solomand',E'33 Maiden Gully Rd',E'Maiden Gully',E'VIC',E'3557',NULL,NULL,E'0417346134',E'solec@live.com.au',TRUE,FALSE),
      (87,54,E'Glenn',E'Walsh',E'68 Havlin St West',E'Bendigo',E'VIC',E'3550',NULL,NULL,E'0437377274',NULL,TRUE,FALSE),
      (88,55,E'Matt',E'Johnson',E'30 Logan St',E'Maryborough',E'VIC',E'3465',NULL,NULL,E'0409235358',NULL,TRUE,FALSE),
      (89,55,E'Jason',E'Brown',NULL,E'Maryborough',E'VIC',E'3465',NULL,NULL,E'0407501077',NULL,TRUE,FALSE),
      (90,56,E'Jarrod',E'Ayres',E'34 Mountgomery Cresent',E'White Hills',E'VIC',E'3550',NULL,NULL,E'0437056456',NULL,TRUE,FALSE),
      (91,57,E'Mathew',E'Forster',E'3 Egans Rd',E'Huntly',E'VIC',E'3551',E'0354488910',NULL,E'0400998411',NULL,TRUE,FALSE),
      (92,57,E'Neville',E'Hunt',E'6 Lovey Dr',E'White Hills',E'VIC',E'3550',E'0354484892',NULL,E'0418539925',NULL,TRUE,FALSE),
      (93,58,E'Steven',E'Peirce',E'64 Finlay Rd',E'Thurgoona',E'NSW',E'2640',NULL,NULL,E'0427799006',E'speirce@hotmail.com',TRUE,FALSE),
      (94,58,E'Anthony',E'Harmer',E'22 Stevenson St',E'Woodonga',E'VIC',E'3690',E'60592696',NULL,E'0459800856',NULL,TRUE,FALSE),
      (95,59,E'Tim',E'Millard',E'75 Cassidy Lane',E'Koondrook',E'VIC',E'3580',NULL,NULL,E'0417346431',E'timwmillard@gmail.com',TRUE,FALSE),
      (96,60,E'Andy',E'Gray',NULL,NULL,NULL,NULL,NULL,NULL,NULL,NULL,TRUE,FALSE),
      (97,61,E'Steve',E'Hicks',NULL,NULL,NULL,NULL,NULL,NULL,NULL,NULL,FALSE,FALSE),
      (98,62,E'Ross',E'Stanton',E'1610 Cohuna-Koondrook Rd',E'Cohuna',E'VIC',E'3568',E'54531677',NULL,E'0417515769',E'spencie@aanet.com.au',TRUE,FALSE),
      (99,62,E'Darby',E'Stanton',E'1610 Cohuna-Koondrook Rd',E'Cohuna',E'VIC',E'3568',E'54531677',NULL,NULL,NULL,TRUE,TRUE),
      (100,63,E'Dennis',E'Greenwood',E'3 Airport Rd',E'Kerang',E'VIC',E'3579',E'03 54503711',E'03 54503722',E'0439503723',E'fordkerang@arnoldtgreenwood.com.au',TRUE,FALSE),
      (101,64,E'Ben',E'Gillingham',NULL,NULL,NULL,NULL,NULL,NULL,NULL,NULL,TRUE,TRUE),
      (102,65,E'Vince',E'Maher',NULL,NULL,NULL,NULL,NULL,NULL,NULL,NULL,TRUE,FALSE),
      (103,66,E'Peter',E'McCann',NULL,NULL,NULL,NULL,NULL,NULL,NULL,NULL,TRUE,FALSE),
      (104,67,E'Dick',E'Bray',NULL,NULL,NULL,NULL,NULL,NULL,NULL,NULL,TRUE,FALSE),
      (105,68,E'Nathan',E'McKnight',NULL,NULL,NULL,NULL,NULL,NULL,NULL,NULL,TRUE,FALSE),
      (106,69,E'Glenn',E'Fitt',E'18 Woodend Ave',E'Eynesbury',E'VIC',E'3338',E'87425949',NULL,E'0408522416',NULL,FALSE,FALSE),
      (107,69,E'Troy',E'Van Groen',E'18 Woodend Ave',E'Eynesbury',E'VIC',E'3338',NULL,NULL,E'0428903850',NULL,FALSE,FALSE),
      (108,70,E'Greg',E'Bagg',E'2420 Hamilton Hwy',E'Inverleigh',E'VIC',E'3321',NULL,NULL,E'0438525032',NULL,FALSE,FALSE),
      (109,70,E'Tim',E'Haintz',E'Donalli Crt',E'Inverleigh',E'VIC',E'3321',NULL,NULL,E'0417362188',NULL,FALSE,FALSE),
      (110,70,E'Tony',E'Hopwood',E'2420 Hamilton Hwy',E'Inverleigh',E'VIC',E'3321',NULL,NULL,E'0416226838',NULL,FALSE,FALSE),
      (111,70,E'Brad',E'Hopwood',E'2420 Hamilton Hwy',E'Inverleigh',E'VIC',E'3321',NULL,NULL,E'0416226838',NULL,FALSE,FALSE),
      (112,71,E'Jason',E'Copper',E'18 Woodend Ave',E'Eynesbury',E'VIC',E'3338',NULL,NULL,E'0411394504',NULL,FALSE,FALSE),
      (113,72,E'Jason',E'Norton',E'30 Lalbert Rd',E'Lake Boga',E'VIC',E'3584',E'0350372549',NULL,E'0427558645',NULL,TRUE,FALSE),
      (114,72,E'Chris',E'Norton',E'30 Lalbert Rd',E'Lake Boga',E'VIC',E'3584',E'0350372549',NULL,E'0429144331',NULL,TRUE,FALSE),
      (115,73,E'Geoffrey',E'Allen',NULL,NULL,NULL,NULL,NULL,NULL,NULL,NULL,TRUE,FALSE),
      (116,74,E'Des',E'Stakelum',E'168 Aspinall St',E'Kangaroo Flat',E'VIC',E'3555',E'0354479388',E'0396832178',E'0407877315',NULL,TRUE,FALSE),
      (117,74,E'Adam',E'Beardon',E'65 Dysons Rd',E'Mandurang',E'VIC',E'3551',NULL,NULL,E'0427234054',E'adbeardon@powercor.com.au',TRUE,FALSE),
      (118,75,E'Leroy',E'Tonkin',E'70 Dowling Ave',E'Hoppers Crossing',E'VIC',E'3029',NULL,NULL,E'0429372534',E'jader2@bigpond.com',TRUE,FALSE),
      (119,75,E'Jim',E'Staggard',E'70 Dowling Ave',E'Hoppers Crossing',E'VIC',E'3029',NULL,NULL,E'0429372534',E'jader2@bigpond.com',TRUE,FALSE),
      (120,23,E'Paul',E'Neivant',E'198 McKenzie Rd',E'Kerang',E'VIC',E'3579',E'0354521231',NULL,E'049188308',E'neivants@bigpond.com',TRUE,FALSE),
      (121,76,E'David',E'Stubbs',E'Po Box 226',E'Kerang',E'VIC',E'3579',E'0354522525',NULL,E'0407506002',NULL,TRUE,FALSE),
      (122,76,E'Kevin',E'Moon',E'PO Box 136',E'Kerang',E'VIC',E'3579',NULL,NULL,E'0458420511',NULL,TRUE,FALSE),
      (123,77,E'Rhys',E'Neville',E'53 Nugget St',E'Kerang',E'VIC',E'3579',NULL,NULL,E'0448345854',E'nev_53@hotmail.com',TRUE,FALSE),
      (124,77,E'Tige',E'Neville',E'53 Nugget St',E'Kerang',E'VIC',E'3579',E'0354521125',NULL,E'0407557335',E'tigenev@hotmail.com',TRUE,FALSE),
      (125,78,E'Heinz',E'Martin',E'14 Banadell Avenue',E'Bacchus Marsh',E'VIC',E'3340',E'53674215',NULL,E'0437122693',NULL,TRUE,FALSE),
      (126,78,E'James',E'Martin',E'14 Banadell Avenue',E'Bacchus Marsh',E'VIC',E'3340',E'53674215',NULL,NULL,NULL,FALSE,TRUE),
      (127,4,E'Dale',E'Hartley',E'232 Hannah Lane Gonn Crossing',E'Murrabit',E'VIC',E'3579',E'54572336',E'54572336',E'0429173889',E'dalehartley@bigpond.com',TRUE,FALSE),
      (128,79,E'Jeff',E'Parker',E'PO Box 124',E'Boort',E'VIC',E'3537',NULL,NULL,E'0458886201',NULL,TRUE,FALSE),
      (129,79,E'Geoff',E'Rumbold',E'2175 Boort/Kerang Road',E'Leaghur',E'VIC',E'3537',E'54554282',NULL,NULL,NULL,TRUE,FALSE),
      (130,80,E'Luke',E'Tuder',E'17 Albert Street',E'St Arnaud',E'VIC',E'3478',E'03 54952015',NULL,E'0427300807',E'luketuder@hotmail.com',TRUE,FALSE),
      (131,80,E'Jesse',E'Douglas',E'3 Loftus Street',E'East Geelong',E'VIC',E'3219',NULL,NULL,E'0409788792',E'jesse.douglas.25@hotmail.com',TRUE,FALSE),
      (132,81,E'Peter',E'Hazeldene',NULL,NULL,NULL,NULL,NULL,NULL,NULL,NULL,TRUE,FALSE),
      (133,81,E'Mick',E'Ilsley',NULL,NULL,NULL,NULL,NULL,NULL,NULL,NULL,TRUE,FALSE),
      (134,82,E'Brandon',E'McKenna',E'37 Emmett St',E'Golden Square',E'VIC',E'3555',NULL,NULL,E'0400233844',E'brandonmckenna88@gmail.com',TRUE,FALSE),
      (135,82,E'Matthew',E'McKenna',E'37 Stephenson St',E'Huntly',E'VIC',E'3551',NULL,NULL,E'0435745402',NULL,TRUE,FALSE),
      (136,83,E'Tim',E'Wren',E'P.O. Box 350',E'Kerang',E'VIC',E'3579',NULL,NULL,E'0438691778',NULL,TRUE,FALSE),
      (137,84,E'Dean',E'Cummings',E'PO Box 947',E'Gisborne',E'VIC',E'3437',NULL,E'03 54283809',E'0400052901',E'reechomes@gmail.com',TRUE,FALSE),
      (138,85,E'Glenn',E'Stevenson',E'33 Daccroin Drive',E'Bannockburn',E'VIC',E'3331',NULL,NULL,E'0402191374',NULL,TRUE,FALSE),
      (139,85,E'Mark',E'Chapman',E'48 Chalton Road',E'Bannockburn',E'VIC',E'3331',NULL,NULL,E'0438757367',E'chaphome1@yahoo.com.au',TRUE,FALSE),
      (140,86,E'Brendan',E'Gibson',E'5134 Birchip/Rainbow Road',E'Beulah',E'VIC',E'3395',E'03 53954237',NULL,E'0429954237',E'goodsie52@hotmail.com',TRUE,FALSE),
      (141,87,E'Vitlorio',E'Fedele',E'2554 MVH',E'Nyah',E'VIC',E'3594',E'50302760',E'50320143',E'0429302760',NULL,TRUE,FALSE),
      (142,87,E'Karl',E'Fedele',E'2554 MVH',E'Nyah',E'VIC',E'3594',E'50302760',NULL,E'0429302760',NULL,TRUE,FALSE),
      (143,88,E'Mitchell',E'Copland',E'112 Lake Charm East Road',E'Lake Charm',E'VIC',E'3581',E'04282777128',NULL,NULL,NULL,TRUE,FALSE),
      (144,88,E'Matthew',E'Steel',NULL,E'Kerang',E'VIC',E'3579',NULL,NULL,E'0428277128',NULL,TRUE,FALSE),
      (145,89,E'Grey',E'Henry',E'324 Murrabit West Rd',E'Gonn Grossing',E'VIC',E'3579',E'54572233',NULL,E'0418511953',NULL,TRUE,FALSE),
      (146,90,E'Danny',E'Nethercote',NULL,NULL,NULL,NULL,NULL,NULL,NULL,NULL,TRUE,FALSE),
      (147,91,E'Maxen',E'Hartley',E'232 Hannah Lane',E'Gonn Crossing',E'VIC',E'3579',E'54572336',NULL,NULL,E'dalehartley@bigpond.com',TRUE,TRUE),
      (148,92,E'Josh',E'Pearce',E'4/68 Coronation Ave',E'Swan Hill',E'VIC',E'3585',NULL,NULL,E'0439315995',NULL,TRUE,FALSE),
      (149,93,E'Jonny',E'Hirst',E'2/88 Rutherford St',E'Swan Hill',E'VIC',E'3585',E'0407347248',NULL,NULL,NULL,TRUE,FALSE),
      (150,94,E'Stewart',E'Mason',E'PO Box 12',E'Murrabit',E'VIC',E'3579',E'0457773220',NULL,NULL,E'smason@mawsons.com.au',TRUE,FALSE),
      (151,95,E'Nathan',E'Henry',E'129 Victoria St',E'Kerang',E'VIC',E'3579',NULL,NULL,E'0407362408',E'nats08@gmail.com',TRUE,FALSE),
      (152,95,E'Mark',E'Borthwick',NULL,E'Shepparton',E'VIC',NULL,NULL,NULL,NULL,NULL,TRUE,FALSE),
      (153,96,E'Andrew',E'Spitty',E'239 Stevenson Rd',E'Lake Charm',E'VIC',E'3579',NULL,NULL,E'0434198083',NULL,TRUE,FALSE),
      (154,96,E'Joe',E'Stevenson',E'234 Stevenson Rd',E'Lake Charm',E'VIC',E'3579',NULL,NULL,E'0434198083',NULL,TRUE,FALSE),
      (155,97,E'Terry',E'Pay',E'36 Park Rd',E'Lake Charm',E'VIC',E'3579',NULL,NULL,NULL,NULL,TRUE,FALSE),
      (156,97,E'Cam',E'Coulter',E'49 Shadforth St',E'Kerang',E'VIC',E'3579',E'03 54522663',NULL,E'0438572355',NULL,TRUE,FALSE),
      (157,97,E'Frank',E'Richie Electronics',E'9 Victoria St',E'Kerang',E'VIC',E'3579',E'03 54522908',NULL,NULL,NULL,TRUE,FALSE),
      (158,98,E'Michael',E'Cooke',E'Browning Ave',E'Murrabit',E'VIC',E'3579',E'54572256',NULL,NULL,NULL,TRUE,FALSE),
      (159,99,E'Dean',E'McGowan',E'27 Chester St',E'Barham',E'NSW',E'2732',E'54532102',NULL,E'0437332102',NULL,TRUE,FALSE),
      (160,100,E'Adam',E'Budjuso',NULL,E'Kerang',E'VIC',E'3579',NULL,NULL,NULL,NULL,TRUE,FALSE),
      (161,100,E'Julius',E'Budjuso',NULL,NULL,NULL,NULL,NULL,NULL,NULL,NULL,TRUE,FALSE),
      (162,100,E'Peter',E'McDonald',E'207 Rosedale Rd',E'Myall',E'VIC',E'3579',NULL,NULL,E'0427346340',NULL,TRUE,FALSE),
      (163,100,E'Anothny',E'Thamm',NULL,NULL,NULL,NULL,NULL,NULL,NULL,NULL,TRUE,FALSE),
      (164,101,E'Brad',E'Hein',E'RSD 393 Myall Rd',E'Myall',E'VIC',E'3579',NULL,NULL,NULL,NULL,TRUE,FALSE),
      (165,101,E'Nick',E'Hein',E'Guilmartin Rd',E'Myall',E'VIC',E'3579',NULL,NULL,NULL,NULL,TRUE,FALSE),
      (166,102,E'Rowan',E'McKerrow',E'6 Park Rd',E'Lake Charm',E'VIC',E'3581',NULL,NULL,E'0427579202',E'rowantracey@bigpond.com',TRUE,FALSE),
      (167,102,E'Kye',E'McKerrow',E'6 Park Rd',E'Lake Charm',E'VIC',E'3581',NULL,NULL,NULL,NULL,TRUE,TRUE),
      (168,102,E'Kristian',E'Bray',NULL,E'Kerang',E'VIC',E'3579',NULL,NULL,NULL,NULL,TRUE,FALSE),
      (169,103,E'Ryan',E'Vehlan',NULL,E'Kangaroo Lake',E'VIC',E'3585',NULL,NULL,NULL,NULL,TRUE,FALSE),
      (170,104,E'Baily, Jordy & Keily',E'McNeil',E'918 Myall Rd',E'Myall',E'VIC',E'3579',NULL,NULL,NULL,NULL,TRUE,TRUE),
      (171,104,E'David',E'Reynolds',E'55 Michael',E'Scoresby',E'VIC',E'3179',NULL,NULL,E'0419561126',NULL,TRUE,FALSE),
      (172,105,E'Brett',E'Herbert',E'12 Lima Crt',E'Westmeadows',E'VIC',E'3049',NULL,NULL,E'0415145427',E'herbie2323@hotmail.com',TRUE,FALSE),
      (173,105,E'Steven',E'Bowen',E'35 Racecourse Road',E'Riddells Creek',E'VIC',E'3431',NULL,NULL,E'0409287116',E'toddyofriddell@bigpond.com',TRUE,FALSE),
      (174,106,E'Peter',E'Wright',NULL,E'Koondrook',E'VIC',E'3580',NULL,NULL,E'0429796415',NULL,TRUE,FALSE),
      (175,107,E'Jim',E'Anderson',E'2 Macdonald Place',E'Sunbury',E'VIC',E'3429',E'0414552753',E'93576551',NULL,E'jim@anderwoods.com.au',TRUE,FALSE),
      (176,107,E'Michael',E'Woods',E'1 Bayfield Drive',E'Eltham',E'VIC',E'3095',NULL,E'93576551',E'0427184794',E'mick@hookem.com.au',TRUE,FALSE),
      (177,108,E'Daniel',E'Buckland',E'1 Prince St',E'Creswick',E'VIC',E'3363',NULL,NULL,E'0408857668',NULL,TRUE,FALSE),
      (178,108,E'Jack',E'Clarke',E'24 Smyth St',E'Allendale',E'VIC',E'3364',E'53456546',NULL,NULL,NULL,TRUE,TRUE),
      (179,59,E'Archer',E'McKnight',NULL,NULL,NULL,NULL,NULL,NULL,NULL,NULL,TRUE,TRUE),
      (180,110,E'Chris',E'Robertson',E'14 Pyle St',E'Rushworth',E'VIC',E'3612',NULL,NULL,E'0448011309',NULL,TRUE,FALSE),
      (181,110,E'John',E'Beevers',E'13 Tarriff St',E'Eaglehawk',E'VIC',E'3556',NULL,NULL,E'0427469693',NULL,TRUE,FALSE),
      (182,110,E'Gary',E'McKindley',E'2 Ceder Drive',E'Epsom',E'VIC',E'3551',NULL,NULL,E'0427469693',NULL,TRUE,FALSE),
      (183,112,E'Ryan',E'Nelson',E'20 Mockridge Dr',E'Kangaroo Flat',E'VIC',E'3555',NULL,NULL,E'0409358066',NULL,TRUE,FALSE),
      (184,85,E'Chris',E'Broadhurst',E'Lot 4 Rivergum Drive',E'Inverleigh',E'VIC',E'3121',NULL,NULL,E'0413828410',NULL,TRUE,FALSE),
      (185,114,E'Alan',E'Friswell',E'4 Poplar St',E'Golden Square',E'VIC',E'3550',NULL,NULL,E'0401991208',E'alan.friswell@boc.com',TRUE,FALSE),
      (186,115,E'Trever',E'Brown',E'467 Looker Rd',E'Echuca Vill',E'VIC',E'3564',NULL,NULL,E'0448835241',NULL,TRUE,FALSE),
      (187,116,E'Bernie',E'Monaghan',E'11 Farrant Cr',E'Cohuna',E'VIC',E'3568',NULL,NULL,E'0427217672',NULL,TRUE,FALSE),
      (188,117,E'James',E'Murphy',E'30 Nugget St',E'Kerang',E'VIC',E'3579',NULL,NULL,E'0408803147',NULL,TRUE,FALSE),
      (189,118,E'Russel',E'Anderson',NULL,NULL,NULL,NULL,NULL,NULL,NULL,NULL,TRUE,FALSE),
      (190,118,E'Garry',E'Mowat',NULL,NULL,NULL,NULL,NULL,NULL,NULL,NULL,TRUE,FALSE),
      (191,119,E'Simon',E'Ettershank',E'P.O. Box 2',E'Murrabit',E'VIC',E'3579',E'54575232',E'54575231',E'0428575232',E'settershank13@hotmail.com',TRUE,FALSE),
      (192,6,E'Rick',E'McKenzie',NULL,NULL,NULL,NULL,NULL,NULL,NULL,NULL,TRUE,FALSE),
      (193,121,E'Bill',E'Hastie',NULL,NULL,NULL,NULL,NULL,NULL,NULL,NULL,TRUE,FALSE),
      (194,34,E'Maurice',E'O\'Brian',E'29 Perth St',E'Benella',E'VIC',E'3672',E'03 57625043',NULL,NULL,NULL,TRUE,FALSE),
      (195,34,E'Don',E'O\'Brian',E'16 Market St',E'Lockington',E'VIC',E'3563',E'03 54862366',NULL,NULL,NULL,TRUE,FALSE),
      (196,122,E'Rob',E'McMaster',E'603 Hargraves Street',E'Bendigo',E'VIC',E'3550',NULL,E'54463342',E'0408510632',NULL,TRUE,FALSE),
      (197,122,E'Jack',E'Naccarrow',E'Kronk St',E'Golden Square',E'VIC',E'3555',NULL,NULL,NULL,NULL,TRUE,FALSE),
      (198,35,E'Josh',E'Pay',E'3 Murrabit St',E'Kerang',E'VIC',E'3579',E'54503850',NULL,E'0432124425',NULL,TRUE,FALSE),
      (199,123,E'Neil',E'Teasdale',NULL,E'Murrabit',E'VIC',E'3579',NULL,NULL,NULL,NULL,TRUE,FALSE),
      (200,84,E'Ben',E'Sharp',E'8 Brierly Crt',E'Sunbury',E'VIC',E'3429',NULL,NULL,E'0400110893',NULL,TRUE,FALSE),
      (201,125,E'Dean',E'Collicoat',E'42 Sutton Rd',E'Maryborough',E'VIC',E'3465',E'54613274',NULL,E'0488044174',NULL,TRUE,FALSE),
      (202,126,E'Neil',E'Hopkins',NULL,E'Murrabit',E'VIC',E'3579',E'54572428',NULL,E'0439970029',NULL,TRUE,FALSE),
      (203,126,E'Ingrid',E'Hopkins',E'c/- Neil Hopkins',E'Murrabit',E'VIC',E'3579',E'54572428',NULL,E'0439970029',NULL,TRUE,FALSE),
      (204,126,E'D',E'Miles',E'c/- Neil Hopkins',E'Murrabit',E'VIC',E'3579',NULL,NULL,NULL,NULL,TRUE,FALSE),
      (205,127,E'Leigh',E'Millard',E'22 Bridlington Ave',E'Echuca',E'VIC',E'3564',NULL,NULL,E'0437254190',E'leighroy_29@hotmail.com',TRUE,FALSE),
      (206,127,E'David',E'Millard',E'27 Maginzine Blvd',E'Goldern Square',E'VIC',E'3550',NULL,NULL,E'0437072404',E'davidjmillard@gmail.com',TRUE,FALSE),
      (207,128,E'Gregor',E'Campbell',NULL,NULL,NULL,NULL,NULL,NULL,NULL,NULL,TRUE,FALSE),
      (208,129,E'Simon',E'Morton',NULL,NULL,NULL,NULL,NULL,NULL,NULL,NULL,TRUE,FALSE),
      (209,129,E'Sam',E'Randell',NULL,NULL,NULL,NULL,NULL,NULL,NULL,NULL,TRUE,FALSE),
      (210,75,E'Adam',E'Staggard',E'2/1 Drummond Crt',E'Melton West',E'VIC',E'3337',NULL,NULL,E'0488424950',E'jimstaggs@bigpond.com',TRUE,TRUE),
      (211,130,E'Nathan',E'Wilson',E'5 Pyramid Crescent',E'Kerang',E'VIC',E'3579',NULL,NULL,E'0400870140',NULL,TRUE,FALSE),
      (212,130,E'Anders',E'Hird',NULL,NULL,NULL,NULL,NULL,NULL,NULL,NULL,TRUE,FALSE),
      (213,131,E'Spot',E'Lightbody',NULL,NULL,NULL,NULL,NULL,NULL,NULL,NULL,TRUE,FALSE),
      (214,132,E'Matt',E'Hope',E'PO Box 404',E'Bacchus Marsh',E'VIC',E'3340',NULL,NULL,NULL,NULL,TRUE,FALSE),
      (215,132,E'Dan',E'Garlic',E'7 Fleet St',E'Foster',E'VIC',E'3960',NULL,NULL,NULL,NULL,TRUE,FALSE),
      (216,133,E'Simon',E'Kelly',E'37 Carbine St',E'Kerang',E'VIC',E'3579',NULL,NULL,NULL,NULL,TRUE,FALSE),
      (217,134,E'Des & Jill',E'Hein',E'245 Troy Rd',E'Myall',E'VIC',E'3579',E'54570241',NULL,NULL,E'hein@harboursat.com.au',TRUE,FALSE),
      (218,135,E'Jack',E'Dyer',NULL,E'Murrabit',E'VIC',E'3579',NULL,NULL,NULL,NULL,TRUE,FALSE),
      (219,135,E'Luke',E'Dyer',NULL,E'Murrabit',E'VIC',E'3579',NULL,NULL,NULL,NULL,TRUE,FALSE);


-- Move to legacy schema
CREATE SCHEMA IF NOT EXISTS legacy_2012;
ALTER TABLE boat SET SCHEMA legacy_2012;
ALTER TABLE catch SET SCHEMA legacy_2012;
ALTER TABLE competitor SET SCHEMA legacy_2012;
