-- SQL Dump of murrabit-cod-challenge-2011.mdb
-- generated by MDB Viewer 2.2.7
-- optimized for PostgreSQL

SET NAMES 'UTF8';



DROP TABLE IF EXISTS "boat";

CREATE TABLE "boat" (
    "boat_id" INTEGER PRIMARY KEY,
    "name" TEXT,
    "registration_no" TEXT
);

INSERT INTO "boat"("boat_id","name","registration_no")
VALUES(98,E'Shane Hutchin',NULL),
      (99,E'Cooke',NULL),
      (100,E'Dale Hartley',NULL),
      (101,E'Ticky',NULL),
      (102,E'Rab',NULL),
      (103,E'Row',NULL),
      (104,E'Walker',NULL),
      (105,E'Grahame',NULL),
      (106,E'Buckland',NULL),
      (107,E'Matt Johnson',NULL),
      (108,E'O\'Brien',NULL),
      (109,E'Halligan',E'LS 320'),
      (110,E'Rogers',E'MW 501'),
      (111,E'Sarre',NULL),
      (112,E'Fitt',E'CZ 716'),
      (1,E'Brad Hein',NULL),
      (2,E'Ridley',E'C5 533'),
      (3,E'Greenwood',NULL),
      (4,E'Waddell',E'MH 420'),
      (5,E'Danson',NULL),
      (7,E'Peirce',NULL),
      (8,E'Spiteri',E'PT 895'),
      (9,E'Doble',E'JA 804'),
      (10,E'Mitchell',E'ae776'),
      (11,E'Carter',E'GS 301'),
      (12,E'Gillinghame',E'Same as last year'),
      (13,E'Staggard',E'OA 081'),
      (14,E'FS 533',E'Chris Friswell'),
      (15,E'Drechsler',E'JB 907'),
      (16,E'Danson',NULL),
      (17,E'Glenn Solomano',E'GF 920'),
      (18,E'Luke Solomano',E'MD 699'),
      (19,E'Butler',E'FP 929'),
      (20,E'McKenzie',E'KG 768'),
      (21,E'Rowland',NULL),
      (22,E'Johnson',E'BJ 031'),
      (23,E'Pinniger',E'JW 943'),
      (24,E'Gillingham',NULL),
      (25,E'Daykin',E'PR 378'),
      (26,E'Norton',E'LV 849'),
      (27,E'Nick Hein',NULL),
      (28,E'Ben Gillingham',NULL),
      (29,E'Sinclair',NULL),
      (30,E'Stubbs',E'MX 904'),
      (31,E'Hazen',E'GS 871'),
      (32,E'Carter',E'DC 336'),
      (33,E'Neivandt',NULL),
      (34,E'Khane McNeil',NULL),
      (35,E'Hicks',NULL),
      (36,E'McBeath',NULL),
      (37,E'Leahy',NULL),
      (38,E'Gilbert',NULL),
      (39,E'Collicoat',E'MA 967'),
      (40,E'Morison',NULL),
      (41,E'Nethercote',E'HJ 871'),
      (42,E'Hogg',E'KN 936'),
      (43,E'Teasdale',E'GG 368'),
      (44,E'Heritage',E'KT 674'),
      (45,E'Wren',NULL),
      (46,E'Shay',NULL),
      (47,E'McNeil',NULL),
      (48,E'Parker',NULL),
      (49,E'Millard',NULL),
      (50,E'Bray',NULL),
      (51,E'Maher',E'ML 713'),
      (52,E'Alan Friswell',NULL),
      (53,E'Ayres',NULL),
      (54,E'McKenna',E'EQ 453'),
      (55,E'Hunt',E'MW 766'),
      (56,E'Hollard',NULL),
      (57,E'Forster',E'PY 802'),
      (58,E'Semmler',NULL),
      (59,E'Holmberg',NULL),
      (60,E'Sharp',E'GU 770'),
      (61,E'Hopkins',E'EA 837'),
      (62,E'Moore',E'ND 341'),
      (63,E'Nelson',NULL),
      (64,E'Parker',E'PY 823'),
      (65,E'Ritchie',E'KB 728'),
      (66,E'Neill',E'EL 724'),
      (67,E'McCann',NULL),
      (68,E'Brent Martins',NULL),
      (69,E'Martins',E'KN 939'),
      (70,E'Dean McGowan',NULL),
      (71,E'Burnie Monaghan',NULL),
      (72,E'Harvey',NULL),
      (73,E'Dywer',NULL),
      (74,E'Bray',NULL),
      (75,E'Hunter',NULL),
      (76,E'Henry',E'KT 663'),
      (77,E'Lightbody',NULL),
      (78,E'Martin',E'DE 487'),
      (79,E'Neville',NULL),
      (80,E'Thompson',NULL),
      (81,E'Webb',NULL),
      (82,E'Borley',E'FV 638'),
      (83,E'Colville',NULL),
      (84,E'Stanton',NULL),
      (85,E'Pistol McDonald',NULL),
      (86,E'Budda',NULL),
      (87,E'Neil Hopkins',NULL),
      (88,E'McKenzie',NULL),
      (89,E'Greg Murray',NULL),
      (90,E'Cam Coulter',NULL),
      (91,E'Scott Millar',NULL),
      (92,E'Geoff McNeil',NULL),
      (93,E'Hazeldene',E'LS 622'),
      (94,E'Napier',NULL),
      (95,E'Greg Maher',NULL),
      (96,E'Rusty',NULL),
      (97,E'Stewart Anderson',NULL);



DROP TABLE IF EXISTS "catch";

CREATE TABLE "catch" (
    "catch_id" INTEGER PRIMARY KEY,
    "fish_type" TEXT,
    "competitor_id" INTEGER,
    "size" DOUBLE PRECISION,
    "date" TIMESTAMP,
    "time" TIMESTAMP,
    "marshall" TEXT,
    "bait" TEXT,
    "location" TEXT
);

INSERT INTO "catch"("catch_id","fish_type","competitor_id","size","date","time","marshall","bait","location")
VALUES(1,E'Carp',99,65,E'2011-03-19 00:00:00',E'1899-12-30 12:20:00',E'Matthew Webb',E'Yabby Tail',NULL),
      (2,E'Yellowbelly',187,38.5,E'2011-03-19 00:00:00',E'1899-12-30 15:07:00',E'Cameron Coulter',E'Shrimp',E'11-12'),
      (3,E'Yellowbelly',136,40,E'2011-03-19 00:00:00',E'1899-12-30 14:50:00',E'Peter McDonald',E'Yabby',E'9km'),
      (4,E'Carp',101,70,E'2011-03-19 00:00:00',E'1899-12-30 15:40:00',E'Simon Ettershank',E'Worms',E'3km-6km'),
      (5,E'Carp',36,67,E'2011-03-19 00:00:00',E'1899-12-30 16:45:00',E'Jim Hirst',E'Cheese & Worms',E'3km-6km'),
      (6,E'Yellowbelly',113,38.5,E'2011-03-19 00:00:00',E'1899-12-30 17:35:00',E'Jim Hirst',E'Shrimp',E'6km'),
      (7,E'Yellowbelly',201,30,E'2011-03-19 00:00:00',E'1899-12-30 17:07:00',E'Daniel Nethicoate',E'Yabby',E'9km'),
      (8,E'Yellowbelly',101,31,E'2011-03-19 00:00:00',E'1899-12-30 14:10:00',E'Scott McNeil',E'Worms',E'3km'),
      (9,E'Carp',36,63,E'2011-03-19 00:00:00',E'1899-12-30 12:20:00',E'Scott McNeil',E'Cheese & Worms',E'3km-4km'),
      (10,E'Carp',32,63,E'2011-03-19 00:00:00',E'1899-12-30 12:15:00',E'Scott McNeil',E'Cheese',E'3km-4km'),
      (11,E'Carp',101,65.5,E'2011-03-19 00:00:00',E'1899-12-30 10:57:00',E'Nathan Henry',E'Grub & Worms',E'5km'),
      (12,E'Carp',39,55.5,E'2011-03-19 00:00:00',NULL,E'Nathan Henry',E'Worms',E'3km-4km'),
      (13,E'Yellowbelly',104,33.5,E'2011-03-20 00:00:00',E'1899-12-30 09:40:00',E'Daniel Nethicoate',E'Shrimp',E'10km'),
      (14,E'Yellowbelly',137,33.5,E'2011-03-20 00:00:00',E'1899-12-30 09:55:00',E'Daniel Nethicoate',E'Worms',E'11.5km'),
      (15,E'Yellowbelly',32,40,E'2011-03-20 00:00:00',E'1899-12-30 10:20:00',E'Daniel Nethicoate',E'Shrimp & Worms',E'9km'),
      (16,E'Yellowbelly',32,36,E'2011-03-20 00:00:00',E'1899-12-30 10:21:00',E'Daniel Nethicoate',E'Shrimp & Worms',E'9km'),
      (17,E'Yellowbelly',32,37,E'2011-03-20 00:00:00',E'1899-12-30 10:22:00',E'Daniel Nethicoate',E'Shrimp & Worms',E'9km'),
      (18,E'Yellowbelly',102,45,E'2011-03-20 00:00:00',E'1899-12-30 10:40:00',E'Daniel Nethicoate',E'Worms',E'11.5km'),
      (19,E'Carp',58,66,E'2011-03-20 00:00:00',E'1899-12-30 11:00:00',E'Daniel Nethicoate',E'Worms',E'11km'),
      (20,E'Yellowbelly',9,32,E'2011-03-20 00:00:00',E'1899-12-30 10:15:00',E'Dean McGowan',NULL,E'8km'),
      (21,E'Carp',116,67,E'2011-03-20 00:00:00',E'1899-12-30 10:30:00',E'Dean McGowan',E'Shrimp',E'6km'),
      (22,E'Yellowbelly',32,38.5,E'2011-03-20 00:00:00',E'1899-12-30 10:55:00',E'Dean McGowan',NULL,E'9km');



DROP TABLE IF EXISTS "competitor";

CREATE TABLE "competitor" (
    "competitor_id" INTEGER PRIMARY KEY,
    "boat_id" INTEGER,
    "firstname" TEXT,
    "surname" TEXT,
    "address" TEXT,
    "suburb" TEXT,
    "state" TEXT,
    "postcode" TEXT,
    "phone" TEXT,
    "fax" TEXT,
    "mobile" TEXT,
    "email" TEXT,
    "paid" BOOLEAN,
    "junior" BOOLEAN
);

INSERT INTO "competitor"("competitor_id","boat_id","firstname","surname","address","suburb","state","postcode","phone","fax","mobile","email","paid","junior")
VALUES(37,19,E'Steve',E'Pryor',E'14 Hollywood Cre',E'Strathdale',E'VIC',E'3550',NULL,NULL,E'0407509023',NULL,TRUE,FALSE),
      (38,20,E'Darryl',E'McKenzie',E'18 Kerang Rd',E'Quambatook',E'VIC',E'3540',E'54571204',NULL,E'0429809743',NULL,TRUE,FALSE),
      (39,20,E'Teghan',E'McKenzie',E'18 Kerang Rd',E'Quambatook',E'VIC',E'3540',E'54571204',NULL,E'0429809743',NULL,FALSE,TRUE),
      (40,20,E'Shane',E'Hamlyn-Harris',E'525 Coughlan Rd',E'Quambatook',E'VIC',E'3540',E'54571393',NULL,E'0488577153',NULL,TRUE,FALSE),
      (41,21,E'Graham',E'Rowland',E'40 Shadforth St',E'Kerang',E'VIC',E'3579',NULL,NULL,E'0429372534',NULL,TRUE,FALSE),
      (42,21,E'Scott',E'Crouch',E'40 Shadforth St',E'Kerang',E'VIC',E'3579',NULL,NULL,E'0429372534',NULL,TRUE,FALSE),
      (43,22,E'Brendan',E'Johnson',E'92 Nelson St',E'Maryborough',E'VIC',E'3465',E'54614669',E'54604129',E'0439341815',E'johnsoncaravans@tpg.com.au',TRUE,FALSE),
      (44,11,E'Len',E'Johnson',E'24 Majorca Rd',E'Maryborough',E'VIC',E'3465',E'54613482',E'54604129',E'0409932796',E'johnsoncaravans@tpg.com.au',TRUE,FALSE),
      (45,23,E'Dean',E'Piggiger',E'9 Mountain View Court',E'Ararat',E'VIC',E'3377',E'03 53525478',NULL,E'0409940161',E'deanp@amesystems.com.au',TRUE,FALSE),
      (47,24,E'Wayde',E'Gillingham',E'Murray Valley Hwy',E'Kerang',E'VIC',E'3579',E'54503215',NULL,E'0407683045',NULL,TRUE,FALSE),
      (48,25,E'Mick',E'Daykin',E'80 Burgoyne St',E'Huntley',E'VIC',E'3550',NULL,NULL,E'0438243432',NULL,FALSE,FALSE),
      (49,25,E'Paul',E'Wheelhouse',NULL,E'Lockwood',NULL,NULL,NULL,NULL,NULL,NULL,FALSE,FALSE),
      (50,26,E'Jason',E'Norton',E'30 Lalbert Rd',E'Lake Boga',E'VIC',E'3584',E'03 50372549',NULL,E'0429558645',NULL,TRUE,FALSE),
      (51,26,E'Wes',E'Marsh',E'335 Murray Hwy',E'Lake Boga',E'VIC',E'3584',NULL,NULL,E'0414567643',NULL,TRUE,FALSE),
      (52,27,E'Matthew',E'Penny',E'2/14 Sherwood Dr',E'Flora Hill',E'VIC',E'3550',E'54428761',NULL,E'0457864795',E'mpenny@powercor.com.au',TRUE,FALSE),
      (53,28,E'Ben',E'Gillingham',NULL,NULL,NULL,NULL,NULL,NULL,NULL,NULL,TRUE,FALSE),
      (54,29,E'Davis',E'Sinclair',NULL,NULL,NULL,NULL,NULL,NULL,NULL,NULL,TRUE,FALSE),
      (55,29,E'David',E'Sinclair',NULL,NULL,NULL,NULL,NULL,NULL,NULL,NULL,TRUE,FALSE),
      (57,30,E'David',E'Stubbs',E'PO Box 226',E'Kerang',E'VIC',E'3579',NULL,E'54522525',E'0407506002',NULL,TRUE,FALSE),
      (56,30,E'Kevin',E'Moon',E'PO Box 136',E'Kerang',E'VIC',E'3579',E'54522377',NULL,E'0458420511',NULL,TRUE,FALSE),
      (58,31,E'Bill',E'Hazen',E'c/o PO',E'Murrabit',E'VIC',E'3579',E'54572213',NULL,NULL,NULL,TRUE,FALSE),
      (59,32,E'David',E'Carter',E'46 Fink Street',E'Maryborough',E'VIC',E'3465',E'54613669',NULL,E'0488408400',E'chivas4@bigpond.com',TRUE,FALSE),
      (60,32,E'Declan',E'Carter',E'46 Fink Street',E'Maryborough',E'VIC',E'3465',E'54613669',NULL,NULL,NULL,FALSE,TRUE),
      (61,33,E'Paul',E'Neivandt',E'198 McKenzie Rd',E'Kerang',E'VIC',E'3579',E'54521231',NULL,E'0429188308',E'neivandts@bigpond.com',TRUE,FALSE),
      (62,34,E'Khane',E'McNeil',E'128 Westblade Rd Myall',E'Via Kerang',E'VIC',E'3579',E'03 54570282',E'03 545703613',E'0488965952',E'mcblades@dragnet.com.au',TRUE,FALSE),
      (63,35,E'Stephon',E'Hicks',E'2 Bowland Close',E'Congupna',E'VIC',E'3633',E'58224828',E'58222503',E'0438312749',E'shicks@slshepparton.catholic.edu.au',TRUE,FALSE),
      (64,35,E'Andy',E'Gray',NULL,NULL,NULL,NULL,NULL,NULL,NULL,NULL,TRUE,FALSE),
      (65,36,E'Malcam',E'McBeath',E'21 Katunga Nth Rd',E'Kutunga',E'VIC',E'3640',NULL,NULL,E'0427096520',NULL,TRUE,FALSE),
      (66,37,E'Andrew',E'Leahy',E'179 Murrabit West Road',E'Murrabit',E'VIC',E'3579',E'03 54572368',E'54572466',E'0408500875',E'asurv@bigpond.com.au',TRUE,FALSE),
      (67,37,E'Brendan',E'Fletcher',E'4 Sweeny Street',E'Bendigo',E'VIC',E'3550',E'54428853',NULL,E'0409944195',NULL,TRUE,FALSE),
      (68,38,E'Gary',E'Gilbert',E'6 Queen Adelaide Crt',E'Wallan',E'VIC',E'3756',NULL,NULL,E'0458230615',E'g.a.gilbert@bigpond.com',TRUE,FALSE),
      (69,38,E'Nathan',E'Gilbert',E'6 Queen Adelaide Crt',E'Wallan',E'VIC',E'3756',NULL,NULL,E'0458230615',NULL,FALSE,TRUE),
      (70,39,E'Dean',E'Collicoat',E'105 Irome Stone Road Epson',E'Bendigo',E'VIC',E'3551',NULL,NULL,E'0488044174',NULL,TRUE,FALSE),
      (71,39,E'Jayden',E'Collicoat',E'105 Irome Stone Road Epson',E'Bendigo',E'VIC',E'3551',NULL,NULL,E'0418467878',NULL,TRUE,FALSE),
      (72,40,E'Terry',E'Morison',NULL,NULL,NULL,NULL,NULL,NULL,E'0411556649',NULL,TRUE,FALSE),
      (73,40,E'Trevor',E'McKerrow',NULL,NULL,NULL,NULL,NULL,NULL,NULL,NULL,TRUE,FALSE),
      (74,41,E'Col',E'Nethercote',E'47 Boundary St',E'Kerang',E'VIC',E'3579',E'54522744',E'54522744',E'0428522744',E'plumton@westnet.com.au',TRUE,FALSE),
      (75,42,E'Billy',E'Hogg',E'21 Lyall Ave',E'Kerang',E'VIC',E'3579',E'54521893',NULL,E'0417697543',NULL,TRUE,FALSE),
      (76,42,E'Kevin',E'Treacy',E'73 Bendigo Rd',E'Kerang',E'VIC',E'3579',E'54522492',NULL,E'0427305817',NULL,TRUE,FALSE),
      (77,43,E'Ray',E'Teasdale',E'Lower Loddon Rd',E'Kerang',E'VIC',E'3579',E'54522867',NULL,NULL,NULL,TRUE,FALSE),
      (78,43,E'Keith',E'Pertzel',E'Lower Loddon Rd',E'Kerang',E'VIC',E'3579',NULL,NULL,NULL,NULL,TRUE,FALSE),
      (79,44,E'Bruce',E'Heritage',E'243 Ashwin Rd',E'Murrabit',E'VIC',E'3579',E'03 54570300',E'03 54570300',E'0418862218',NULL,TRUE,FALSE),
      (80,45,E'Tim',E'Wren',E'160 Boundary St',E'Kerang',E'VIC',E'3579',NULL,NULL,E'0438691778',NULL,TRUE,FALSE),
      (81,98,E'Dean',E'Graco',E'16 Bryant St',E'Maryborough',E'VIC',E'3465',NULL,NULL,E'0409792872',E'deangraco@hotmail.com',TRUE,FALSE),
      (82,46,E'Peter',E'Shay',E'116 Queens Avenue',E'Maryborough',E'VIC',E'3465',E'54612790',NULL,E'0427612790',NULL,TRUE,FALSE),
      (83,47,E'Bailey',E'McNeil',E'918 Myall Rd',E'Myall',E'VIC',E'3579',E'54570304',E'54570305',NULL,NULL,TRUE,TRUE),
      (84,47,E'Jordan',E'McNeil',E'918 Myall Rd',E'Myall',E'VIC',E'3579',E'54570304',E'54570305',NULL,NULL,TRUE,TRUE),
      (85,48,E'Peter',E'Parker',E'146 Hannah Lane',E'Murrabit',E'VIC',E'3579',E'54572240',NULL,E'0427880949',NULL,TRUE,FALSE),
      (86,48,E'Rob',E'McFarlane',NULL,E'Lake Boga',E'VIC',NULL,NULL,NULL,NULL,NULL,TRUE,FALSE),
      (87,49,E'Tim',E'Millard',E'75 Cassidy Lane',E'Koondrook',E'VIC',E'3580',E'03 54533717',NULL,E'0417346431',E'timwmillard@gmail.com',TRUE,FALSE),
      (88,50,E'Josh',E'Bray',E'73 Nolan St',E'Kerang',E'VIC',E'3579',NULL,NULL,E'0428994891',NULL,TRUE,FALSE),
      (89,51,E'Greg',E'Maher',E'143 Reservoir Rd',E'Bendigo',E'VIC',E'3550',E'54412457',NULL,E'0418538897',NULL,TRUE,FALSE),
      (90,52,E'Alan',E'Friswell',E'4 Poplar St',E'Golden Square',E'VIC',E'3555',E'0401991208',NULL,E'0407435746',E'alan.friswell@boc.com',TRUE,FALSE),
      (91,54,E'Jarrod',E'Ayres',E'11 Grant St',E'Heathcote',E'VIC',E'3523',NULL,NULL,E'0437056456',E'dirzy_2@hotmail.com',TRUE,FALSE),
      (92,54,E'Brandon',E'McKenna',E'4/3 McKay Ct Strathdale',E'Bendigo',E'VIC',E'3550',NULL,NULL,E'0400774165',E'bmckenna@powercor.com.au',TRUE,FALSE),
      (93,54,E'Matthew',E'McKenna',E'4/3 McKay Ct Strathdale',E'Bendigo',E'VIC',E'3550',NULL,NULL,E'0435745402',NULL,TRUE,FALSE),
      (94,55,E'Nev',E'Hunt',E'6 Lovey Drive',E'Bendigo',E'VIC',E'3550',E'54484892',NULL,NULL,E'nhunt@powercor.com.au',TRUE,FALSE),
      (95,55,E'Matt',E'Forster',E'3 Egans Rd',E'Huntly',E'VIC',E'3551',E'54488910',NULL,E'0400998411',NULL,TRUE,FALSE),
      (96,56,E'Bill',E'Hollard',E'4 Station St',E'Koondrook',E'VIC',E'3580',E'54532786',NULL,NULL,NULL,TRUE,FALSE),
      (97,56,E'Dale',E'Laursen',E'Main Rd',E'Koondrook',E'VIC',E'3580',NULL,NULL,NULL,NULL,TRUE,FALSE),
      (98,57,E'Leigh',E'Forster',E'92 Victoria St',E'Pyramid Hill',E'VIC',E'3579',E'0427847033',NULL,NULL,E'leighanddebby@bigpond.com',TRUE,FALSE),
      (99,57,E'Stephen',E'O\'Donoghue',E'277 Murrabit West Road',E'Murrabit',E'VIC',E'3579',E'54572264',E'54572400',E'0418577238',E'stepheno@awma.au.com',TRUE,FALSE),
      (100,58,E'Jamie',E'Semmler',E'Wells Bridge Road',E'Benjeroop',E'VIC',E'3579',NULL,NULL,E'0411585716',E'semmcofarms@westnet.com.au',TRUE,FALSE),
      (104,58,E'Justin',E'Faint',E'RMD Saddleworth',E'Waterloo',E'SA',E'5413',NULL,NULL,E'0438884238',NULL,TRUE,FALSE),
      (101,59,E'Rod',E'Holmberg',E'66 Murray St',E'Kerang',E'VIC',E'3579',E'54521961',NULL,E'0400622916',E'rholmberg55@gmail.com',TRUE,FALSE),
      (102,60,E'Ben',E'Sharp',E'8 Brierly Ct',E'Sunbury',E'VIC',E'3429',E'97463575',NULL,E'0425850992',NULL,TRUE,FALSE),
      (103,60,E'Steven',E'Bowen',E'35 Racecourse Rd',E'Riddells Creek',E'VIC',E'3431',E'03 54287116',NULL,E'0409287116',E'tocklyofriddell@bigpond.com',TRUE,FALSE),
      (105,61,E'Bernard',E'Hopkins',E'PO Box 6076',E'White Hills',E'VIC',E'3550',E'54483378',NULL,E'0407186575',E'bghopkins@bigpond.com',TRUE,FALSE),
      (106,61,E'Colin',E'Ronalds',E'61 Knight St',E'Maffra',E'VIC',E'3860',E'51471295',NULL,E'0409599715',E'cbronalds@yahoo.com.au',TRUE,FALSE),
      (107,51,E'Mike',E'McKenna',E'37 Stephenson St',E'Huntly',E'VIC',E'3551',E'03 54488018',NULL,E'0407539559',E'm.mckenna1@bigpond.com',TRUE,FALSE),
      (108,62,E'Dean',E'Moore',E'68 Racecourse Rd',E'Ascot',E'VIC',E'3551',NULL,NULL,E'0413000384',NULL,TRUE,FALSE),
      (109,62,E'Berdon',E'Hearns',E'64 Racecourse Rd',E'Ascot',E'VIC',E'3551',E'54484953',E'54484953',E'0419804771',NULL,TRUE,FALSE),
      (110,27,E'Ryan',E'Nelson',E'20 Mockridge Dr',E'Kangaroo Flat',E'VIC',E'3555',NULL,NULL,E'0409358066',NULL,TRUE,FALSE),
      (111,62,E'Darcy',E'Hearns',E'64 Racescourse Rd',E'Epsom',E'VIC',E'3551',E'03 54484953',E'03 54484953',E'0419804771',E'darcy_hearps@hotmail.com',FALSE,TRUE),
      (112,62,E'Matt',E'Coombs',E'13 Robinson St',E'Epsom',E'VIC',E'3551',NULL,NULL,E'0419804771',E'matt.c@hotmail.com',FALSE,TRUE),
      (113,64,E'Jeff',E'Parker',E'McMillians Rd',E'Boort',E'VIC',E'3537',E'54552389',NULL,E'048855298',NULL,TRUE,FALSE),
      (114,64,E'Geoff',E'Rumbold',E'2175 Boort-Kerang Rd',E'Leaghur',E'VIC',E'3537',E'54554282',NULL,E'0488171817',NULL,TRUE,FALSE),
      (115,65,E'Peter',E'Ritchie',E'13 Dellar St',E'Swan Hill',E'VIC',E'3585',E'50329491',NULL,E'0417573021',E'heatherpeter53@mail.com.au',TRUE,FALSE),
      (116,65,E'Paul',E'Mason',E'51 Woorinen St/Goshen Rd',E'Woorinen South',E'VIC',E'3588',E'03 50376623',NULL,E'0409808367',NULL,TRUE,FALSE),
      (117,15,E'Shane',E'Hamilton',E'31 Cassandra Crs',E'Epsom',E'VIC',E'3551',E'03 54484185',NULL,E'0422080045',NULL,TRUE,FALSE),
      (118,66,E'Pauline',E'Neill',E'45 Harrison Cres',E'Swan Hill',E'VIC',E'3585',NULL,NULL,E'0429050069',NULL,TRUE,FALSE),
      (119,66,E'Robert',E'Neill',E'45 Harrison Cres',E'Swan Hill',E'VIC',E'3585',NULL,NULL,E'0428131398',NULL,TRUE,FALSE),
      (120,95,E'Vince',E'Maher',NULL,E'Murrabit',E'VIC',E'3579',NULL,NULL,NULL,NULL,TRUE,FALSE),
      (121,67,E'Peter',E'McCann',NULL,E'Murrabit',E'VIC',E'3579',NULL,NULL,NULL,NULL,TRUE,FALSE),
      (122,68,E'Brent',E'Martins',E'48 Lake Charm East Road',E'Lake Charm',E'VIC',E'3581',E'03 54579408',NULL,E'0407434789',NULL,TRUE,FALSE),
      (123,69,E'Rob',E'Martins',E'48 Lake Charm East Rd',E'Lake Charm',E'VIC',E'3581',E'03 54579408',NULL,E'0459502518',E'rsmartins@impulse.net.au',TRUE,FALSE),
      (124,69,E'Josh',E'Martins',E'48 Lake Charm East Rd',E'Lake Charm',E'VIC',E'3581',E'03 54579408',NULL,E'0459502518',NULL,TRUE,FALSE),
      (125,70,E'Dean',E'McGowan',NULL,E'Barham',E'NSW',NULL,NULL,NULL,E'0447059832',NULL,TRUE,FALSE),
      (126,71,E'Burnie',E'Monaghan',NULL,NULL,NULL,NULL,NULL,NULL,NULL,NULL,TRUE,FALSE),
      (127,71,E'Gary',E'Mawat',NULL,NULL,NULL,NULL,NULL,NULL,NULL,NULL,TRUE,FALSE),
      (128,96,E'Rusty',E'Anderson',NULL,NULL,NULL,NULL,NULL,NULL,NULL,NULL,TRUE,FALSE),
      (129,97,E'Stewart',E'Anderson',E'449 Bownds St',E'Lavington',E'NSW',E'2641',NULL,NULL,E'0402425330',NULL,TRUE,FALSE),
      (130,97,E'Paul',E'Shanahan',E'167 Yabba Rd',E'Tallangatta',E'VIC',E'3700',NULL,NULL,NULL,NULL,TRUE,FALSE),
      (131,72,E'Billy',E'Harvey',NULL,NULL,NULL,NULL,NULL,NULL,NULL,NULL,TRUE,FALSE),
      (132,73,E'Josh',E'Dywer',NULL,NULL,NULL,NULL,NULL,NULL,NULL,NULL,TRUE,FALSE),
      (133,74,E'Daryl',E'Bray',NULL,E'Murrabit',NULL,NULL,NULL,NULL,NULL,NULL,TRUE,FALSE),
      (134,75,E'Chris',E'Hunter',E'6 Dunlop St',E'Kerang',E'VIC',E'3579',E'03 54503279',NULL,E'0438381483',NULL,TRUE,FALSE),
      (135,76,E'Greg',E'Henry',NULL,NULL,NULL,NULL,NULL,NULL,E'0418511953',NULL,TRUE,FALSE),
      (136,77,E'Spot',E'Lightbody',NULL,NULL,NULL,NULL,NULL,NULL,NULL,NULL,TRUE,FALSE),
      (137,78,E'Heinz',E'Martin',E'14 Banadell Ave',E'Bacchus Marsh',E'VIC',E'3340',E'03 53674215',NULL,E'0437122693',NULL,TRUE,FALSE),
      (138,78,E'James',E'Martin',E'14 Banadell Ave',E'Bacchus Marsh',E'VIC',E'3340',E'03 53674215',NULL,NULL,NULL,FALSE,TRUE),
      (139,79,E'Rhys',E'Neville',E'28 Murrabit St',E'Kerang',E'VIC',E'3579',NULL,NULL,E'0448345854',E'nev_53@hotmail.com',TRUE,FALSE),
      (140,79,E'Cameron',E'Stacey',E'100 Lylac Ave',E'Kerang',E'VIC',E'3579',NULL,NULL,E'0409892593',NULL,TRUE,FALSE),
      (141,79,E'Cade',E'Scriven',E'13 McConnell Close',E'Anglesea',E'VIC',E'3230',NULL,NULL,E'0400843442',NULL,TRUE,FALSE),
      (195,80,E'Colin',E'Thompson',E'River Rd',E'Murrabit',E'VIC',E'3579',E'03 54572225',NULL,E'0407865276',NULL,TRUE,FALSE),
      (196,80,E'Cathy',E'Thompson',E'River Rd',E'Murrabit',E'VIC',E'3579',E'03 54572225',NULL,NULL,NULL,TRUE,FALSE),
      (149,81,E'Matt',E'Webb',NULL,NULL,NULL,NULL,NULL,NULL,NULL,NULL,TRUE,FALSE),
      (150,81,E'Nathan',E'McKnight',NULL,NULL,NULL,NULL,NULL,NULL,NULL,NULL,TRUE,FALSE),
      (156,90,E'Cameron',E'Coulter',E'49 Shadforth St',E'Kerang',E'VIC',E'3579',NULL,NULL,E'0438572335',E'cam.shan@bigpond.com',TRUE,FALSE),
      (153,59,E'Neil',E'Hopkins',E'1 Whiter St',E'Murrabit',E'VIC',E'3579',NULL,NULL,E'0439970029',NULL,TRUE,FALSE),
      (151,82,E'Christopher',E'Borley',E'1921 Murray Valley Highway',E'Lake Charm',E'VIC',E'3581',NULL,NULL,E'0488028948',NULL,TRUE,FALSE),
      (144,0,E'Leigh',E'Millard',E'96 Greenhill Road',E'Mt Helen',E'VIC',E'3350',NULL,NULL,E'0437254190',E'leighroy_29@hotmail.com',TRUE,FALSE),
      (142,76,E'Nathan',E'Henry',E'129 Victoria St',E'Kerang',E'VIC',E'3579',E'03 54522461',NULL,E'0407362408',E'nats08@gmail.com',TRUE,FALSE),
      (143,83,E'Peter',E'Colville',NULL,NULL,NULL,NULL,NULL,NULL,NULL,NULL,TRUE,FALSE),
      (145,84,E'Ross',E'Stanton',E'1610 Cohuna-Koondrook Rd',E'Cohuna',E'VIC',E'3568',NULL,NULL,E'0417513769',NULL,TRUE,FALSE),
      (146,84,E'Darby',E'Stanton',E'1610 Cohuna-Koondrook Rd',E'Cohuna',E'VIC',E'3568',E'54531677',NULL,NULL,NULL,TRUE,TRUE),
      (147,0,E'Jill',E'Hein',E'RSD 245 Troy Rd',E'Myall',E'VIC',E'3579',E'03 54570241',E'03 54570241',E'0427570241',E'hein@harbourstat.com.au',TRUE,FALSE),
      (148,85,E'Peter',E'McDonald',NULL,E'Myall',E'VIC',E'3579',NULL,NULL,NULL,NULL,TRUE,FALSE),
      (152,86,E'Adam',E'Bujdoso',E'24 Cullen St',E'Kerang',E'VIC',E'3579',NULL,NULL,E'0419564866',NULL,TRUE,FALSE),
      (154,88,E'Sharon',E'McKenzie',E'207 White Lane',E'Kerang',E'VIC',E'3579',NULL,NULL,E'0400960314',E'harleysharan100@yahoo.com.au',TRUE,FALSE),
      (155,89,E'Greg',E'Murray',E'RSD 283 Salau Rd',E'Murrabit West',E'VIC',E'3579',NULL,NULL,E'0488566935',NULL,TRUE,FALSE),
      (157,91,E'Scott',E'Millar',NULL,NULL,NULL,NULL,NULL,NULL,NULL,NULL,TRUE,FALSE),
      (158,91,E'Sam',E'Randall',NULL,NULL,NULL,NULL,NULL,NULL,E'0409174827',NULL,TRUE,FALSE),
      (159,91,E'Clay',E'Randall',NULL,NULL,NULL,NULL,NULL,NULL,NULL,NULL,TRUE,FALSE),
      (160,92,E'Geoff',E'McNeil',NULL,NULL,NULL,NULL,NULL,NULL,NULL,NULL,TRUE,FALSE),
      (161,98,E'Shane',E'Hutchins',E'74 Grey St',E'Terang',E'VIC',E'3264',NULL,NULL,E'0407688978',NULL,TRUE,FALSE),
      (167,0,E'Scott',E'Wishart',E'Boundary Street',E'Kerang',E'VIC',E'3579',NULL,NULL,NULL,NULL,TRUE,FALSE),
      (162,98,E'Glen',E'Hutchins',NULL,NULL,NULL,NULL,NULL,NULL,NULL,NULL,TRUE,FALSE),
      (163,102,E'Danny',E'Nethercote',NULL,NULL,NULL,NULL,NULL,NULL,NULL,NULL,TRUE,FALSE),
      (164,103,E'Rowan',E'McKerrow',NULL,E'Lake Charm',NULL,NULL,NULL,NULL,NULL,NULL,TRUE,FALSE),
      (165,0,E'Justin',E'Rooney',NULL,NULL,NULL,NULL,NULL,NULL,NULL,NULL,TRUE,FALSE),
      (166,104,E'Paul',E'Walker',E'Stradbroke Ave',E'Swan Hill',E'VIC',E'3585',NULL,NULL,E'0457183744',NULL,TRUE,FALSE),
      (168,105,E'Aaron',E'Grahame',E'33 Park Road',E'Maryborough',E'VIC',E'3465',NULL,NULL,NULL,NULL,TRUE,FALSE),
      (169,0,E'Dain',E'Hayes',NULL,NULL,NULL,NULL,NULL,NULL,NULL,NULL,FALSE,FALSE),
      (170,0,E'Josh',E'Peace',NULL,NULL,NULL,NULL,NULL,NULL,NULL,NULL,FALSE,FALSE),
      (171,0,E'Simon',E'Morton',NULL,NULL,NULL,NULL,NULL,NULL,NULL,NULL,FALSE,FALSE),
      (172,0,E'Jon',E'Hirst',NULL,NULL,NULL,NULL,NULL,NULL,NULL,NULL,FALSE,FALSE),
      (173,0,E'Dave',E'Millard',NULL,NULL,NULL,NULL,NULL,NULL,NULL,NULL,FALSE,FALSE),
      (174,42,E'Terry',E'Treacy',NULL,NULL,NULL,NULL,NULL,NULL,NULL,NULL,TRUE,FALSE),
      (175,106,E'Buckland',E'Daniel',E'1 Prince Street',E'Creswick',E'VIC',E'3363',NULL,NULL,NULL,NULL,TRUE,TRUE),
      (176,106,E'Jack',E'Clarke',E'24 Smyth Stret',E'Allendale',E'VIC',E'3364',NULL,NULL,NULL,NULL,TRUE,TRUE),
      (177,107,E'Mathew',E'Johnson',NULL,NULL,NULL,NULL,NULL,NULL,NULL,NULL,FALSE,FALSE),
      (178,0,E'Kristian',E'Bray',E'161 Boundary Street',E'Kerang',E'VIC',E'3579',NULL,NULL,NULL,NULL,TRUE,FALSE),
      (179,93,E'Peter',E'Hazeldene',E'190 Little Murray Rd',E'Benderoop',E'VIC',E'3579',NULL,NULL,E'0427511789',NULL,TRUE,FALSE),
      (180,93,E'Mick',E'Ilsley',E'136 Main St Sepastian',E'E.Hawk',E'VIC',E'3550',E'54361481',NULL,E'0427240156',NULL,TRUE,FALSE),
      (181,94,E'Gary',E'Napier',E'Myall Rd',E'Myall',E'VIC',E'3579',NULL,NULL,NULL,NULL,TRUE,FALSE),
      (182,0,E'Nerissa',E'McNeil',E'128 Westblade Rd',E'Kerang',E'VIC',E'3579',E'03 54570282',E'03 54570363',E'0408849274',NULL,TRUE,FALSE),
      (183,95,E'Greg',E'Maher',E'20 Gonn',E'Murrabit',E'VIC',E'3579',E'54572293',NULL,NULL,NULL,TRUE,FALSE),
      (184,95,E'Rick',E'Maher',E'Murrabit West Road',E'Murrabit',E'VIC',E'3579',NULL,NULL,NULL,NULL,TRUE,FALSE),
      (187,31,E'Adrian',E'Pangrazio',NULL,E'Murrabit',E'VIC',E'3579',NULL,NULL,NULL,NULL,TRUE,FALSE),
      (197,80,E'Lindsay',E'Oliver',E'3 Hocking Drive',E'Swan Hill',E'VIC',E'3585',E'50323316',NULL,NULL,NULL,TRUE,FALSE),
      (185,0,E'Ash',E'Hobson',NULL,NULL,NULL,NULL,NULL,NULL,NULL,NULL,TRUE,FALSE),
      (186,85,E'Simon',E'Ettershank',NULL,NULL,NULL,NULL,NULL,NULL,NULL,NULL,TRUE,FALSE),
      (188,108,E'Maurice',E'O\'Brien',NULL,NULL,NULL,NULL,NULL,NULL,NULL,NULL,TRUE,FALSE),
      (189,108,E'Don',E'O\'Brien',NULL,NULL,NULL,NULL,NULL,NULL,NULL,NULL,TRUE,FALSE),
      (190,109,E'Jason',E'Halligan',NULL,NULL,NULL,NULL,NULL,NULL,NULL,NULL,TRUE,FALSE),
      (191,109,E'Andrew',E'Branson',NULL,NULL,NULL,NULL,NULL,NULL,NULL,NULL,TRUE,FALSE),
      (192,110,E'Nathan',E'Rogers',NULL,NULL,NULL,NULL,NULL,NULL,NULL,NULL,TRUE,FALSE),
      (193,110,E'Andrew',E'Bish',NULL,NULL,NULL,NULL,NULL,NULL,NULL,NULL,TRUE,FALSE),
      (194,96,E'Martin',E'Close',NULL,NULL,NULL,NULL,NULL,NULL,NULL,NULL,TRUE,FALSE),
      (198,111,E'Rick',E'Sarre',E'PO Box',E'Lake Charm',E'VIC',E'3579',NULL,NULL,E'0429091295',NULL,TRUE,FALSE),
      (202,9,E'Jeff',E'Arnott',NULL,NULL,NULL,NULL,NULL,NULL,NULL,NULL,TRUE,FALSE),
      (203,99,E'Michael',E'Cook',NULL,NULL,NULL,NULL,NULL,NULL,NULL,NULL,TRUE,FALSE),
      (204,100,E'Dale',E'Hartley',E'323 Hannah Lane',E'Murrabit',E'VIC',E'3579',E'54572336',NULL,NULL,NULL,TRUE,FALSE),
      (205,101,E'Chris',E'Keady',NULL,E'Shepparton',E'VIC',NULL,NULL,NULL,NULL,NULL,TRUE,FALSE),
      (199,112,E'Glenn',E'Fitt',E'6 Tasman Place',E'Wyndham Vale',E'VIC',E'3024',NULL,NULL,NULL,NULL,TRUE,FALSE),
      (200,112,E'Troy',E'Van Groen',E'30 Maple Crescent',E'Hoppers Crossing',E'VIC',E'3029',NULL,NULL,E'0428903850',NULL,TRUE,FALSE),
      (201,112,E'Jason',E'Cooper',E'44 Millendon Bvd',E'Tarneit',E'VIC',E'3209',NULL,NULL,E'0411394504',NULL,TRUE,FALSE),
      (206,0,E'Mitch\nMitch',E'Laursen',NULL,NULL,NULL,NULL,NULL,NULL,NULL,NULL,TRUE,FALSE),
      (207,0,E'Greg',E'Bagg',NULL,NULL,NULL,NULL,NULL,NULL,NULL,NULL,FALSE,FALSE),
      (1,1,E'Brad',E'Hein',E'RSD 393 Myall Road',E'Myall',E'VIC',E'3579',E'03 54570229',NULL,E'0409570241',E'skipp_04@hotmail.com',TRUE,FALSE),
      (2,27,E'Nick',E'Hein',NULL,E'Bendigo',E'VIC',NULL,E'03 54443926',NULL,E'0409533153',E'nhe4072@bigpond.net.au',TRUE,FALSE),
      (3,2,E'Tracey',E'Ridley',E'52 Sussex St',E'Linton',E'VIC',E'3360',E'53447213',NULL,E'0419388486',E'ridley55@bigpond.com.au',TRUE,FALSE),
      (4,2,E'Bill',E'Redmond',E'c/o 52 Sussex St',E'Linton',E'VIC',E'3360',E'53449561',NULL,NULL,NULL,TRUE,FALSE),
      (5,3,E'Dennis',E'Greenwood',E'3 Airport Rd',E'Kerang',E'VIC',E'3579',E'0354503711',E'0354503722',E'0439503723',E'fordkerang@arnoldtgreenwood.com.au',TRUE,FALSE),
      (6,4,E'David',E'Waddell',E'65 Station St',E'Wallan East',E'VIC',E'3756',NULL,NULL,E'0400669002',E'frog.1974@hotmail.com',TRUE,FALSE),
      (7,4,E'Ian',E'Levitt',E'47 Borrack Crescent',E'Mernda',E'VIC',E'3754',NULL,NULL,E'0403991867',E'i.j.levitt@gmail.com',TRUE,FALSE),
      (8,12,E'Jeff',E'Gillingham',NULL,E'Lake Charm',E'VIC',E'3581',NULL,NULL,E'0428500702',NULL,TRUE,FALSE),
      (9,12,E'Peter',E'Ladgrove',E'7 Cullen St',E'Kerang',E'VIC',E'3579',E'54522724',NULL,NULL,NULL,TRUE,FALSE),
      (10,5,E'Jim',E'Danson',E'Dunbar Rd',E'Murrabit',E'VIC',E'3579',NULL,NULL,NULL,NULL,TRUE,FALSE),
      (11,5,E'Paul',E'Danson',E'Dunbar Rd',E'Murrabit',E'VIC',E'3579',NULL,NULL,NULL,NULL,TRUE,FALSE),
      (12,33,E'Terry',E'Stacey',E'PO Box 182',E'Kerang',E'VIC',E'3579',E'54522205',E'54503377',E'0428503377',NULL,TRUE,FALSE),
      (13,7,E'Steve',E'Peirce',E'64 Finlay Rd',E'Thurgoona',E'NSW',E'2640',NULL,NULL,E'0427799006',NULL,TRUE,FALSE),
      (14,7,E'Anthony',E'Harmer',E'22 Stevenson St',E'Wodonga',E'VIC',E'3690',NULL,NULL,E'0431142009',NULL,TRUE,FALSE),
      (15,8,E'Kevin',E'Spiteri',E'33 Bakewell St',E'North Bendigo',E'VIC',E'3550',NULL,E'54443503',E'0438428714',E'kkspiteri@hotmail.com',TRUE,FALSE),
      (16,8,E'Mark',E'Blink',E'31 Redwood Dve',E'Strathfieldsaye',E'VIC',E'3551',E'54394241',NULL,E'0437431191',NULL,TRUE,FALSE),
      (17,9,E'Glenn',E'Doble',E'PO Box 380 Sharkeys Rd',E'Goorwong',E'VIC',E'3557',E'54322563',NULL,E'0428507038',NULL,TRUE,FALSE),
      (18,9,E'Steve',E'Wilson',E'15 Regent St',E'Strathfeildsaye',E'VIC',E'3551',NULL,NULL,E'0429942232',NULL,TRUE,FALSE),
      (19,10,E'Caine',E'Mitchell',E'25 Swan St',E'Werribee',E'VIC',E'3030',NULL,NULL,E'0448987047',E'caine_mitchell76@hotmail.com',TRUE,FALSE),
      (20,10,E'Dominic',E'Nyholt',E'2 Martine Court',E'Hoppers Crossing',E'VIC',E'3029',NULL,NULL,E'0411606192',NULL,TRUE,FALSE),
      (21,11,E'Daryl',E'Carter',E'49 Argyle Road',E'Maryborough',E'VIC',E'3465',E'54613741',NULL,E'0428613741',NULL,TRUE,FALSE),
      (22,13,E'Jim',E'Staggard',E'39 Wilmington Ave',E'Hoppers Crossing',E'VIC',E'3029',E'03 97487813',NULL,E'0488424950',E'staggs@dodo.com.au',TRUE,FALSE),
      (23,13,E'Leigh',E'Tonkin',E'5 Finch St',E'Castlemaine',E'VIC',E'3450',NULL,NULL,E'0428102909',NULL,TRUE,FALSE),
      (24,13,E'Matthew',E'Staggard-Trewern',E'c/- 39 Wilmington Ave',E'Hoppers Crossing',E'VIC',E'3029',NULL,NULL,E'0428998623',NULL,TRUE,FALSE),
      (25,14,E'Chris',E'Friswell',E'10 Deakin Dr',E'Bendigo',E'VIC',E'3550',E'54411772',NULL,E'0401579294',NULL,TRUE,FALSE),
      (26,14,E'Damien',E'Coppock',E'6 Royal Ave',E'Bendigo',E'VIC',E'3550',NULL,NULL,E'0408311559',NULL,TRUE,FALSE),
      (27,0,E'Ray',E'McNeil',E'730 Myall Road',E'Myall',E'VIC',E'3579',E'54570252',E'54570314',NULL,E'betty1@ipstarmail.com.au',TRUE,FALSE),
      (28,15,E'Allan',E'Drechsler',E'149 Inglis Rd',E'Bagshot',E'VIC',E'3551',NULL,NULL,E'0418304418',E'wodwayringer@hotmail.com',TRUE,FALSE),
      (29,16,E'John',E'Danson',E'1860 Koondrook Road',E'Kerang',E'VIC',E'3579',E'03 54572266',NULL,NULL,NULL,TRUE,FALSE),
      (30,16,E'Wesley',E'Danson',E'1860 Koondrook Road',E'Kerang',E'VIC',E'3579',E'03 54572266',NULL,NULL,NULL,TRUE,FALSE),
      (31,16,E'Aaron',E'Danson',NULL,E'Barham',E'NSW',E'2732',NULL,NULL,NULL,NULL,FALSE,TRUE),
      (32,17,E'Glenn',E'Solomano',E'73 Eaglehawk Rd',E'Ironbark',E'VIC',E'3550',E'54409985',NULL,E'0418510758',E'bctglenn@netcon.net.au',TRUE,FALSE),
      (33,17,E'Steve',E'Kelson',E'51 Ellis St',E'Flora Hill',E'VIC',E'3550',E'54416665',NULL,E'0419884993',E'stkel1@hotmail.com',TRUE,FALSE),
      (34,18,E'Luke',E'Solomano',E'5 Booth St',E'Golden Square',E'VIC',E'3555',NULL,NULL,E'0417346134',E'solee@live.com.au',TRUE,FALSE),
      (35,18,E'Tim',E'Croft',E'1 Coolbunna Close',E'Golden Square',E'VIC',E'3555',NULL,NULL,E'0408541456',NULL,TRUE,FALSE),
      (36,19,E'Neil',E'Butler',E'17 Allison St',E'Bendigo',E'VIC',E'3550',NULL,NULL,E'0418571971',NULL,TRUE,FALSE);


-- Move to legacy schema
CREATE SCHEMA IF NOT EXISTS legacy_2011;
ALTER TABLE boat SET SCHEMA legacy_2011;
ALTER TABLE catch SET SCHEMA legacy_2011;
ALTER TABLE competitor SET SCHEMA legacy_2011;
