-- SQL Dump of murrabit-cod-challenge-2018.accdb
-- generated by MDB Viewer 2.2.7
-- optimized for PostgreSQL

SET NAMES 'UTF8';



DROP TABLE IF EXISTS "boat";

CREATE TABLE "boat" (
    "boat_id" INTEGER PRIMARY KEY,
    "name" TEXT,
    "registration_no" TEXT
);

INSERT INTO "boat"("boat_id","name","registration_no")
VALUES(1032,E'Ettershank',NULL),
      (1,E'McCalman',NULL),
      (2,E'peet',NULL),
      (3,E'Hitchcock',NULL),
      (4,E'Evans',NULL),
      (5,E'D tinnie',NULL),
      (6,E'Styles',NULL),
      (7,E'Bowen',NULL),
      (8,E'Brazzale',E'QJ575'),
      (9,E'DARYL',E'KY402'),
      (10,E'Wright',E'NG 654'),
      (11,E'Wenselowski',NULL),
      (12,E'Kardinaal',NULL),
      (13,E'Aitken',E'QZ432'),
      (14,E'Stacey',E'Em782'),
      (15,E'Briggs',NULL),
      (16,E'Carter',NULL),
      (17,E'Dippa',E'PR 378'),
      (18,E'DAYKIN',NULL),
      (19,E'Woods',NULL),
      (20,E'Frank',NULL),
      (21,E'Stubbs',NULL),
      (22,E'Stubbs',NULL),
      (23,E'Bray',NULL),
      (24,E'Shay',NULL),
      (25,E'Bruni',NULL),
      (26,E'Smith',NULL),
      (27,E'Peirce',NULL),
      (28,E'Gotabiton',NULL),
      (29,E'Kakoschke',NULL),
      (30,E'Edelsten',NULL),
      (31,E'Bannam',NULL),
      (32,E'Munter',NULL),
      (33,E'Parker',NULL),
      (34,E'McFarlane',NULL),
      (35,E'Mckenna',NULL),
      (36,E'Maher',NULL),
      (37,E'Mckenna',NULL),
      (38,E'Randall',NULL),
      (39,E'Randall',NULL),
      (40,E'Randall',NULL),
      (41,E'Solomano',NULL),
      (42,E'Kelson',NULL),
      (43,E'martin',NULL),
      (44,E'martin',NULL),
      (45,E'kierce',NULL),
      (46,E'norman',NULL),
      (47,E'mcardle',NULL),
      (48,E'mayberry',NULL),
      (49,E'magalotti',NULL),
      (50,E'webster',NULL),
      (51,E'webster',NULL),
      (52,E'webster',NULL),
      (53,E'wilson',NULL),
      (54,E'Ladgrove',NULL),
      (55,E'Gillingham',NULL),
      (56,E'O\'Donoghue',E'Mj 30'),
      (57,E'O\'Donoghue',E'SZ462'),
      (58,E'Forster',NULL),
      (59,E'Froffy Time',NULL),
      (60,E'Irwin',E'UN264'),
      (61,E'Dick',NULL),
      (62,E'Tanner',E'HQ480'),
      (63,E'Dyer',NULL),
      (64,E'Dyer',NULL),
      (65,E'Dyer',NULL),
      (66,E'SO',E'ED682'),
      (67,E'SO',E'ED682'),
      (68,E'cachia',E'LD 915'),
      (69,E'Sartori',NULL),
      (70,E'Denham',NULL),
      (71,E'Irwin',E'LD915'),
      (72,E'Fletcher',NULL),
      (73,E'Irwin',NULL),
      (74,E'Crawford',NULL),
      (75,E'Hookem',E'None'),
      (76,E'Hookem',NULL),
      (77,E'Happy Hooker',E'Fx398'),
      (78,E'Frankling',E'MJ30'),
      (79,E'Frankling',E'LU 404'),
      (80,E'Cooper',NULL),
      (81,E'Streader',NULL),
      (82,E'Bruni',NULL),
      (83,E'Cook',NULL),
      (84,E'Hepworth',NULL),
      (85,E'Semmler',NULL),
      (86,E'Beardon',E'SR523'),
      (87,E'Stakelum',NULL),
      (88,E'Broad',E'Ps373'),
      (89,E'Delamare',NULL),
      (90,E'O\'Callaghan',E'RU689'),
      (91,E'Boag',NULL),
      (92,E'Wilson',NULL),
      (93,E'kallen',NULL),
      (94,E'Collicoat',NULL),
      (95,E'Howard',NULL),
      (96,E'Collicoat',NULL),
      (97,E'Spiteri',NULL),
      (98,E'Blink',NULL),
      (99,E'callow',NULL),
      (100,E'Stubbs',E'MT)22'),
      (101,E'Crane',E'QF805'),
      (102,E'robertson',E'DS599'),
      (103,E'olver',NULL),
      (104,E'olver',NULL),
      (105,E'winderbank',NULL),
      (106,E'Anderson',NULL),
      (107,E'Burns',NULL),
      (108,E'Campbell',NULL),
      (109,E'Campbell',NULL),
      (110,E'Johnson',NULL),
      (111,E'Simms',NULL),
      (112,E'Penny',E'PG611'),
      (113,E'Romeril',NULL),
      (114,E'Sinapius',NULL),
      (115,E'Ketts',NULL),
      (116,E'Faint',NULL),
      (117,E'Happy hooker',NULL),
      (118,E'Larkin',NULL),
      (119,E'Flanagan',NULL),
      (120,E'Judge-Williams',E'ht607'),
      (121,E'Ginn',NULL),
      (122,E'Place',NULL),
      (123,E'Hooper',NULL),
      (124,E'Borialis',E'06714751 HG244 3 B30162'),
      (125,E'Thompson',E'Fx399'),
      (126,E'Tanner',NULL),
      (127,E'Davis',NULL),
      (128,E'Gloury',NULL),
      (129,E'Boyd',NULL),
      (130,E'Garrett',NULL),
      (131,E'Ring',NULL),
      (132,E'Condon',NULL),
      (133,E'Gilmore',NULL),
      (134,E'Murray',NULL),
      (135,E'Ayres',NULL),
      (136,E'power',E'mr013'),
      (137,E'Gatt',E'QJ575'),
      (138,E'MOONEY',NULL),
      (139,E'Hamlyn-Harris',NULL),
      (140,E'McKenzie',NULL),
      (141,E'Harmer',NULL),
      (142,E'Anderson',NULL),
      (143,E'Booth',E'QV880'),
      (144,E'Booth',E'QV880'),
      (145,E'Dyer',E'QV880'),
      (146,E'HOPKINS',NULL),
      (147,E'KING',E'QU893'),
      (148,E'Hookem',E'LU404'),
      (149,E'Hookem',NULL),
      (150,E'Hookem',NULL),
      (151,E'Hookem',NULL),
      (152,E'Hookem',NULL),
      (153,E'Lavey',NULL),
      (154,E'Lavey',E'KT366'),
      (155,E'Parker',NULL),
      (156,E'Sleeman',NULL),
      (157,E'Mills',NULL),
      (158,E'Mifsud',E'mr013'),
      (159,E'Savage',NULL),
      (160,E'Savage',NULL),
      (161,E'Keath',E'TX233'),
      (162,E'Matheson',E'JV509'),
      (163,E'Keath',NULL),
      (164,E'Hansford',NULL),
      (165,E'Johnson',NULL),
      (166,E'Dowdy',NULL),
      (167,E'Dowdy',E'KK 874 '),
      (168,E'Sayers',NULL),
      (169,E'Gurnett',NULL),
      (170,E'Penny',NULL),
      (171,E'White',E'mr013'),
      (172,E'White',E'mr013'),
      (173,E'McCartney',NULL),
      (174,E'Atkins',E'KT739'),
      (175,E'Bourke',NULL),
      (176,E'Hein',NULL),
      (177,E'385 Jabiru',NULL),
      (178,E'385 Jabiru',NULL),
      (179,E'Hunt',NULL),
      (180,E'Cod dog',E'SR634'),
      (181,E'Coulson',NULL),
      (182,E'Mccracken',NULL),
      (183,E'Cirrhosis on the river ',NULL),
      (184,E'Neville',NULL),
      (185,E'Wills',E'SE550'),
      (186,E'Cole',NULL),
      (187,E'Heywood',E'Mp 711'),
      (188,E'Heywood',NULL),
      (189,E'Quinlivan',NULL),
      (190,E'Grieves',E'HQ480'),
      (191,E'\' murrabit',NULL),
      (192,E'Peach',E'EF464'),
      (193,E'Burton',NULL),
      (194,E'Burton',NULL),
      (195,E'Kuffer',NULL),
      (196,E'Numb nuts fishing',E'HL911'),
      (197,E'Coobs',NULL),
      (198,E'Coobs',NULL),
      (199,E'Rhodes',NULL),
      (200,E'Mckenna',NULL),
      (201,E'Bath',E'\' '),
      (202,E'Ronchi',E'TE972'),
      (203,E'Miller',NULL),
      (204,E'Monro',NULL),
      (205,E'McManus',NULL),
      (206,E'Gillen',NULL),
      (207,E'Morison',NULL),
      (208,E'Morison',NULL),
      (209,E'Morison',NULL),
      (210,E'Sarre',NULL),
      (211,E'Hasben Fishing Team',NULL),
      (212,E'Martin',NULL),
      (213,E'Martin',NULL),
      (214,E'Rowan',NULL),
      (215,E'Neville',E'MP711'),
      (216,E'martin',NULL),
      (217,E'Webb',NULL),
      (218,E'Wilkinson',NULL),
      (219,E'Hepworth',NULL),
      (220,E'Antonio',NULL),
      (221,E'Van Oostveen',NULL),
      (222,E'Sedgwick',NULL),
      (223,E'Howell',NULL),
      (224,E'McNeil',NULL),
      (225,E'Petrie',NULL),
      (226,E'Numbnuts Fishing',NULL),
      (227,E'Hepworth',NULL),
      (228,E'Neivandt',NULL),
      (229,E'stanton',E'ARO2O'),
      (230,E'Stanton',E'ARO2O'),
      (231,E'McNeil',NULL),
      (232,E'Mangano',E'EF464'),
      (233,E'Mangano',E'Jk807'),
      (234,E'Mcphee',NULL),
      (235,E'Dippa',E'PR 378'),
      (236,E'Thomson',NULL),
      (237,E'Rogers',NULL),
      (238,E'Hartley',NULL),
      (239,E'Every',NULL),
      (240,E'Larsen',NULL),
      (241,E'Bagg',NULL),
      (242,E'Bagg',NULL),
      (243,E'Broadhurst',E'acp668n'),
      (244,E'Pearson',NULL),
      (245,E'Watts',NULL),
      (246,E'Mcdonald',NULL),
      (247,E'Hookem',E'QF805'),
      (248,E'Parsons',E'PQ325'),
      (249,E'Oliver',E'DC 336'),
      (250,E'Oliver',E'DC 336'),
      (251,E'Frothy Time',NULL),
      (252,E'Whitehead',NULL),
      (253,E'Danson & Leahy',NULL),
      (254,E'Unknown',NULL),
      (255,E'Unknown',NULL),
      (256,E'Unknown',NULL),
      (257,E'Fletcher',NULL),
      (258,E'Stacey',NULL),
      (259,E'Cod Wrangelers',NULL),
      (260,E'Unknown',NULL),
      (261,E'Buckland',NULL),
      (262,E'Collicoat',E'QJ 610'),
      (263,E'Heffer',E'GV 368 L'),
      (264,E'Smith',NULL),
      (265,E'Unknown',NULL),
      (266,E'Kirk',NULL),
      (267,E'Unknown',NULL),
      (268,E'Unknown',NULL),
      (269,E'Unknown',NULL),
      (270,E'Unknown',NULL),
      (271,E'Hollard & Laursen',E'LU 415'),
      (272,E'Unknown',NULL),
      (273,E'McKenzie & Hazen',NULL),
      (274,E'Unknown',NULL),
      (275,E'Shotton & Anderson',E'LL 919'),
      (276,E'Unknown',NULL),
      (277,E'McBeath',NULL),
      (278,E'Hosken & Bibby',E'LN 560'),
      (279,E'Unknown',NULL),
      (280,E'Heritage',E'DO 444'),
      (281,E'Unknown',NULL),
      (282,E'Semmler & Danson',E'ET 451'),
      (283,E'Gray',NULL),
      (284,E'Challis & Wagner',E'PX 590'),
      (285,E'Unknown',NULL),
      (286,E'YOLO',E'CS 533'),
      (287,E'Unknown',NULL),
      (288,E'Unknown',NULL),
      (289,E'Finn & Hay',NULL),
      (290,E'Unknown',NULL),
      (291,E'Johnson & Partridge',NULL),
      (292,E'Unknown',NULL),
      (293,E'Unknown',NULL),
      (294,E'Shea',NULL),
      (295,E'Unknown',NULL),
      (296,E'Rusty & Co',NULL),
      (297,E'Unknown',NULL),
      (298,E'Unknown',NULL),
      (299,E'Unknown',NULL),
      (300,E'Unknown',NULL),
      (1001,E'McKnight',E'CU155'),
      (1002,E'Carter',NULL),
      (1003,E'Carter',NULL),
      (1004,E'Peirce',NULL),
      (1005,E'Holmes',NULL),
      (1006,E'KOTTACHCHI \'- SO',NULL),
      (1007,E'Semmler',NULL),
      (1008,E'Semmler',NULL),
      (1009,E'Walker',NULL),
      (1010,E'Bray',NULL),
      (1011,E'Collicoat',NULL),
      (1012,E'Howard',E'KY402'),
      (1013,E'Spiteri',NULL),
      (1014,E'spicer',NULL),
      (1015,E'Harmer',NULL),
      (1016,E'Streader',E'QZ432'),
      (1017,E'Green',NULL),
      (1018,E'Keath',E'TX233'),
      (1019,E'Hein',NULL),
      (1020,E'Peach',E'EF464'),
      (1021,E'Lambert',NULL),
      (1022,E'Archard',NULL),
      (1023,E'Broadhurst',E'acp668n'),
      (1024,E'Parsons',NULL),
      (1025,E'Maher',E'PN688'),
      (1026,E'Maher',E'PN688'),
      (1027,E'Unknown',NULL),
      (1028,E'Unknown',NULL),
      (1029,E'Unknown',NULL),
      (1030,E'Unknown',NULL),
      (1031,E'Scoullar',NULL);



DROP TABLE IF EXISTS "catch";

CREATE TABLE "catch" (
    "catch_id" INTEGER PRIMARY KEY,
    "fish_type" TEXT,
    "competitor_id" INTEGER,
    "size" DOUBLE PRECISION,
    "date" TIMESTAMP,
    "time" TIMESTAMP,
    "marshall" TEXT,
    "bait" TEXT,
    "location" DOUBLE PRECISION
);

INSERT INTO "catch"("catch_id","fish_type","competitor_id","size","date","time","marshall","bait","location")
VALUES(61,E'Murray Cod',89,55,E'2018-03-17 00:00:00',E'1899-12-30 08:50:00',NULL,E'Grub',11),
      (62,E'Murray Cod',1005,57,E'2018-03-17 00:00:00',E'1899-12-30 11:20:00',NULL,E'Shrimp',10),
      (63,E'Murray Cod',280,57,E'2018-03-17 00:00:00',E'1899-12-30 11:30:00',NULL,E'Shrimp',12),
      (64,E'Yellowbelly',204,31.5,E'2018-03-17 00:00:00',E'1899-12-30 03:30:00',NULL,E'Shrimp',5),
      (65,E'Carp',238,73,E'2018-03-17 00:00:00',E'1899-12-30 10:04:00',NULL,E'Dim Sim',2),
      (66,E'Murray Cod',206,55.5,E'2018-03-17 00:00:00',E'1899-12-30 11:05:00',NULL,E'Cheese',3),
      (67,E'Murray Cod',175,58,E'2018-03-17 00:00:00',E'1899-12-30 15:10:00',NULL,E'Lure',6),
      (68,E'Yellowbelly',117,48.5,E'2018-03-17 00:00:00',E'1899-12-30 15:30:00',NULL,E'Shrimp',5),
      (69,E'Yellowbelly',84,44.5,E'2018-03-17 00:00:00',E'1899-12-30 15:50:00',NULL,E'Worms/Shrimp',6),
      (70,E'Murray Cod',125,55,E'2018-03-17 00:00:00',E'1899-12-30 16:15:00',NULL,E'Lure',4),
      (71,E'Murray Cod',248,64.5,E'2018-03-17 00:00:00',E'1899-12-30 17:00:00',NULL,E'Cheese',5),
      (72,E'Murray Cod',1024,60.5,E'2018-03-17 00:00:00',E'1899-12-30 17:55:00',NULL,E'Cheese',5),
      (73,E'Murray Cod',194,59,E'2018-03-17 00:00:00',E'1899-12-30 12:40:00',NULL,E'Chicken',10),
      (74,E'Carp',56,74,E'2018-03-17 00:00:00',E'1899-12-30 12:50:00',NULL,E'Shrimp',11),
      (75,E'Murray Cod',86,56,E'2018-03-17 00:00:00',E'1899-12-30 15:40:00',NULL,E'Grub',10),
      (76,E'Murray Cod',159,59,E'2018-03-17 00:00:00',E'1899-12-30 16:40:00',NULL,E'Cheese',9),
      (77,E'Yellowbelly',291,43,E'2018-03-17 00:00:00',E'1899-12-30 16:50:00',NULL,E'Shrimp',11),
      (78,E'Yellowbelly',110,31,E'2018-03-17 00:00:00',E'1899-12-30 16:50:00',NULL,E'Cheese',11),
      (80,E'Yellowbelly',1003,32,E'2018-03-17 00:00:00',E'1899-12-30 17:30:00',NULL,E'Worms/Shrimp',12),
      (81,E'Carp',282,59,E'2018-03-17 00:00:00',E'1899-12-30 08:32:00',NULL,E'Worms',5),
      (82,E'Yellowbelly',174,42,E'2018-03-17 00:00:00',E'1899-12-30 08:40:00',NULL,E'Lure',5),
      (83,E'Carp',264,60,E'2018-03-17 00:00:00',E'1899-12-30 08:50:00',NULL,E'Unknown',6),
      (84,E'Murray Cod',229,55,E'2018-03-17 00:00:00',E'1899-12-30 09:20:00',NULL,E'Cheese',5),
      (85,E'Murray Cod',147,0,E'2018-03-17 00:00:00',NULL,NULL,NULL,NULL),
      (86,E'Yellowbelly',173,44,E'2018-03-17 00:00:00',E'1899-12-30 09:35:00',NULL,E'Unknown',4),
      (87,E'Yellowbelly',41,48,E'2018-03-17 00:00:00',E'1899-12-30 09:45:00',NULL,E'Shrimp',5),
      (88,E'Yellowbelly',24,49,E'2018-03-17 00:00:00',NULL,NULL,E'Unknown',5),
      (89,E'Carp',285,57,E'2018-03-17 00:00:00',E'1899-12-30 12:36:00',NULL,E'Yabby',2),
      (90,E'Murray Cod',132,72,E'2018-03-17 00:00:00',E'1899-12-30 12:58:00',NULL,E'Shrimp',2),
      (91,E'Murray Cod',132,55,E'2018-03-17 00:00:00',E'1899-12-30 14:30:00',NULL,E'CHICKEN',1),
      (92,E'Murray Cod',27,55,E'2018-03-17 00:00:00',E'1899-12-30 08:45:00',NULL,E'Cheese',NULL),
      (93,E'Yellowbelly',277,41,E'2018-03-17 00:00:00',E'1899-12-30 09:05:00',NULL,E'Worms/Shrimp',6),
      (94,E'Murray Cod',18,59,E'2018-03-17 00:00:00',E'1899-12-30 10:00:00',NULL,E'Grub',9.5),
      (95,E'Murray Cod',18,61,E'2018-03-17 00:00:00',E'1899-12-30 10:45:00',NULL,E'Grub',9.5),
      (96,E'Murray Cod',55,59,E'2018-03-17 00:00:00',E'1899-12-30 10:55:00',NULL,E'Grub',8.5),
      (97,E'Murray Cod',68,55,E'2018-03-17 00:00:00',E'1899-12-30 11:30:00',NULL,E'Cheese',6.5),
      (98,E'Murray Cod',12,64,E'2018-03-17 00:00:00',E'1899-12-30 17:19:00',NULL,E'Shrimp',6),
      (99,E'Murray Cod',271,55,E'2018-03-18 00:00:00',E'1899-12-30 08:10:00',NULL,E'Cheese',4),
      (100,E'Murray Cod',18,66,E'2018-03-18 00:00:00',E'1899-12-30 08:28:00',NULL,E'Grub',9),
      (101,E'Yellowbelly',1029,31,E'2018-03-18 00:00:00',E'1899-12-30 09:38:00',NULL,E'Yabby',11);



DROP TABLE IF EXISTS "competitor";

CREATE TABLE "competitor" (
    "competitor_id" INTEGER PRIMARY KEY,
    "boat_id" INTEGER,
    "firstname" TEXT,
    "surname" TEXT,
    "address" TEXT,
    "suburb" TEXT,
    "state" TEXT,
    "postcode" TEXT,
    "phone" TEXT,
    "fax" TEXT,
    "mobile" TEXT,
    "email" TEXT,
    "paid" BOOLEAN,
    "junior" BOOLEAN
);

INSERT INTO "competitor"("competitor_id","boat_id","firstname","surname","address","suburb","state","postcode","phone","fax","mobile","email","paid","junior")
VALUES(1,1,E'Colin',E'McCalman',E'Farm 503',E'Coleambally',E'NSW',E'2707',NULL,NULL,E'0427544205',E'nacurrie503@bigpond.com',TRUE,FALSE),
      (2,2,E'brian',E'peet',E'35 bellbird ',E'coleambally',E'NSW',E'2707',E'0269544343',NULL,E'0428544136',E'belleypeet@gmail.com',TRUE,FALSE),
      (3,3,E'Brian',E'Hitchcock',E'1539 Condah/ Ettrick rd ',E'Homerton ',E'VIC',E'3304',E'0355271615',NULL,E'0429142777',E'speedbuzz58@hotmail.com',TRUE,FALSE),
      (4,3,E'Rod',E'Evans',E'24 bridge st',E'Narrawong ',E'VIC',E'3285',E'03 55295463',NULL,E'0447217931',E'tuffnuts9g@hotmail.com',TRUE,FALSE),
      (5,5,E'Peter',E'Muir',E'30 Epson street ',E'Laverton ',E'VIC',E'3028',E'03 93600107',NULL,E'0419591306',E'dute@newhilux.net',TRUE,FALSE),
      (6,6,E'Rob',E'Styles',E'4 Albert st',E'Coburg',E'VIC',E'3058',E'93549666',NULL,E'0418 533153',E'rob@rainwise.com.au',TRUE,FALSE),
      (7,6,E'Mark',E'Bowen',E'5 Genevieve ave',E'Echuca ',E'VIC',E'3564',NULL,NULL,E'0408 809418',E'texbowen@bigpong.com',TRUE,FALSE),
      (8,8,E'Andrew',E'Brazzale',E'14 Echidna Rd',E'Eltham',E'VIC',E'3095',NULL,NULL,E'0401 796 756',E'braz_23@hotmail.com',TRUE,FALSE),
      (9,9,E'CARTER',E'DARYL',E'49 ARGYLE ROAD',E'MARYBOROUGH',E'VIC',E'3465',E'0439613741',NULL,E'0439613741',E'cartersengineering@gmail.com',TRUE,FALSE),
      (10,10,E'Eddie',E'Wright',E'5 Hampton Court',E'Wodonga',E'VIC',E'3690',NULL,NULL,E'0408480665',E'eddie.wright@effem.com',TRUE,FALSE),
      (11,10,E'Josef',E'Wenselowski',E'2 Romsey',E'Wodonga',E'VIC',E'3690',NULL,NULL,E'0421165285',E'jandlwenselowski@bigpond.com',TRUE,FALSE),
      (12,12,E'Stephen',E'Kardinaal',E'130 boisdale sr',E'Maffra',E'VIC',E'3860',E'0351473331',NULL,E'0409951922',E'macdairy.maffra@gmail.com',TRUE,FALSE),
      (13,13,E'Andrew',E'Aitken',E'3 Excell st ',E'Long Gully ',E'VIC',E'3550',NULL,NULL,NULL,E'werdnewg@yahoo.com.au',TRUE,FALSE),
      (14,14,E'Dale',E'Stacey',E'8  Tree Change Way',E'Woodend',E'VIC',E'3442',NULL,NULL,E'0402054175',E'dale.stacey@elgas.com.au',TRUE,FALSE),
      (15,14,E'Mark',E'Briggs',E'3 Scotia Place',E'Woodend',E'VIC',E'3442',NULL,NULL,E'0404811540',E'markwbriggs@bigpond.com',TRUE,FALSE),
      (16,16,E'David',E'Carter',E'42 Poole st',E'Maryborough ',E'VIC',E'3465',E'54613660',NULL,E'0488408400',E'daveonsite4@gmail.com',TRUE,FALSE),
      (17,17,E'PAUL',E'WHEELHOUSE',E'22 MCIVOR FOREST DRIVE',E'JUNORTOUN',E'VIC',E'3551',E'0427353093',NULL,E'0427353093',E'bendigopoolcare@bigpond.com',TRUE,FALSE),
      (18,17,E'MICK',E'DAYKIN',E'28 COTTAGE CRES',E'KILMORE',E'VIC',E'3764',E'0438243432',NULL,E'0438243432',E'mickdaykin@gmail.com',TRUE,FALSE),
      (19,19,E'Tim',E'Woods',E'1 Bayfield drive',E'Eltham',E'VIC',E'3095',NULL,NULL,E'0432347604',E'timwoodscarpentry@hotmail.com',TRUE,FALSE),
      (20,20,E'Jim',E'Danson',E'174 Dunbar Road',E'Murrabit',E'VIC',E'3579',E'0354572367',NULL,E'0427572367',E'jodano21@hotmail.com',TRUE,FALSE),
      (21,21,E'Andrew',E'Stubbs',E'29 Dundas crt',E'Hamilton',E'VIC',E'3300',E'0419876637',NULL,E'0419876637',E'stubbs4@bigpond.com.au',TRUE,FALSE),
      (22,21,E'David',E'Stubbs',E'3 Mokana ST',E'Kerang',E'VIC',E'3579',NULL,NULL,E'0407506002',E'stubbs4@bigpond.com.au',TRUE,FALSE),
      (23,23,E'Kristian',E'Bray',E'161 boundary st',E'Kerang',E'VIC',E'3579',NULL,NULL,NULL,E'eggbray@hotmail.com',TRUE,FALSE),
      (24,24,E'Peter',E'Shay',E'116 Queens Avenue',E'Maryborough',E'VIC',E'3465',NULL,NULL,E'0427612790',E'prandhjshay@bigpond.com',TRUE,FALSE),
      (25,25,E'Dwayne',E'Bruni',E'PO Box 1185 ',E'Kyneton',E'VIC',E'3444',NULL,NULL,E'0434392866',E'alanaseddon@hotmail.com',TRUE,FALSE),
      (26,25,E'Darren',E'Smith',E'80 Mitchell Street',E'Kyneton',E'VIC',E'3444',NULL,NULL,E'0400932922',E'dsmith@ucs.com.au',TRUE,FALSE),
      (27,27,E'Steven',E'Peirce',E'64 Finlay Rd',E'Thurgoona',E'NSW',E'2640',NULL,NULL,NULL,E's.peirce@hotmail.com',TRUE,FALSE),
      (28,28,E'Brent',E'Holmes',E'7 Ross St',E'Malmsbury ',E'VIC',E'3446',E'0438586518',NULL,NULL,E'flozzie33@hotmail.com',TRUE,FALSE),
      (29,28,E'Chris',E'Kakoschke',E'30 Lindsay Ave',E'Sunbury',E'VIC',E'3429',NULL,NULL,E'0419898688',E'chris_84@yahoo.com',TRUE,FALSE),
      (30,30,E'Jordan',E'Edelsten',E'4 Sebastian Close',E'Swan Hill',E'VIC',E'3585',E'0427398519',NULL,NULL,E'edo_06@hotmail.com',TRUE,FALSE),
      (31,30,E'James',E'Bannam',E'9 vista street',E'Eaglehawk',E'VIC',E'3556',NULL,NULL,NULL,E'jamesbannam@gmail.com',TRUE,FALSE),
      (32,32,E'Robert',E'Munter',E'50 Ruby Street',E'Essendon West',E'VIC',E'3040',E'0409350175',NULL,E'0409350175',E'munterr@gmail.com',TRUE,FALSE),
      (33,33,E'Peter',E'Parker',E'127 Hickey Lane',E'Benjeroop',E'VIC',E'3579',NULL,NULL,E'0427880949',E'mcfarlane.robert.a@bigpond.com',TRUE,FALSE),
      (34,33,E'Rob',E'McFarlane',E'18 Lalbert Road',E'Lake Boga',E'VIC',E'3584',NULL,NULL,E'0428557450',E'mcfarlane.robert.a@bigpond.com',TRUE,FALSE),
      (35,35,E'Michael',E'Mckenna',E'37 Stephenson Street ',E'Huntly ',E'VIC',E'3551',NULL,NULL,E'0407539559',E'm.mckenna1@bigpond.com',TRUE,FALSE),
      (36,35,E'Gregory',E'Maher',E'37 Stephenson Street ',E'Huntly ',E'VIC',E'3551',NULL,NULL,E'O407539559',E'gmaher@powercor.com.au',TRUE,FALSE),
      (37,35,E'Matthew',E'Mckenna',E'37 Stephenson Street ',E'Huntly ',E'VIC',E'3551',NULL,NULL,E'0407539559',E'm.mckenna1@bigpond.com',TRUE,FALSE),
      (38,38,E'Sam',E'Randall',E'64 loop rd',E'Koondrook ',E'VIC',E'3580',NULL,NULL,E'0409174827',E'stephenrandall12@gmail.com',TRUE,FALSE),
      (39,38,E'Jack',E'Randall',E'64 loop rd',E'Koondrook ',E'VIC',E'3580',NULL,NULL,E'0428668860',E'stephenrandall12@gmail.com',TRUE,FALSE),
      (40,38,E'Greg',E'Randall',E'958 fish point rd',E'Pental island',E'VIC',E'3585',E'50372732',NULL,NULL,E'stephenrandall12@gmail.com',TRUE,FALSE),
      (41,41,E'Glenn',E'Solomano',E'PO Box 287',E'Eaglehawk',E'VIC',E'3556',NULL,NULL,E'0418 459 985',E'glenns2502@gmail.com',TRUE,FALSE),
      (42,41,E'Steve',E'Kelson',E'3/2 Smalley Street',E'California Gully',E'VIC',E'3556',NULL,NULL,E'0419 884 993',E'stkl1@hotmail.com',TRUE,FALSE),
      (43,43,E'mick',E'martin',E'115 sunset views bvd',E'tarneit',E'VIC',E'3029',NULL,NULL,E'0402788241',E'mikgm@bigpond.com',TRUE,FALSE),
      (44,43,E'frank',E'martin',E'4 ormond rd',E'west footscray',E'VIC',E'3012',NULL,NULL,E'0411063770',E'fma34202@bigpond.net.au',TRUE,FALSE),
      (45,43,E'ken',E'kierce',E'4 tucker st',E'west footscray',E'VIC',E'3012',NULL,NULL,E'0419577069',E'kenandtrish@hotmail.com',TRUE,FALSE),
      (46,43,E'graham',E'norman',E'92 churchill ave',E'braybrook',E'VIC',E'3019',NULL,NULL,E'0419763644',E'snowynorman@hotmail.com',TRUE,FALSE),
      (47,43,E'mick',E'mcardle',E'52 brougham ave',E'wyndham vale',E'VIC',E'3024',NULL,NULL,E'0413328588',E'snowynorman@hotmail.com',TRUE,FALSE),
      (48,43,E'peter',E'mayberry',E'11 taegtow way',E'altona meadows',E'VIC',E'3028',NULL,NULL,NULL,E'mikgm@bigpond.com',TRUE,FALSE),
      (49,43,E'peter',E'magalotti',E'1 belah ave',E'altona',E'VIC',E'3018',NULL,NULL,E'0468928523',E'magalott@hotmail.com',TRUE,FALSE),
      (50,43,E'shaun',E'webster',E'1 belah ave',E'altona',E'VIC',E'3018',NULL,NULL,E'0434281514',E'magalott@hotmail.com',TRUE,FALSE),
      (51,43,E'david',E'webster',E'1 belah ave',E'altona',E'VIC',E'3018',NULL,NULL,E'0407331354',E'magalott@hotmail.com',TRUE,FALSE),
      (52,43,E'greg',E'webster',E'5 rosina drive',E'melton',E'VIC',E'3337',NULL,NULL,E'0403255832',E'magalott@hotmail.com',TRUE,FALSE),
      (53,53,E'matt',E'wilson',E'99 waterhaven bvd',E'point cook',E'VIC',E'3030',NULL,NULL,E'0418560455',E'magalott@hotmail.com',TRUE,FALSE),
      (54,54,E'Peter',E'Ladgrove',E'P O Box 114',E'Eaglehawk',E'VIC',E'3579',NULL,NULL,E'0478 225 861',E'helenladgrove@hotmail.com',TRUE,FALSE),
      (55,54,E'Jeff',E'Gillingham',E'68 Lake Charm East Road',E'Lake Charm',E'VIC',E'3581',NULL,NULL,E'0428 500 702',E'hladgrove@gmail.com',TRUE,FALSE),
      (56,78,E'Stephen',E'O\'Donoghue',E'277 Murrabit West Road ',E'Murrabit',E'VIC',E'3579',NULL,NULL,E'0418577238',E'burrpark@bigpond.com',TRUE,FALSE),
      (57,56,E'Scott',E'O\'Donoghue',E'34 Minchinbury Terrace ',E'Marrion',E'SA',E'5043',NULL,NULL,E'0409089114',E'burrpark@bigpond.com',TRUE,FALSE),
      (58,56,E'Leigh',E'Forster',E'92 Victoria Street ',E'Pyrimid Hill',E'VIC',E'3575',NULL,NULL,E'0427847033',E'burrpark@bigpond.com',TRUE,FALSE),
      (59,59,E'John',E'Fuller',E'24 Tennyson Street',E'Woodend',E'VIC',E'3442',E'0354274142',NULL,E'0427529059',E'cjfuller@bigpond.com',TRUE,FALSE),
      (60,60,E'John',E'Irwin',E'26, Arundel St',E'Benalla',E'VIC',E'3672',E'61417156083',NULL,E'61417156083',E'bigfella18@bigpond.com',TRUE,FALSE),
      (61,61,E'Colin',E'Dick',E'1/26 Montana St',E'Mermaid Beach',E'QLD',E'4218',NULL,NULL,E'0475253609',E'shonajoan@yahoo.com',TRUE,FALSE),
      (62,126,E'Douglas',E'Tanner',E'57 Fairway Grove',E'Rosebud',E'VIC',E'3939',E'59865492',NULL,E'0418323436',E'd.tan1955@bigpond.com',TRUE,FALSE),
      (63,63,E'Daryl',E'Dyer',E'21 smith street ',E'Grovedale ',E'VIC',E'3216',E'61408490405',NULL,E'0408490405',E'daggydaryl@hotmail.com',TRUE,FALSE),
      (64,63,E'Mal',E'Dyer',E'21 smith street ',E'Grovedale ',E'VIC',E'3216',E'61408490405',NULL,NULL,E'daggydaryl@hotmail.com',TRUE,FALSE),
      (65,63,E'Lindsay',E'Dyer',E'21smith street grovedale ',E'Grovedale ',E'VIC',E'3216',E'61408490405',NULL,E'0408490405',E'daggydaryl@hotmail.com',TRUE,FALSE),
      (66,66,E'POKOL',E'SO',E'31 DUNNINGS RD ',E'POINT COOK',E'VIC',E'3030',E'0423402999',NULL,E'0423402999',E'jennypokolso@gmail.com',TRUE,FALSE),
      (67,66,E'TORIAN',E'SO',E'31 DUNNINGS RD ',E'POINT COOK',E'VIC',E'3030',E'0412783093',NULL,E'0412783093',E'jennypokolso@gmail.com',TRUE,FALSE),
      (68,68,E'andrew',E'cachia',E'6 Cj Dennis place',E'point cook',E'VIC',E'3030',NULL,NULL,E'0418395469',E'abcachia@bigpond.com',TRUE,FALSE),
      (69,69,E'Peter',E'Sartori',E'3 Bronwyn crt ',E'Spring gully',E'VIC',E'3550',NULL,NULL,E'0428331490',E'admin@s2sport.com.au',TRUE,FALSE),
      (70,69,E'Tony',E'Denham',E'1 Chishlom st',E'Swan hill',E'VIC',E'3585',NULL,NULL,NULL,E'sartori@dcsi.net.au',TRUE,FALSE),
      (71,68,E'Tony',E'Irwin',E'20 Harper Road ',E'Murchison North',E'VIC',E'3610',NULL,NULL,E'0400215744',E'af.irwin@icloud.com',TRUE,FALSE),
      (72,71,E'Ayden',E'Fletcher',E'120 Cleeland Place',E'Kerang',E'VIC',E'3579',NULL,NULL,E'0475011718',E'af.irwin@icloud.com',TRUE,FALSE),
      (73,73,E'Matt',E'Irwin',E'5 Egmont St',E'Benalla',E'VIC',E'3672',E'03 57625092',NULL,E'0427970570',E'matt.irwin@y7mail.com',TRUE,FALSE),
      (74,73,E'Justin',E'Crawford',E'10 Goegan Drive',E'Kyabram',E'VIC',E'3620',NULL,NULL,E'0432792573',E'crawf73@live.com.au',TRUE,FALSE),
      (75,75,E'Michael',E'Woods',E'1 Bayfield Drive',E'Eltham',E'VIC',E'3095',NULL,NULL,E'0427184794',E'admin@hookem.com.au',TRUE,FALSE),
      (76,75,E'Jim',E'Anderson',E'50 Budburst Ave',E'Sunbury',E'VIC',E'3429',NULL,NULL,E'0414552753',E'jim@anderwoods.com.au',TRUE,FALSE),
      (77,117,E'Darren',E'Schultz',E'105 Ironstone Road, Epsom, Vic 3551',E'Epsom',E'VIC',E'3551',E'0400853810',NULL,E'0400853810',E'bigdazza50@gmail.com',TRUE,FALSE),
      (78,78,E'Rowan',E'Frankling',E'PO Box 36',E'Murrabit',E'VIC',E'3579',E'0428841699',NULL,NULL,E'juliefrankling@bigpond.com',TRUE,FALSE),
      (79,79,E'Todd',E'Frankling',E'PO Box 36',E'Murrabit',E'VIC',E'3579',NULL,NULL,NULL,E'juliefrankling@bigpond.com',TRUE,FALSE),
      (80,80,E'Damian',E'Cooper',E'153 Bobs st',E'White Hills ',E'VIC',E'3551',NULL,NULL,E'0409951264',E'Damiancooper1970@gmail.com',TRUE,FALSE),
      (81,81,E'Bryan',E'Streader',E'109 Lakeview St',E'Boort',E'VIC',E'3537',NULL,NULL,E'0428506562',E'hps3537@gmail.com',TRUE,FALSE),
      (82,81,E'Gilli',E'Bruni',E'302 Pipers Creek Rd',E'Kyneton ',E'VIC',E'3444',E'54221284',NULL,NULL,E'hps3537@gmail.com',TRUE,FALSE),
      (83,83,E'Steve',E'Cook',E'4 Parkview Dr',E'Serpentine ',E'VIC',E'3517',NULL,NULL,E'0447378383',E'cookiehd1993@outlook.com',TRUE,FALSE),
      (84,84,E'Geoff',E'Hepworth',E'5 Haines St',E'Creswick ',E'VIC',E'3363',NULL,NULL,E'0418370224',E'geoff@wideband.net.au',TRUE,FALSE),
      (85,85,E'Jamie',E'Semmler',E'22 Emu Road',E'Shelbourne',E'VIC',E'3515',NULL,NULL,E'0411585716',E'semmcofarms@westnet.com.au',TRUE,FALSE),
      (86,86,E'Adam',E'Beardon',E'65 Dysons Rd ',E'Mandurang ',E'VIC',E'3551',E'0427234054',NULL,NULL,E'adbeardon@powercor.com.au',TRUE,FALSE),
      (87,86,E'Des',E'Stakelum',E'601 Napier street',E'Epsom',E'VIC',E'3551',E'0407877315',NULL,NULL,E'dstakelum@powercor.com.au',TRUE,FALSE),
      (88,88,E'Tim',E'Broad',E'34 Pidgeon Gully road Maryborough',E'Maryborough',E'VIC',E'3465',E'03 54612375',NULL,E'0427301119',E'sharon.broad@bigpond.com',TRUE,FALSE),
      (89,89,E'Colin',E'Delamare',E'60 Hume St',E'Echuca',E'VIC',E'3564',NULL,NULL,E'0418100694',E'colindelamare36@gmail.com',TRUE,FALSE),
      (91,91,E'Jeremy',E'Boag',E'40 Metcalfe Drive',E'Romsey',E'VIC',E'3434',E'0438109717',NULL,E'0438109717',E'jeremyboag@gmail.com',TRUE,FALSE),
      (92,92,E'Sean',E'Wilson',E'188 mount pleasant road ',E'Eltham',E'VIC',E'3095',NULL,NULL,E'0431161551',E'2sean.wilson2@gmail.com',TRUE,FALSE),
      (93,93,E'marc',E'kallen',E'1 belah ave ',E'altona',E'VIC',E'3018',NULL,NULL,NULL,E'magalott@hotmail.com',TRUE,FALSE),
      (94,196,E'Paul',E'Collicoat',E'28 newton st ',E'Maryborough',E'VIC',E'3465',NULL,NULL,E'0417545149',E'pncollicoat1@bigpond.com.au',TRUE,FALSE),
      (95,94,E'Mark',E'Howard',E'3 mahers rd',E'Bowenvale',E'VIC',E'3465',NULL,NULL,NULL,E'pncollicoat1@bigpond.com.au',TRUE,FALSE),
      (96,5,E'Ivan',E'Collicoat',E'18 chaplins rd ',E'Carisbrook',E'VIC',E'3464',NULL,NULL,NULL,E'pncollicoat1@bigpond.com.au',TRUE,FALSE),
      (97,97,E'Kevin',E'Spiteri',E'33 Bakewell street ',E'North Bendigo ',E'VIC',E'3550',NULL,NULL,E'0438428714',E'Spiteriplumbing@hotmail.com',TRUE,FALSE),
      (98,97,E'Mark',E'Blink',E'33 Bakewell Street ',E'North Bendigo ',E'VIC',E'3550',NULL,NULL,E'0438428714',E'spiteriplumbing@hotmail.com',TRUE,FALSE),
      (99,99,E'kevin',E'callow',E'171 hilton street glenroy',E'melbourne',E'VIC',E'3046',E'0430966464',NULL,NULL,E'kfc@iprimus.com.au',TRUE,FALSE),
      (100,100,E'Colin',E'Stubbs',E'18 Moore street',E'Hamilton',E'VIC',E'3300',E'0428528614',NULL,NULL,E'colin.stubbs@cervusequipment.com.au',TRUE,FALSE),
      (101,100,E'Peter',E'Crane',E'Kent Road ',E'Hamilton',E'VIC',E'3300',NULL,NULL,E'0417364822',E'leeanecrane98@gmail.com',TRUE,FALSE),
      (102,102,E'mark',E'robertson',E'3 gearing street',E'maryborough ',E'VIC',E'3465',E'54612966',NULL,E'0427606006',E'mark.robertson@roads.vic.gov.au',TRUE,FALSE),
      (103,102,E'noel',E'olver',E'329 waterson road',E'maldon',E'VIC',E'3463',NULL,NULL,E'0419500573',E'Mark.Robertson@roads.vic.gov.au',TRUE,FALSE),
      (104,102,E'rhett',E'olver',E'329 waterson road',E'maldon',E'VIC',E'3463',NULL,NULL,E'0428752888',E'Mark.Robertson@roads.vic.gov.au',TRUE,FALSE),
      (105,102,E'colin',E'winderbank',E'lot1 2 burke street',E'baringhup',E'VIC',E'3463',NULL,NULL,E'0459980706',E'Mark.Robertson@roads.vic.gov.au',TRUE,FALSE),
      (106,106,E'Nick',E'Anderson',E'109 Barker street',E'Teesdale',E'VIC',E'3328',NULL,NULL,NULL,E'Nick.Anderson@viterra.com',TRUE,FALSE),
      (107,106,E'Dylan',E'Burns',E'31 Kings court',E'Teesdale',E'VIC',E'3328',NULL,NULL,E'0499696606',E'Dylburns24@gmail.com',TRUE,FALSE),
      (108,108,E'Darcy',E'Campbell',E'235 Hamilton highway',E'Fyansford ',E'VIC',E'3221',E'0439975558',NULL,NULL,E'darcy_cam@icloud.com',TRUE,FALSE),
      (109,108,E'Jack',E'Campbell',E'781 Clarke’s road',E'Anakie',E'VIC',E'3213',E'0447772925',NULL,NULL,E'darcy_cam@icloud.com',TRUE,FALSE),
      (110,110,E'Matthew',E'Johnson',E'30 Logan st',E'Maryborough',E'VIC',E'3465',NULL,NULL,E'0409235358',E'mjohnson@powercor.com.au',TRUE,FALSE),
      (111,111,E'Josh',E'Simms',E'21 Pascoe Street',E'Rochester',E'VIC',E'3561',NULL,NULL,E'0409520485',E'kylie_josh@bigpond.com',TRUE,FALSE),
      (112,111,E'Phillip',E'Penny',E'6769 Northern Hwy',E'Rochester',E'VIC',E'3561',NULL,NULL,NULL,E'kylie_josh@bigpond.com',TRUE,FALSE),
      (113,113,E'Ben',E'Romeril',E'30 john street',E'Eltham',E'VIC',E'3095',NULL,NULL,E'0400606939',E'benromers@gmail.com',TRUE,FALSE),
      (114,114,E'Darren',E'Sinapius',E'5204 murray valley hwy',E'Natya',E'VIC',E'3597',NULL,NULL,E'0447132621',E'dazza-105@hotmail.com',TRUE,FALSE),
      (115,114,E'Louise',E'Ketts',E'5235 murray valley hwy',E'Natya',E'VIC',E'3597',NULL,NULL,E'0498311100',E'louise_ketts@icloud.com',TRUE,FALSE),
      (116,116,E'Justin',E'Faint',E'489 Waterloo Road',E'Waterloo',E'SA',E'5413',NULL,NULL,E'0438884238',E'fainttradingtrust@outlook.com',TRUE,FALSE),
      (117,117,E'James',E'Bell',E'15 Atherton st ',E'Huntly ',E'VIC',E'3551',NULL,NULL,E'0424015550',E'hermit.james@gmail.com',TRUE,FALSE),
      (118,118,E'Marcus',E'Larkin',E'32 dunmore street',E'Mulwala',E'NSW',E'2647',NULL,NULL,E'0402473009',E'Marcuslarkin@hotmail.com',TRUE,FALSE),
      (119,119,E'Thomas',E'Flanagan',E'5 brooks court ',E'Mulwala',E'NSW',E'2647',NULL,NULL,E'0417125307',E'tomflanagan_11@hotmail.com',TRUE,FALSE),
      (120,120,E'Sonny',E'Judge-Williams',E'4 Rankin boulevard ',E'Wallan ',E'VIC',E'3756',NULL,NULL,E'0408353960',E'sonnyjw1@hotmail.com',TRUE,FALSE),
      (121,120,E'Shannon',E'Ginn',E'9 Heffey crt',E'Seymour ',E'VIC',E'3660',NULL,NULL,E'0423053050',E'ginn_27@hotmail.com',TRUE,FALSE),
      (122,122,E'Cameron',E'Place',E'2 Brushwood Crt',E'Ocean Grove',E'VIC',E'3226',E'0400451166',NULL,E'0400451166',E'cameron.place@bendigobank.com.au',TRUE,FALSE),
      (123,123,E'Mark',E'Hooper',E'4 Riverina parade',E'Echuca ',E'VIC',E'3564',NULL,NULL,E'0428842808',E'mhhooper@bigpond.com',TRUE,FALSE),
      (124,124,E'Christian',E'Borialis',E'188 mount pleasant road ',E'Eltham',E'VIC',E'3095',NULL,NULL,NULL,E'2sean.wilson2@gmail.com',TRUE,FALSE),
      (125,125,E'Colin',E'Thompson',E'673 River Road ',E'Murrabit West ',E'VIC',E'3579',E'03 54572225',NULL,E'0407865276',E'ccthommo@hotmail.com',TRUE,FALSE),
      (126,126,E'Barry',E'Tanner',E'2730 Bacchus Marsh/Balliang Road',E'Bacchus Marsh',E'VIC',E'3340',NULL,NULL,E'0400222824',E'barry@boatcatch.com',TRUE,FALSE),
      (127,127,E'Peter',E'Davis',E'12 valonia drive ',E'Eltham',E'VIC',E'3095',E'94390208',NULL,E'0458775029',E'shaz.davis@hotmail.com',TRUE,FALSE),
      (128,127,E'John',E'Gloury',E'12 valonia drive',E'Eltham',E'VIC',E'3095',E'94398704',NULL,E'0458775029',E'shaz.davis@hotmail.com',TRUE,FALSE),
      (129,129,E'Russell',E'Boyd',E'25 short st',E'kangaroo flay',E'VIC',E'3555',NULL,NULL,E'0432394567',E'russellboydconcrete@gmail.com',TRUE,FALSE),
      (130,129,E'Peter',E'Garrett',E'25 short st',E'kangaroo flat',E'VIC',E'3555',NULL,NULL,E'0418227025',E'russellboydconcrete@gmail.com',TRUE,FALSE),
      (131,131,E'Patrick',E'Ring',E'105 Caldwell street',E'HEATHCOTE',E'VIC',E'3523',E'0459292999',NULL,E'0459292999',E'pringa29@hotmail.com',TRUE,FALSE),
      (132,131,E'Joel',E'Condon',E'64 day street',E'East bendigo',E'VIC',E'3550',E'0403973923',NULL,NULL,E'Joel.condon@bendigoadelaide.com.au',TRUE,FALSE),
      (133,131,E'Corey',E'Gilmore',E'7 earls ct',E'Golden square',E'VIC',E'3555',E'0435914362',NULL,NULL,E'corka37@gmail.com',TRUE,FALSE),
      (134,134,E'Nev',E'Murray',E'287 Lower Loddon Road',E'Kerang',E'VIC',E'3579',E'54503034',NULL,E'0427346235',E'nevjo@westnet.com.au',TRUE,FALSE),
      (135,135,E'Jarrod',E'Ayres',E'3 Alfred Way ',E'Strathfieldsaye ',E'VIC',E'3551',E'0400878265',NULL,NULL,E'jayres@powercor.com.au',TRUE,FALSE),
      (136,136,E'ray',E'power',E'po box 609',E'cobram',E'VIC',E'3644',E'0358712160',NULL,E'0429902296',E'raymondpatrick398@gmail.com',TRUE,FALSE),
      (137,8,E'Sam',E'Gatt',E'140 river avenue',E'Plenty',E'VIC',E'3090',NULL,NULL,E'0439986141',E'samgatt1991@hotmail.com',TRUE,FALSE),
      (138,138,E'Dave',E'MOONEY',E'13 Vistarini Road',E'Murrabit West',E'VIC',E'3579',NULL,NULL,E'0427572411',E'davidmooney2@bigpond.com',TRUE,FALSE),
      (139,139,E'Shane',E'Hamlyn-Harris',E'525 Coughlan Rd',E'Quambatook',E'VIC',E'3540',NULL,NULL,E'0488577153',E'skhamhar@gmail.com',TRUE,FALSE),
      (140,139,E'Darryl',E'McKenzie',E'Kerang Rd',E'Quambatook',E'VIC',E'3540',NULL,NULL,NULL,E'skhamhar@gmail.com',TRUE,FALSE),
      (141,141,E'Anthony',E'Harmer',E'38 Cassinia court',E'THURGOONA',E'VIC',E'2640',E'0459800058',NULL,E'0459800058',E'mindimooo@hotmail.com',TRUE,FALSE),
      (142,142,E'David',E'Anderson',E'13 Glenscott Crescent',E'Strathmore Heights',E'VIC',E'3041',NULL,NULL,E'0412 369 361',E'oosh@bigpond.net.au',TRUE,FALSE),
      (143,143,E'Kevin',E'Booth',E'11lake side  drive',E'Lake Boga',E'VIC',E'3584',E'None',NULL,E'0417140865',E'stacka18@hotmail.com',TRUE,FALSE),
      (144,143,E'Jason',E'Booth',E'Bendigo',E'Goldensquare',E'VIC',E'3584',E'None',NULL,E'0438372556',E'stacka18@hotmail.com',TRUE,FALSE),
      (145,143,E'Jack',E'Dyer',E'Murrabit',E'Rabbit road',E'VIC',E'3584',E'None',NULL,E'0409568124',E'stacka18@hotmail.com',TRUE,FALSE),
      (146,146,E'NEIL',E'HOPKINS',E'1 WHITER ST',E'MURRANIT',E'VIC',E'3579',E'54572428',NULL,E'0490 830 641',E'neilhop57@gmail.com',TRUE,FALSE),
      (147,146,E'DANNY',E'KING',E'10 BOWLES RD',E'EPSOM',E'VIC',E'3551',NULL,NULL,E'0417 552 148',E'Danny@dpkmechanical.com.au',TRUE,FALSE),
      (148,79,E'Arron',E'Sutton',E'15 Lexington Avenue',E'Doreen',E'VIC',E'3754',NULL,NULL,E'0404839207',E'Arron.Sutton@premiumbeverages.com.au',TRUE,FALSE),
      (149,148,E'Brock',E'Sutton',E'15 Lexington Avenue',E'Doreen',E'VIC',E'3754',NULL,NULL,E'0404839207',E'Arron.Sutton@premiumbeverages.com.au',TRUE,FALSE),
      (150,148,E'Stuart Little',E'Heiniger',E'15 Lexington Avenue',E'Doreen',E'VIC',E'3754',NULL,NULL,E'0404839207',E'Arron.Sutton@premiumbeverages.com.au',TRUE,FALSE),
      (151,148,E'Bruce',E'Dunstan',E'1 Nyora Road',E'Eltham',E'VIC',E'3095',NULL,NULL,E'0413949027',E'admin@hookem.com.au',TRUE,FALSE),
      (152,148,E'Joel',E'Wilson',E'10 Rudkin Court',E'Hoppers Crossing',E'VIC',E'3029',NULL,NULL,E'0407512971',E'admin@hookem.com.au',TRUE,FALSE),
      (153,153,E'Ben',E'Lavey',E'787 River Road ',E'Murrabit west',E'VIC',E'3579',E'0417906425',NULL,E'0417906425',E'roseben2010@live.com.au',TRUE,FALSE),
      (154,153,E'Dan',E'Lavey',E'787 River Road',E'Murrabit West',E'VIC',E'3579',NULL,NULL,E'0412618259',E'roseben2010@live.com.au',TRUE,FALSE),
      (155,155,E'Jeff',E'Parker',E'667 Epsom-Barnadown Rd',E'BAGSHOT',E'VIC',E'3551',E'0458886201',NULL,E'0458886201',E'grandview3537@gmail.com',TRUE,FALSE),
      (156,156,E'Trevor',E'Sleeman',E'12 kating lane',E'Myers flat',E'VIC',E'3556',E'0429434646',NULL,NULL,E'trevor.sleeman@hotmail.com',TRUE,FALSE),
      (157,157,E'Greg',E'Mills',E'52 Woodlands Drive',E'Ocean Grove',E'VIC',E'3226',NULL,NULL,E'0422375045',E'greg.mills@rendine.com.au',TRUE,FALSE),
      (158,157,E'Tony',E'Mifsud',E'49 Marlin Drive',E'Ocean Grove',E'VIC',E'3326',NULL,NULL,E'0417351184',E'tonymifsud69@gmail.com',TRUE,FALSE),
      (159,159,E'Don',E'Smith',E'79 Mitchell stret',E'Kyneton',E'VIC',E'3444',E'0354221457',NULL,E'0418590295',E'kynwhitegoodsrepair@bigpond.com',TRUE,FALSE),
      (160,159,E'Myles',E'Green',E'145 Keegan road',E'Lauriston',E'VIC',E'3444',NULL,NULL,E'0425849211',E'myles.green74@bigpond.com',TRUE,FALSE),
      (161,161,E'Dan',E'Keath',E'450 murrabit road ',E'Murrabit',E'VIC',E'3579',NULL,NULL,E'0427151178',E'dantrans78@hotmail.com',TRUE,FALSE),
      (162,161,E'Shane',E'Matheson',E'450 murrabit road ',E'Murrabit',E'VIC',E'3579',NULL,NULL,E'0427151178',E'dantrans78@hotmail.com',TRUE,FALSE),
      (163,161,E'Elissa',E'Keath',E'450 murrabit road ',E'Murrabit',E'VIC',E'3579',NULL,NULL,E'0467275167',E'dantrans78@hotmail.com',TRUE,FALSE),
      (164,164,E'Adrian',E'Hansford',E'21 Turners Road ',E'Junortoun',E'VIC',E'3551',NULL,NULL,E'0437368417',E'hannyclare@gmail.com',TRUE,FALSE),
      (165,165,E'Leonard',E'Johnson',E'24 Majorca Rd',E'Maryborough',E'VIC',E'3465',E'0354611650',NULL,NULL,E'johnsoncaravans@tpg.com.au',TRUE,FALSE),
      (166,166,E'Louise',E'Dowdy',E'80 Bailey street',E'Amphitheatre ',E'VIC',E'3468',NULL,NULL,E'0429173632',E'rldowdy@hotmail.com',TRUE,FALSE),
      (167,166,E'Ross',E'Dowdy',E'80 Bailey street',E'Amphitheatre ',E'VIC',E'3468',NULL,NULL,E'0429173632',E'rldowdy@hotmail.com',TRUE,FALSE),
      (168,168,E'Kurt',E'Sayers',E'718 Murrabit West road Murrabit ',E'Murrabit ',E'VIC',E'3579',NULL,NULL,E'0467973983',E'kurtsayers1@gmail.com',TRUE,FALSE),
      (169,168,E'Liam',E'Gurnett',E'718 Murrabit West road Murrabit ',E'Murrabit ',E'VIC',E'3579',NULL,NULL,E'0467973983',E'kurtsayers1@gmail.com',TRUE,FALSE),
      (170,170,E'Matthew',E'Penny',E'58 Taylor St',E'Ascot',E'VIC',E'3551',NULL,NULL,E'0457864795',E'mpenny@powercor.com.au',TRUE,FALSE),
      (171,136,E'Ryan',E'White',E'8 dellar street',E'Swan hill',E'VIC',E'3585',NULL,NULL,E'0407542939',E'r.c.whitebricklaying@hotmail.com',TRUE,FALSE),
      (172,136,E'Christopher',E'White',E'8 dellar street ',E'Swan hill',E'VIC',E'3585',NULL,NULL,E'0473834980',E'r.c.whitebricklaying@hotmail.com',TRUE,FALSE),
      (173,173,E'Garret',E'McCartney',E'Po Box 995',E'Moama',E'NSW',E'2731',NULL,NULL,NULL,E'kinsey1985@hotmail.com',TRUE,FALSE),
      (174,173,E'Ben',E'Atkins',E'9 Kildare Ave',E'Moama',E'NSW',E'2731',NULL,NULL,NULL,E'kinsey1985@hotmail.com',TRUE,FALSE),
      (175,173,E'Quinton',E'Bourke',E'7 Iluka Ave',E'Moama',E'NSW',E'2731',NULL,NULL,NULL,E'kinsey1985@hotmail.com',TRUE,FALSE),
      (176,176,E'Nick',E'Hein',E'346 Guilmartin rd',E'Myall',E'VIC',E'3579',NULL,NULL,E'0409533153',E'nhe40472@bigpond.net.au',TRUE,FALSE),
      (177,177,E'Ian',E'Collicoat',E'42 Sutton Road',E'Maryborough',E'VIC',E'3465',NULL,NULL,E'0417 200 391',E'dcollicoat@outlook.com',TRUE,FALSE),
      (178,177,E'Dean',E'Collicoat',E'39 Neil Street',E'Kangaroo Flat',E'VIC',E'3555',NULL,NULL,E'0473 986 951',E'dcollicoat@outlook.com',TRUE,FALSE),
      (179,179,E'Nev',E'Hunt',E'6 Louey Drive',E'White Hills',E'VIC',E'3550',E'54 484892',NULL,E'0428 539 925',E'nhunt@powercor.com.au',TRUE,FALSE),
      (180,180,E'Chris',E'Wren',E'Post box502',E'Mildura',E'VIC',E'3502',NULL,NULL,E'0419036396',E'chriswren@outlook.com.au',TRUE,FALSE),
      (181,181,E'Toby',E'Coulson',E'Station rd',E'Epsom ',E'VIC',E'3551',NULL,NULL,E'0488224955',E'topcatcoulson@icloud.com',TRUE,FALSE),
      (182,181,E'Rob',E'Mccracken',E'Station rd',E'Epsom',E'VIC',E'3551',NULL,NULL,E'0488224955',E'topcatcoulson@icloud.com',TRUE,FALSE),
      (183,183,E'Rhys',E'Pontelandolfo',E'5 Amy Place ',E'Echuca ',E'VIC',E'3564',E'0408844341',NULL,NULL,E'rhyspontel@msn.com',TRUE,FALSE),
      (184,184,E'Wayne',E'Neville',E'53 Nugget St',E'Kerang',E'VIC',E'3579',NULL,NULL,E'0407557335',E'tigenev@hotmail.com',TRUE,FALSE),
      (185,185,E'Jim',E'Wills',E'22 hendersons rd',E'timor',E'VIC',E'3465',NULL,NULL,NULL,E'pncollicoat1@bigpond.com',TRUE,FALSE),
      (186,186,E'Zac',E'Cole',E'63 lavender park road ',E'Eltham',E'VIC',E'3095',NULL,NULL,NULL,E'zaccole@live.com.au',TRUE,FALSE),
      (187,187,E'Mark',E'Heywood',E'16 crichton ave',E'Port melbourne',E'VIC',E'3207',NULL,NULL,E'0433827348',E'mgheywood@hotmail.com',TRUE,FALSE),
      (188,187,E'Liam',E'Heywood',E'16 crichton avenue ',E'Port melbourne ',E'VIC',E'3207',E'0423419690',NULL,E'0423429690',E'liam.heywood@hotmail.com',TRUE,FALSE),
      (189,201,E'William',E'Quinlivan',E'17 DALTONS ROAD',E'WARRNAMBOOL',E'VIC',E'3280',E'0498815018',NULL,E'0498815018',E'quinlivan5@bigpond.com',TRUE,FALSE),
      (190,62,E'Andy',E'Grieves',E'667 Epsom-Barnadown Rd',E'BAGSHOT',E'VIC',E'3551',E'0458886201',NULL,E'0458886201',E'grandview3537@gmail.com',TRUE,FALSE),
      (191,191,E'Greg',E'Henry',E'324 Murrabit west road',E'Gonncrossing',E'VIC',E'3579',E'54572233',NULL,E'0418511953',E'greghenry5@bigpond.com',TRUE,FALSE),
      (192,192,E'Matthew',E'Peach',E'165 Woodward Road',E'Golden Square',E'VIC',E'3555',E'03 54473451',NULL,E'0417300221',E'matthew.peach@coateshire.com.au',TRUE,FALSE),
      (193,193,E'Dale',E'Burton',E'PO Box 79',E'Castlemaine ',E'VIC',E'3450',NULL,NULL,E'0437004492',E'burton.karen.k@edumail.vic.gov.au',TRUE,FALSE),
      (194,193,E'Karen',E'Burton',E'PO box79',E'Castlemaine ',E'VIC',E'3450',NULL,NULL,E'0400916826',E'burton.karen.k@edumail.vic.gov.au',TRUE,FALSE),
      (195,195,E'Jacob',E'Kuffer',E'PO Box 663',E'Swan Hill',E'VIC',E'3585',E'0458303870',NULL,NULL,E'Jacobckuffer@gmail.com',TRUE,FALSE),
      (196,196,E'Shannon',E'Martin',E'32 Mitchell Rd',E'MELTON SOUTH',E'VIC',E'3338',E'0458378140',NULL,NULL,E'Kerrwayne73@gmail.com',TRUE,FALSE),
      (197,197,E'Michael',E'Coobs',E'92 Shadforth Street',E'Kerang',E'VIC',E'3579',NULL,NULL,E'0488521643',E'vickicoobs@bigpond.com',TRUE,FALSE),
      (198,197,E'Troy',E'Coobs',E'92 Shadforth Street',E'Kerang',E'VIC',E'3579',NULL,NULL,E'0400539987',E'vickicoobs@bigpond.com',TRUE,FALSE),
      (199,199,E'Tristin',E'Rhodes',E'16 clare st ',E'Brookfield ',E'VIC',E'3338',NULL,NULL,E'0451474314',E'twisty245@hotmail.com',TRUE,FALSE),
      (200,200,E'Brandon',E'Mckenna',E'Lot 17 Oakridge drive',E'Huntly ',E'VIC',E'35551',NULL,NULL,E'0400774165',E'brandonmckenna88@gmail.com',TRUE,FALSE),
      (201,201,E'Damon',E'Bath',E'27 Canterbury street',E'Clunes',E'VIC',E'3370',NULL,NULL,E'0459416425',E'damo_90@outlook.com',TRUE,FALSE),
      (202,202,E'Grant',E'Ronchi',E'63 Gill Ave',E'California Gully',E'VIC',E'3556',NULL,NULL,E'0448768543',E'grantronchi@gmail.com',TRUE,FALSE),
      (203,202,E'Ian',E'Miller',E'91 Halpern Rd ',E'Woodend',E'VIC',E'3442',NULL,NULL,E'0408271493',E'grantronchi@gmail.com',TRUE,FALSE),
      (204,204,E'Peter',E'Monro',E'PO Box 69',E'Cohuna',E'VIC',E'3568',NULL,NULL,E'O428568471',E'pdmonro@gmail.com',TRUE,FALSE),
      (205,204,E'Brad',E'McManus',E'6 Soudan st',E'Lake Boga',E'VIC',E'3584',NULL,NULL,E'0409537071',E'mcmanus15@hotmail.com',TRUE,FALSE),
      (206,206,E'Sean',E'Gillen',E'2283, Murray Valley',E'LAKE CHARM',E'VIC',E'3581',NULL,NULL,E'0475736471',E'lilgilla88@gmail.com',TRUE,FALSE),
      (207,207,E'Bryden',E'Morison',E'49 Wyndham st',E'Kerang',E'VIC',E'3579',NULL,NULL,E'0408895398',E'bryden_123@hotmail.com',TRUE,FALSE),
      (208,207,E'Brad',E'Morison',E'118 Boundary st',E'Kerang',E'VIC',E'3579',E'54521165',NULL,NULL,E'bryden_123@hotmail.com',TRUE,FALSE),
      (209,207,E'Dylan',E'Morison',E'118 Boundary st',E'Kerang',E'VIC',E'3579',NULL,NULL,E'0488778248',E'bryden_123@hotmail.com',TRUE,FALSE),
      (210,210,E'Ricky',E'Sarre',E'Post Office Box 13',E'\' Lake Charm',E'VIC',E'3581',E'54579214',NULL,E'0429091295',E'rbsarre@optusnet.com.au',TRUE,FALSE),
      (211,211,E'Kevin',E'Sarre',E'P.O Box 13',E'Lake Charm',E'VIC',E'3581',E'54579214',NULL,E'0429091295',E'rbsarre@optusnet.com.au',TRUE,FALSE),
      (212,212,E'Kieran',E'Martin',E'1 ashkanasy ave',E'Pascoe vale',E'VIC',E'3044',NULL,NULL,E'0409401290',E'Kieran.m91@hotmail.com',TRUE,FALSE),
      (213,212,E'Brian',E'Martin',E'32 mitchell rd',E'Melton south',E'VIC',E'3338',NULL,NULL,NULL,E'brimar90@hotmail.com',TRUE,FALSE),
      (214,214,E'Brady',E'Rowan',E'13 Gledhill Rise ',E'KangarooFlat ',E'VIC',E'3555',NULL,NULL,NULL,E'browan15@outlook.com',TRUE,FALSE),
      (215,187,E'Rhys',E'Neville',E'53 Nugget street',E'Kerang',E'VIC',E'3579',E'0428097180',NULL,E'0428097180',E'nev_53@hotmail.com',TRUE,FALSE),
      (216,216,E'robert',E'martin',E'42 dunstone street',E'swan hill',E'VIC',E'3585',E'0401066647',NULL,E'0401066647',E'robmartin_86@hotmail.com',TRUE,FALSE),
      (217,217,E'Matthew',E'Webb',E'14 Lyall ave',E'Kerang',E'VIC',E'3579',NULL,NULL,E'0418318768',E'matthewwebb1@bigpond.com',TRUE,FALSE),
      (218,218,E'Elijah',E'Wilkinson',E'53 donnington street',E'Swan hill',E'VIC',E'3585',E'0448886480',NULL,NULL,E'elijahwilkinson63@gmail.com',TRUE,FALSE),
      (219,219,E'Caleb',E'Hepworth',E'1 hyde Park road ',E'Creswick',E'VIC',E'3363',NULL,NULL,E'0407539019',E'caleb_hepworth91@hotmail.com',TRUE,FALSE),
      (220,219,E'Matt',E'Antonio',E'69b Dyson drive ',E'Alfredton ',E'VIC',E'3350',NULL,NULL,NULL,E'Matt_antonio90@live.com',TRUE,FALSE),
      (221,221,E'Gerard',E'Van Oostveen',E'5 Elizabeth Rd',E'Creswick',E'VIC',E'3363',NULL,NULL,E'0478074022',E'gerardvo44@gmail.com',TRUE,FALSE),
      (222,221,E'Aaron',E'Sedgwick',E'10 Elizabeth St',E'Smeaton',E'VIC',E'3364',NULL,NULL,E'0400585118',E'gerardvo44@gmail.com',TRUE,FALSE),
      (223,223,E'Jesse',E'Howell',E'3 Fulton Close',E'Diamond Creek ',E'VIC',E'3078',NULL,NULL,E'0434649771',E'jesse_howell_24@hotmail.com',TRUE,FALSE),
      (224,224,E'Bailey',E'McNeil',E'918 Myall Road',E'Myall',E'VIC',E'3579',NULL,NULL,E'0475 770 711',E'smcneilelectrical@bigpond.com',TRUE,FALSE),
      (1009,224,E'Jordan',E'McNeil',E'918 Myall Road',E'Myall',E'VIC',E'3579',NULL,NULL,E'0419 561 126',E'smcneilelectrical@bigpond.com',TRUE,TRUE),
      (226,226,E'Mitchell',E'Grime',E'41 pinnacle crescent ',E'Melton',E'VIC',E'3337',E'97476851',NULL,E'0400637765',E'sandkgrimes1@bigpond.com',TRUE,FALSE),
      (227,227,E'Jake',E'Hepworth',E'Broomfield Rd',E'Creswick',E'VIC',E'3363',NULL,NULL,E'0408318100',E'gerardvo44@gmail.com',TRUE,FALSE),
      (228,180,E'Paul',E'Neivandt',E'198 McKenzie Rd ',E'Kerang ',E'VIC',E'3579',E'54521231',NULL,E'0429188308',E'Paul.Neivandt@gmwater.com.au',TRUE,FALSE),
      (229,229,E'Ross',E'stanton',E'1610 Cohuna-Koondrook Rd',E'Cohuna',E'VIC',E'3568',NULL,NULL,E'0417515769',E'ross.stanton@gmwater.com.au',TRUE,FALSE),
      (230,229,E'Darby',E'Stanton',E'1610 cohuna-koondrook rd',E'cohuna',E'VIC',E'3568',NULL,NULL,E'0428755972',E'ross.stanton@gmwater.com.au',TRUE,FALSE),
      (231,231,E'Ray',E'McNeil',E'730 Myall Road',E'Myall',E'VIC',E'3579',NULL,NULL,NULL,E'hawkes.dale@bigpond.com',TRUE,FALSE),
      (232,232,E'John',E'Mangano',E'12 Soudan Street',E'Lake Boga',E'VIC',E'3584',NULL,NULL,E'0417321666',E'jhmangano@hotmail.com',TRUE,FALSE),
      (233,232,E'Phillip',E'Mangano',E'12 Soudan Street',E'Lake Boga',E'VIC',E'3584',NULL,NULL,E'0419 640 992',E'phil.mangano@thinkwater.com.au',TRUE,FALSE),
      (234,234,E'Matt',E'Mcphee',E'11 Marshall ave',E'Montmerency',E'VIC',E'3094',NULL,NULL,NULL,E'abc@hotmail.com',TRUE,FALSE),
      (235,17,E'Darren',E'Antonio',E'27 king st',E'Creswick',E'VIC',E'3363',NULL,NULL,E'0400188941',E'darren@countryfasteners.com.au',TRUE,FALSE),
      (236,236,E'Luke',E'Thomson',E'3/13 Cameron Road ',E'Essendon ',E'VIC',E'3040',NULL,NULL,NULL,E'ljtbricklaying@gmail.com',TRUE,FALSE),
      (237,237,E'Tom',E'Rogers',E'3 goroke ct',E'Eltham',E'VIC',E'3095',NULL,NULL,E'0434165649',E'tomrogers1@hotmail.com',TRUE,FALSE),
      (238,238,E'Maxen',E'Hartley',E'232 Hannah lane gonn crossing',E'Gonn crossing',E'VIC',E'3579',E'0490530159',NULL,NULL,E'maxhartley1407@gmail.com',TRUE,FALSE),
      (239,239,E'Andrew',E'Every',E'63 maldon rd ',E'Mckenzie’s Hill ',E'VIC',E'3451',E'0354705805',NULL,E'0439379107',E'andjen63@dodo.com.au',TRUE,FALSE),
      (240,239,E'Jennifer',E'Larsen',E'63 maldon rd ',E'Mckenzie’s hill',E'VIC',E'3451',E'0354705805',NULL,E'0457050444',E'andjen63@dodo.com.au',TRUE,FALSE),
      (241,241,E'Greg',E'Bagg',E'2420 Hamilton hwy',E'Inverleigh ',E'VIC',E'3321',NULL,NULL,E'0438525032',E'greg.bagg@gmail.com',TRUE,FALSE),
      (242,241,E'Thomas',E'Bagg',E'2420 Hamilton hyw',E'Inverleigh ',E'VIC',E'3321',NULL,NULL,E'0438525032',E'greg.bagg@gmail.com',TRUE,FALSE),
      (243,243,E'Chris',E'Broadhurst',E'37 rivergum drive ',E'Inverleigh ',E'VIC',E'3321',NULL,NULL,E'0413828410',E'broadroofing@outlook.com',TRUE,FALSE),
      (244,244,E'Lachy',E'Pearson',E'28 valonia drive',E'Eltham',E'VIC',E'3095',NULL,NULL,E'0407567076',E'lachy.pearson@gmail.com',TRUE,FALSE),
      (245,245,E'Blake',E'Watts',E'66 Main Street koondrook ',E'Victor ',E'VIC',E'3580',E'54531924',NULL,E'0408072286',E'blakewatts734@gmail.com',TRUE,FALSE),
      (246,246,E'Angus an jed',E'Mcdonald',E'207 Rosedale rd',E'Myall',E'VIC',E'3579',E'54570362',NULL,E'0427346340',E'pistilmac@gmail.com',TRUE,FALSE),
      (247,101,E'Mitchell',E'Dunstan',E'1 Nyora Road',E'Eltham',E'VIC',E'3095',E'0407090238',NULL,E'0407090238',E'admin@hookem.com.au',TRUE,FALSE),
      (248,248,E'John',E'Parsons',E'13 Arbuthnot Street',E'Koondrook',E'VIC',E'3580',NULL,NULL,E'0427605726',E'sumharri@gmail.com',TRUE,FALSE),
      (249,249,E'Steven',E'Oliver',E'9 Tununga Circuit',E'Kangaroo Flat',E'VIC',E'3555',E'0400204013',NULL,E'0400204013',E'soliver1401@gmail.com',TRUE,FALSE),
      (250,249,E'Fiona',E'Oliver',E'9 Tununga Circuit',E'Kangaroo Flat',E'VIC',E'3555',E'0400204013',NULL,E'0419325805',E'soliver1401@gmail.com',TRUE,FALSE),
      (251,251,E'Scott',E'Fuller',E'24 Tennyson St',E'Woodend',E'VIC',E'3442',NULL,NULL,E'0412462163',E'scottfuller26@yahoo.com',TRUE,FALSE),
      (252,252,E'Daniel',E'Whitehead',E'2 Caulfield drive',E'Ascot ',E'VIC',E'3551',E'0409184183',NULL,NULL,E'dawhitehead@powercor.com.au',TRUE,FALSE),
      (1001,1001,E'Archer',E'McKnight',E'68 Victoria street',E'Kerang',E'VIC',E'3579',NULL,NULL,E'0428572377',E'brent@mcknightbray.com.au',TRUE,TRUE),
      (1002,16,E'Kynan',E'Carter',E'42 Poole st',E'Maryborough ',E'VIC',E'3465',E'54613669',NULL,E'0488408400',E'daveonsite4@gmail.com',TRUE,TRUE),
      (1003,16,E'Kayla',E'Carter',E'42 Poole st',E'Maryborough ',E'VIC',E'3465',E'54613669',NULL,E'0488408400',E'daveonsite4@gmail.com',TRUE,TRUE),
      (1004,27,E'Joel',E'Peirce',E'64 Finlay Rd',E'Thurgoona',E'NSW',E'2640',NULL,NULL,NULL,E's.peirce@hotmail.com',TRUE,TRUE),
      (1005,28,E'Oliver',E'Holmes',E'7 Ross St',E'Malmsbury',E'VIC',E'3446',NULL,NULL,NULL,E'flozzie33@hotmail.com',TRUE,TRUE),
      (1006,66,E'RAIDEN',E'KOTTACHCHI \'- SO',E'31 DUNNINGS RD ',E'POINT COOK',E'VIC',E'3030',E'0447624424',NULL,E'0447624424',E'jennypokolso@gmail.com',TRUE,TRUE),
      (1007,85,E'Alister',E'Semmler',E'22 Emu Rd',E'Shelbourne',E'VIC',E'3515',NULL,NULL,NULL,E'semmcofarms@westnet.com.au',TRUE,TRUE),
      (1008,85,E'Harry',E'Semmler',E'22 Emu Road',E'Shelbourne ',E'VIC',E'3515',NULL,NULL,NULL,E'semmcofarms@westnet.com.au',TRUE,TRUE),
      (1011,94,E'Aaron',E'Collicoat',E'28 newton st',E'Maryborough',E'VIC',E'3465',NULL,NULL,NULL,E'pncollicoat1@bigpond.com.au',TRUE,TRUE),
      (1012,94,E'Jake',E'Howard',E'3 mahers rd ',E'Bowenvale',E'VIC',E'3465',NULL,NULL,NULL,E'pncollicoat1@bigpond.com.au',TRUE,TRUE),
      (1013,97,E'Austin',E'Spiteri',E'33 Bakewell Street ',E'North Bendigo ',E'VIC',E'3550',NULL,NULL,E'0438428714',E'spiteriplumbing@hotmail.com',TRUE,TRUE),
      (1014,136,E'harry',E'spicer',E'po box 609 ',E'cobram',E'VIC',E'3644',E'0358712160',NULL,E'n.a',E'raymondpatrick398@gmail.com',TRUE,TRUE),
      (1015,141,E'Thomas',E'Harmer',E'38 Cassinia court',E'THURGOONA',E'VIC',E'2640',E'0459800058',NULL,E'0459800058',E'mindimooo@hotmail.com',TRUE,TRUE),
      (1016,13,E'Hannah',E'Streader',E'109 Lakeview St Boort',E'Boort',E'VIC',E'3537',NULL,NULL,E'0484339018',E'hps3537@gmail.com',TRUE,TRUE),
      (1017,159,E'Charlie',E'Green',E'145 Keegan road',E'Lauriston ',E'VIC',E'3444',NULL,NULL,E'0425849211',E'myles.green74@bigpond.com',TRUE,TRUE),
      (1018,161,E'Jack',E'Keath',E'450 murrabit road ',E'Murrabit',E'VIC',E'3579',NULL,NULL,E'0427151178',E'dantrans78@hotmail.com',TRUE,TRUE),
      (1019,176,E'Cooper',E'Hein',E'346 Guilmartin rd',E'Myall ',E'VIC',E'3579',NULL,NULL,NULL,E'nhe40472@bigpond.net.au',TRUE,TRUE),
      (1020,232,E'Bailey',E'Peach',E'165 Woodward Road',E'Golden Square',E'VIC',E'3555',E'03 54473451',NULL,E'0417300221',E'matthew.peach@coateshire.com.au',TRUE,TRUE),
      (1021,204,E'Toby',E'Lambert',E'241 Dicksons Rd ',E'Cohuna',E'VIC',E'3568',E'54563371',NULL,E'0427927643',E'janlambert66@gmail.com',TRUE,TRUE),
      (1022,1022,E'Will',E'Archard',E'2305 kerang-murrabit road',E'Kerang',E'VIC',E'3579',E'54572260',NULL,E'0427189358',E'archard2@bigpond.com',TRUE,TRUE),
      (1023,243,E'Ellie',E'Broadhurst',E'37 rivergum drive ',E'Inverleigh ',E'VIC',E'3321',NULL,NULL,NULL,E'broadroofing@outlook.com',TRUE,TRUE),
      (1024,248,E'Harrison',E'Parsons',E'13 Arbuthnot street',E'Koondrook',E'VIC',E'3580',NULL,NULL,E'0427605726',E'sumharri@gmail.com',TRUE,TRUE),
      (1025,1025,E'Dylan',E'Maher',E'20 Gonn Avenue',E'Murrabit',E'VIC',E'3579',E'03 54572293',NULL,E'0408500988',E'karenmaher01@bigpond.com',TRUE,TRUE),
      (1026,1025,E'Lachlan',E'Maher',E'20 Gonn Avenue',E'Murrabit',E'VIC',E'3579',E'03 54572293',NULL,E'0408500988',E'karenmaher01@bigpond.com',TRUE,TRUE),
      (253,282,E'John',E'Danson',NULL,E'Murrabit',E'VIC',E'3579',NULL,NULL,E'0459 972 266',NULL,TRUE,FALSE),
      (254,253,E'Wes',E'Danson',NULL,NULL,NULL,NULL,NULL,NULL,NULL,NULL,TRUE,FALSE),
      (255,253,E'Aaron',E'Dason',NULL,NULL,NULL,NULL,NULL,NULL,NULL,NULL,TRUE,FALSE),
      (256,253,E'Andrew',E'Leahy',NULL,NULL,NULL,NULL,NULL,NULL,NULL,NULL,TRUE,FALSE),
      (1027,253,E'Thomas',E'Leahy',NULL,NULL,NULL,NULL,NULL,NULL,NULL,NULL,TRUE,TRUE),
      (1028,253,E'Clancy',E'Leahy',NULL,NULL,NULL,NULL,NULL,NULL,NULL,NULL,TRUE,TRUE),
      (257,257,E'Brendan',E'Fletcher',NULL,NULL,NULL,NULL,NULL,NULL,NULL,NULL,TRUE,FALSE),
      (258,258,E'Terry',E'Stacey',E'PO Box 182',E'Kerang',E'VIC',E'3579',E'54522205',E'54503377',E'0428 503 377',NULL,TRUE,FALSE),
      (259,259,E'Andrew',E'Hepworth',E'135 Napier St',E'Creswick',E'VIC',E'3363',E'53452799',NULL,E'0408577373',E'andrew.hepworth@hotmail.com',TRUE,FALSE),
      (260,259,E'Daniel',E'Widgery',E'73 Hill Street',E'Sebastapol',E'VIC',E'3356',NULL,NULL,E'0437 686 549',E'daniel.widgery@hotmail.com',TRUE,FALSE),
      (261,261,E'Daniel',E'Buckland',E'8 Ayres Street',E'Creswick',E'VIC',E'3363',NULL,NULL,E'0408 657 668',NULL,TRUE,FALSE),
      (262,262,E'Graham',E'Collicoat',E'20 Tullaroop Rd',E'Maryborough',E'VIC',E'3465',NULL,NULL,E'0417 851 202',NULL,TRUE,FALSE),
      (263,263,E'Peter',E'Heffer',E'516 Murrabit West Rd',E'Murrabit West',E'VIC',E'3579',E'03 5457 2278',NULL,E'0408 054 880',NULL,TRUE,FALSE),
      (1029,263,E'Tyson',E'Heffer',E'516 Murrabit West Rd',E'Murrabit West',E'VIC',E'3579',E'03 5457 2278',NULL,E'0408 054 880',NULL,TRUE,TRUE),
      (264,264,E'Brian',E'Smith',E'514 Murrabit West Rd',E'Murrabit',E'VIC',E'3579',NULL,NULL,E'0417 522 060',E'briansmith1950@bigpond.com',TRUE,FALSE),
      (265,264,E'Evan',E'Smith',E'514 Murrabit West Rd',E'Murrabit',E'VIC',E'3579',NULL,NULL,E'0427 522 069',NULL,TRUE,FALSE),
      (266,266,E'Geoff',E'Kirk',E'6 Forest St',E'Barham',E'NSW',E'2732',NULL,NULL,NULL,NULL,TRUE,FALSE),
      (267,266,E'Peter',E'Hemmens',E'6 Forest St',E'Barham',E'NSW',E'2732',NULL,NULL,E'0412 549 152',NULL,TRUE,FALSE),
      (268,266,E'Max',E'Carroll',E'6 Forest St',E'Barham',E'NSW',E'2732',NULL,NULL,E'0412 549 152',NULL,TRUE,FALSE),
      (269,83,E'Danny',E'Ledwidge',E'2129 cocambia-miirlie rd',E'Piangil',E'VIC',E'3597',NULL,NULL,E'0413193922',NULL,TRUE,FALSE),
      (270,266,E'Wayne',E'Martin',E'6 Forest St',E'Barham',E'NSW',E'2732',NULL,NULL,NULL,NULL,TRUE,FALSE),
      (271,271,E'Bill',E'Hollard',E'4 Station St',E'Koondrook',E'VIC',E'3580',E'54532786',NULL,NULL,NULL,TRUE,FALSE),
      (272,271,E'Dale',E'Laursen',E'Grig Rd',E'Koondrook',E'VIC',E'3580',NULL,NULL,NULL,NULL,TRUE,FALSE),
      (273,273,E'Rick',E'McKenzie',E'511 River Rd',E'Murrabit West',E'VIC',E'3579',NULL,NULL,NULL,NULL,TRUE,FALSE),
      (274,273,E'Bill',E'Hazen',E'c/o Murrabit PO',E'Murrabit',E'VIC',E'3579',E'54572213',NULL,NULL,NULL,TRUE,FALSE),
      (275,275,E'Andrew',E'Shotton',E'819 Lockington Rd',E'Rochester',E'VIC',E'3561',NULL,NULL,NULL,NULL,TRUE,FALSE),
      (276,275,E'Anthony',E'Anderson',E'Maiden Gully',E'Bendigo',E'VIC',E'3550',NULL,NULL,E'0448 772 23?',NULL,TRUE,FALSE),
      (277,277,E'Malcolm',E'McBeath',E'187 Katamatie Rd',E'Yarrowanga',E'VIC',E'3730',NULL,NULL,E'0427 096 520',NULL,TRUE,FALSE),
      (278,278,E'Darren',E'Hosken',E'19 Raitt Rd',E'Stawell',E'VIC',E'3380',E'53581126',NULL,E'0408 768 186',E'djmjhosken6@bigpond.com.au',TRUE,FALSE),
      (279,278,E'Scott',E'Bibby',E'233 Thacker St',E'Ocean Grove',E'VIC',E'3226',E'52561904',NULL,E'0408 386 351',E'mckinnonbibby@gmail.com',TRUE,FALSE),
      (280,280,E'Bruce',E'Heritage',E'243 Ashwin Rd',E'Murrabit',E'VIC',E'3579',E'0418 862 218',NULL,NULL,NULL,TRUE,FALSE),
      (281,280,E'Jakob',E'Heritage',E'49 Pritchard Street',E'Swan Hill',E'VIC',E'3585',E'0418 862 218',NULL,NULL,NULL,TRUE,FALSE),
      (282,282,E'Dave',E'Semmler',E'106 Begelhole Rd',E'Murrabit',E'VIC',E'3579',E'03 5457 2470',NULL,NULL,NULL,TRUE,FALSE),
      (283,283,E'Andy',E'Gray',NULL,E'Kerang',E'VIC',E'3579',NULL,NULL,E'0419 400 450',NULL,TRUE,FALSE),
      (284,284,E'Jack',E'Challis',E'PO Box 37',E'Murrabit',E'VIC',E'3579',E'5457 2494',NULL,E'0427 570 309',NULL,TRUE,FALSE),
      (285,284,E'Chris',E'Wagner',E'473 Tannery Lane',E'Strathfieldsaye',E'VIC',E'3551',E'5439 3668',NULL,E'0427 413 795',NULL,TRUE,FALSE),
      (286,286,E'Tracey',E'Ridley',E'52 Sussex St',E'Linton',E'VIC',E'3360',E'03 53447213',NULL,E'0419 388 486',E'ridley55@bigpond.com',TRUE,FALSE),
      (287,286,E'Bill',E'Redmond',E'c/o 52 Sussex St',E'Linton',E'VIC',E'3360',NULL,NULL,E'0409 883 106',NULL,TRUE,FALSE),
      (288,286,E'Mark',E'Thomas',E'c/o 52 Sussex St',E'Linton',E'VIC',E'3360',NULL,NULL,E'0420 782 396',NULL,TRUE,FALSE),
      (289,210,E'Garry',E'Finn',NULL,E'Hay',E'NSW',NULL,NULL,NULL,E'0428933049',NULL,TRUE,FALSE),
      (290,210,E'Regie',E'???',NULL,E'Hay',E'NSW',NULL,NULL,NULL,NULL,NULL,TRUE,FALSE),
      (291,291,E'Brendan',E'Johnson',E'84 Nelson St',E'Maryborough',E'VIC',E'3465',NULL,NULL,E'0439 341 815',E'johnsoncaravans@tpg.com',TRUE,FALSE),
      (292,291,E'Jason',E'Partridge',E'84 Nelson St',E'Maryborough',E'VIC',E'3465',NULL,NULL,E'0408 178 810',NULL,TRUE,FALSE),
      (293,293,E'Peter',E'Palmer',E'Po Box 57',E'Rocherster',E'VIC',E'3561',NULL,NULL,E'0439652216',NULL,FALSE,FALSE),
      (294,294,E'Evan',E'Shea',E'21 Whirlpool Lane',E'Murrabit',E'VIC',E'3579',NULL,NULL,NULL,NULL,TRUE,FALSE),
      (295,294,E'Gary',E'Dern',NULL,NULL,NULL,NULL,NULL,NULL,NULL,NULL,TRUE,FALSE),
      (296,296,E'Russel',E'Anderson',E'Ashwin Rd',E'Myall',E'VIC',E'3579',NULL,NULL,NULL,NULL,TRUE,FALSE),
      (1030,294,E'Noah',E'Shea',E'21 Whirlpool Lane',E'Murrabit',E'VIC',E'3579',NULL,NULL,NULL,NULL,TRUE,TRUE),
      (297,296,E'Garry',E'Mowat',E'323 Ashwin Rd',E'Murrabit',E'VIC',E'3579',NULL,NULL,NULL,NULL,TRUE,FALSE),
      (298,296,E'Bernie',E'Monaghan',NULL,E'Myall',E'VIC',E'3579',NULL,NULL,NULL,NULL,TRUE,FALSE),
      (299,296,E'Digger',E'Peck',NULL,E'Kerang',E'VIC',E'3579',NULL,NULL,NULL,NULL,TRUE,FALSE),
      (300,296,E'Noel',E'Robertson',E'17 Nugget St',E'Kerang',E'VIC',E'3579',NULL,NULL,E'0401 129 668',NULL,TRUE,FALSE),
      (1031,1031,E'Mac',E'Scoullar',NULL,NULL,NULL,NULL,NULL,NULL,NULL,NULL,FALSE,TRUE),
      (1032,1032,E'Callum',E'Ettershank',E'P.O. Box 2',E'MURRABIT',E'VIC',E'3579',E'0354575232',NULL,E'0428575232',E'ettershankpastoral@gmail.com',TRUE,TRUE),
      (225,225,E'Dennis',E'Petrie',NULL,NULL,NULL,NULL,NULL,NULL,NULL,NULL,TRUE,FALSE),
      (90,90,E'Simon',E'O\'Callaghan',E'16 Pryor St',E'Echuca',E'VIC',E'3564',E'0457711427',NULL,E'0457711427',E'socallaghan@htroon.com.au',TRUE,FALSE),
      (1010,23,E'Parker',E'Bray',NULL,E'Kerang',E'VIC',E'3579',NULL,NULL,NULL,NULL,FALSE,TRUE),
      (1033,0,E'Jack',E'Palmer',E'Po Box 57',E'Rochester',E'VIC',E'3561',E'0439652216',NULL,NULL,NULL,FALSE,TRUE),
      (1034,0,E'Joel',E'Berriman',NULL,NULL,NULL,NULL,NULL,NULL,NULL,NULL,FALSE,TRUE);


-- Move to legacy schema
CREATE SCHEMA IF NOT EXISTS legacy_2018;
ALTER TABLE boat SET SCHEMA legacy_2018;
ALTER TABLE catch SET SCHEMA legacy_2018;
ALTER TABLE competitor SET SCHEMA legacy_2018;
