-- SQL Dump of murrabit-cod-challenge-2021.accdb
-- generated by MDB Viewer 2.2.7
-- optimized for PostgreSQL

SET NAMES 'UTF8';



DROP TABLE IF EXISTS "boat";

CREATE TABLE "boat" (
    "boat_id" INTEGER PRIMARY KEY,
    "name" TEXT,
    "registration_no" TEXT
);

INSERT INTO "boat"("boat_id","name","registration_no")
VALUES(1,E'V hole punt',E'EY608'),
      (2,E'Cod fathers',E'Gk697'),
      (3,NULL,E'Jh316'),
      (4,NULL,E'LU 404'),
      (5,NULL,E'MH462'),
      (6,NULL,E'MM 432'),
      (7,NULL,E'Mr13'),
      (8,NULL,E'PJ 481'),
      (9,NULL,E'TE944'),
      (10,NULL,E'UN264'),
      (11,E'Master baiters',NULL),
      (12,E'Meehan Boys',NULL),
      (13,E'Milo',NULL),
      (14,NULL,NULL),
      (15,NULL,E'DC336'),
      (16,NULL,E'Ts473F'),
      (17,NULL,NULL),
      (18,NULL,NULL),
      (19,NULL,NULL),
      (20,NULL,NULL),
      (21,NULL,NULL),
      (22,NULL,E'PY802'),
      (23,NULL,NULL),
      (24,NULL,NULL),
      (25,NULL,NULL),
      (26,NULL,NULL),
      (27,NULL,NULL),
      (28,NULL,NULL),
      (29,NULL,NULL),
      (30,NULL,NULL),
      (31,NULL,NULL),
      (32,NULL,NULL),
      (33,E'SS JACK REIWOLDT',NULL),
      (34,NULL,NULL),
      (35,NULL,NULL),
      (36,NULL,NULL),
      (37,NULL,E'GF 920'),
      (38,NULL,NULL),
      (39,NULL,NULL),
      (40,NULL,E'UQ815'),
      (41,NULL,NULL),
      (42,NULL,NULL),
      (43,NULL,NULL),
      (44,NULL,NULL),
      (45,E'Happy Hooker',E'HQ480'),
      (46,NULL,NULL),
      (47,NULL,NULL),
      (48,NULL,NULL),
      (49,NULL,E'GW312'),
      (50,NULL,NULL),
      (51,NULL,NULL),
      (52,NULL,NULL),
      (53,NULL,E'Ld915'),
      (54,NULL,NULL),
      (55,NULL,NULL),
      (56,NULL,NULL),
      (57,E'Cod God 390',E'NW 997'),
      (58,E'SS Titanic 2',E'ML428'),
      (59,NULL,NULL),
      (60,NULL,NULL),
      (61,NULL,NULL),
      (62,NULL,NULL),
      (63,NULL,NULL),
      (64,NULL,NULL),
      (65,NULL,NULL),
      (66,NULL,NULL),
      (67,NULL,NULL),
      (68,NULL,NULL),
      (69,NULL,NULL),
      (70,NULL,NULL),
      (71,NULL,NULL),
      (72,NULL,NULL),
      (73,E'Ken Conroy & Andrew Bower',NULL),
      (74,NULL,NULL),
      (75,NULL,NULL),
      (76,NULL,NULL),
      (77,NULL,NULL),
      (78,NULL,NULL),
      (79,NULL,NULL),
      (80,NULL,NULL),
      (81,NULL,NULL),
      (82,NULL,NULL),
      (83,NULL,NULL),
      (84,E'Hookem',E'Hookem'),
      (85,NULL,NULL),
      (86,NULL,NULL),
      (87,NULL,NULL),
      (88,NULL,NULL),
      (89,NULL,NULL),
      (90,NULL,NULL),
      (91,NULL,NULL),
      (92,NULL,E'RU689'),
      (93,NULL,NULL),
      (94,NULL,NULL),
      (95,NULL,NULL),
      (96,NULL,NULL),
      (97,NULL,NULL),
      (98,NULL,NULL),
      (99,E'Cirrhosis on the river',E'KK874'),
      (100,E'D Punt',NULL),
      (101,NULL,NULL),
      (102,NULL,NULL),
      (103,NULL,NULL),
      (104,NULL,E'KH 390'),
      (105,NULL,NULL),
      (106,NULL,NULL),
      (107,E'Lupton builders',NULL),
      (108,NULL,NULL),
      (109,NULL,NULL),
      (110,NULL,NULL),
      (111,NULL,NULL),
      (112,NULL,NULL),
      (113,NULL,NULL),
      (114,NULL,NULL),
      (115,E'Damian Cooper, Glenn Solomano & Stephen Kelson',E'GF 920'),
      (116,NULL,NULL),
      (117,NULL,NULL),
      (118,E'Stormin Norman',NULL),
      (119,NULL,NULL),
      (120,NULL,NULL),
      (121,NULL,NULL),
      (122,NULL,NULL),
      (123,NULL,NULL),
      (124,NULL,NULL),
      (125,NULL,NULL),
      (126,NULL,NULL),
      (127,NULL,NULL),
      (128,NULL,NULL),
      (129,NULL,NULL),
      (130,NULL,NULL),
      (131,NULL,NULL),
      (132,NULL,NULL),
      (133,NULL,NULL),
      (134,NULL,NULL),
      (135,NULL,NULL),
      (136,NULL,NULL),
      (137,NULL,NULL),
      (138,NULL,NULL),
      (139,NULL,NULL),
      (140,NULL,NULL),
      (141,NULL,NULL),
      (142,NULL,NULL),
      (143,NULL,NULL),
      (144,NULL,NULL),
      (145,NULL,E'GS301'),
      (146,NULL,NULL),
      (147,NULL,NULL),
      (148,NULL,NULL),
      (149,E'3 Melbourne long necks',NULL),
      (150,NULL,NULL),
      (151,NULL,NULL),
      (152,NULL,NULL),
      (153,NULL,NULL),
      (154,NULL,NULL),
      (155,NULL,NULL),
      (156,NULL,NULL),
      (157,NULL,NULL),
      (158,NULL,NULL),
      (159,NULL,NULL),
      (160,NULL,NULL),
      (161,NULL,NULL),
      (162,NULL,NULL),
      (163,E'-',E'-'),
      (164,NULL,NULL),
      (165,NULL,NULL),
      (166,NULL,E'Mj 30'),
      (167,NULL,NULL),
      (168,NULL,E'MW766'),
      (169,NULL,NULL),
      (170,NULL,NULL),
      (171,NULL,NULL),
      (172,NULL,NULL),
      (173,E'Stanlins',NULL),
      (174,NULL,NULL),
      (175,NULL,NULL),
      (176,NULL,NULL),
      (177,NULL,NULL),
      (178,E'Three Melbourne longnecks',NULL),
      (179,NULL,NULL),
      (180,NULL,E'S E 551'),
      (181,NULL,NULL),
      (182,NULL,NULL),
      (183,NULL,NULL),
      (184,NULL,NULL),
      (185,E'Status quo',E'Hw 568'),
      (186,NULL,NULL),
      (187,NULL,NULL),
      (188,NULL,NULL),
      (189,NULL,NULL),
      (190,NULL,NULL),
      (191,NULL,NULL),
      (192,NULL,NULL),
      (193,NULL,NULL),
      (194,NULL,NULL),
      (195,NULL,NULL),
      (196,NULL,NULL),
      (197,NULL,NULL),
      (198,NULL,NULL),
      (199,NULL,E'Zc134'),
      (200,NULL,NULL),
      (201,NULL,NULL),
      (202,NULL,NULL),
      (203,NULL,NULL),
      (204,NULL,NULL),
      (205,NULL,NULL),
      (206,NULL,NULL),
      (207,NULL,NULL),
      (208,NULL,NULL),
      (209,E'Jackson & Brendan Fletcher',NULL),
      (210,NULL,NULL),
      (211,NULL,NULL);



DROP TABLE IF EXISTS "catch";

CREATE TABLE "catch" (
    "catch_id" INTEGER PRIMARY KEY,
    "fish_type" TEXT,
    "competitor_id" INTEGER,
    "size" DOUBLE PRECISION,
    "date" TIMESTAMP,
    "time" TIMESTAMP,
    "marshall" TEXT,
    "bait" TEXT,
    "location" DOUBLE PRECISION
);

INSERT INTO "catch"("catch_id","fish_type","competitor_id","size","date","time","marshall","bait","location")
VALUES(1,E'Yellowbelly',205,43,E'2021-03-20 00:00:00',E'1899-12-30 10:30:00',NULL,E'Shrimp',11),
      (2,E'Murray Cod',1026,55,E'2021-03-20 00:00:00',E'1899-12-30 10:45:00',NULL,E'Cheese',3),
      (3,E'Murray Cod',150,80,E'2021-03-20 00:00:00',E'1899-12-30 15:19:00',NULL,E'Chicken',4),
      (4,E'Yellowbelly',220,34.5,E'2021-03-20 00:00:00',E'1899-12-30 09:00:00',NULL,E'Worms',4),
      (5,E'Yellowbelly',233,44,E'2021-03-20 00:00:00',E'1899-12-30 09:15:00',NULL,E'Worms',6),
      (6,E'Murray Cod',217,56,E'2021-03-20 00:00:00',E'1899-12-30 09:30:00',NULL,E'Cheese',8),
      (7,E'Murray Cod',36,60,E'2021-03-20 00:00:00',E'1899-12-30 09:35:00',NULL,E'Grub',9),
      (8,E'Carp',278,70,E'2021-03-20 00:00:00',E'1899-12-30 11:00:00',NULL,E'Cheese',6),
      (9,E'Yellowbelly',31,44,E'2021-03-20 00:00:00',E'1899-12-30 13:00:00',NULL,E'Worms/Shrimp',7.5),
      (10,E'Carp',265,70.5,E'2021-03-20 00:00:00',E'1899-12-30 16:00:00',NULL,E'Shrimp',7),
      (11,E'Yellowbelly',295,34,E'2021-03-20 00:00:00',E'1899-12-30 16:30:00',NULL,NULL,NULL),
      (12,E'Yellowbelly',264,37.5,E'2021-03-20 00:00:00',E'1899-12-30 16:40:00',NULL,E'Shrimp',7),
      (13,E'Carp',222,50,E'2021-03-20 00:00:00',E'1899-12-30 09:40:00',NULL,E'Worms',11),
      (14,E'Murray Cod',136,55,E'2021-03-20 00:00:00',E'1899-12-30 10:30:00',NULL,E'Cheese',9),
      (15,E'Yellowbelly',159,35,E'2021-03-20 00:00:00',E'1899-12-30 12:10:00',NULL,E'Shrimp',10),
      (16,E'Carp',215,53,E'2021-03-20 00:00:00',E'1899-12-30 11:10:00',NULL,E'Worms',11),
      (17,E'Murray Cod',136,73,E'2021-03-20 00:00:00',E'1899-12-30 12:20:00',NULL,E'Cheese',12),
      (18,E'Murray Cod',70,60,E'2021-03-20 00:00:00',E'1899-12-30 14:00:00',NULL,E'Grub',10),
      (19,E'Murray Cod',259,59,E'2021-03-20 00:00:00',E'1899-12-30 15:00:00',NULL,E'Worms/Shrimp',12),
      (20,E'Murray Cod',1001,55,E'2021-03-20 00:00:00',E'1899-12-30 17:15:00',NULL,E'Lure',10),
      (21,E'Murray Cod',169,59,E'2021-03-20 00:00:00',E'1899-12-30 08:48:00',NULL,E'Yabby',NULL),
      (22,E'Murray Cod',300,60,E'2021-03-20 00:00:00',E'1899-12-30 10:19:00',NULL,E'Chicken',3),
      (23,E'Carp',1028,62.5,E'2021-03-20 00:00:00',E'1899-12-30 15:02:00',NULL,E'Shrimp',4),
      (24,E'Yellowbelly',62,37,E'2021-03-20 00:00:00',E'1899-12-30 15:15:00',NULL,E'Worms',4),
      (25,E'Yellowbelly',1028,32.5,E'2021-03-20 00:00:00',E'1899-12-30 16:00:00',NULL,E'Shrimp',4),
      (26,E'Murray Cod',136,57,E'2021-03-21 00:00:00',E'1899-12-30 10:50:00',NULL,E'Cheese',11),
      (27,E'Murray Cod',124,63.5,E'2021-03-21 00:00:00',E'1899-12-30 09:00:00',NULL,E'Lure',4);



DROP TABLE IF EXISTS "competitor";

CREATE TABLE "competitor" (
    "competitor_id" INTEGER PRIMARY KEY,
    "boat_id" INTEGER,
    "firstname" TEXT,
    "surname" TEXT,
    "address" TEXT,
    "suburb" TEXT,
    "state" TEXT,
    "postcode" TEXT,
    "phone" TEXT,
    "fax" TEXT,
    "mobile" TEXT,
    "email" TEXT,
    "paid" BOOLEAN,
    "junior" BOOLEAN
);

INSERT INTO "competitor"("competitor_id","boat_id","firstname","surname","address","suburb","state","postcode","phone","fax","mobile","email","paid","junior")
VALUES(1,114,E'Stephen',E'Kardinaal',E'140 Boisdale st',E'Maffra',E'VIC',E'3860',NULL,NULL,E'0409951922',E'stkards@gmail.com',TRUE,FALSE),
      (2,92,E'Simon',E'O\'Callaghan',E'16 Pryor Street',E'Echuca',E'VIC',E'3564',E'+6457711427',NULL,E'0457711427',E'socallaghan@htroon.com.au',TRUE,FALSE),
      (3,146,E'Colin',E'McCalman',E'Farm 503, 189 Hunter Road',E'Coleambally',E'NSW',E'2707',NULL,NULL,E'0427544205',E'nacurrie503@bigpond.com',TRUE,FALSE),
      (4,99,E'Rhys',E'Pontelandolfo',E'40 magnolia drive',E'Echuca',E'VIC',E'3564',E'0408844341',NULL,NULL,E'rhyspontel@msn.com',TRUE,FALSE),
      (5,136,E'Brian',E'Peet',E'35 bellbird street',E'Coleambally',E'NSW',E'2707',E'0428544136',NULL,NULL,E'billeypeet@gmail.com',TRUE,FALSE),
      (6,152,E'Cameron',E'Place',E'2 brushwood ct',E'Ocean Grove',E'VIC',E'3226',NULL,NULL,E'0400451166',E'cameron.place@bendigobank.com.au',TRUE,FALSE),
      (8,124,E'Terry',E'Stacey',E'100 Lilac Avenue',E'Kerang',E'VIC',E'3579',E'0428503377',NULL,NULL,E'kbradde@hotmail.com',TRUE,FALSE),
      (9,18,E'Mark',E'Thomas',E'30 Browning ave',E'Murrabit',E'VIC',E'3579',E'0420782396',NULL,NULL,E'tomo242@gmail.com',TRUE,FALSE),
      (10,18,E'Tracey',E'Ridley',E'26 Church st',E'Murrabit',E'VIC',E'3579',E'0420782396',NULL,NULL,E'tomo242@gmail.com',TRUE,FALSE),
      (11,18,E'Bill',E'Redmond',E'26 Church st',E'Murrabit',E'VIC',E'3579',NULL,NULL,E'0420782396',E'tomo242@gmail.com',TRUE,FALSE),
      (12,18,E'Ben',E'Van Roon',E'30 Browning ave',E'Murrabit',E'VIC',E'3579',E'0420782396',NULL,NULL,E'tomo242@gmail.com',TRUE,FALSE),
      (13,3,E'Shannon',E'Martin',E'7 houghton drove',E'Ferntree gully',E'VIC',E'3155',NULL,NULL,E'0458378140',E'shannon.m91@hotmail.com',TRUE,FALSE),
      (14,153,E'kevin',E'callow',E'171 Hilton St',E'GLENROY',E'VIC',E'3046',E'+61430966464',NULL,NULL,E'kfc@aussiebb.com.au',TRUE,FALSE),
      (15,154,E'Tim',E'Woods',E'38 river gum close',E'Diamond creek',E'VIC',E'3089',NULL,NULL,NULL,E'timwoodscarpentry@hotmail.com',TRUE,FALSE),
      (16,3,E'Kieran',E'Martin',E'9 manuka court',E'Mill park',E'VIC',E'3082',NULL,NULL,E'0409401290',E'Kieran.m91@hotmail.com',TRUE,FALSE),
      (17,3,E'Brian',E'Martin',E'32 mitchell rd',E'Melton south',E'VIC',E'3338',NULL,NULL,E'0402043856',E'brimar90@hotmail.com',TRUE,FALSE),
      (18,135,E'John',E'Fuller',E'24 Tennyson Street',E'Woodend',E'VIC',E'3442',E'0427529059',NULL,E'0427529059',E'cjfuller@bigpond.com.au',TRUE,FALSE),
      (19,100,E'Peter',E'Muir',E'30 Epsom street',E'Laverton',E'VIC',E'3028',NULL,NULL,E'0419591306',E'pmuir63@outlook.com',TRUE,FALSE),
      (20,203,E'Mark',E'HOOPER',E'4 RIVERINA  PARADE',E'ECHUCA',E'VIC',E'3564',E'0428842808',NULL,E'0428842808',E'mhhooper@bigpond.com',TRUE,FALSE),
      (21,145,E'DARYL',E'CARTER',E'49 LAYTON ROAD',E'MARYBOROUGH',E'VIC',E'3465',E'354613741',NULL,E'0428613741',E'cartersengineering@gmail.com',TRUE,FALSE),
      (22,147,E'Paul',E'Collicoat',E'28 newton st',E'Maryborough',E'VIC',E'3465',NULL,NULL,E'0417545149',E'speedycollicoat@gmail.com',TRUE,FALSE),
      (23,108,E'Aaron',E'Collicoat',E'28 newton st',E'Maryborough',E'VIC',E'3465',NULL,NULL,E'0417545149',E'speedycollicoat@gmail.com',TRUE,FALSE),
      (24,50,E'David',E'Anderson',E'13 Glenscott Crescent',E'Strathmore Heights',E'VIC',E'3041',NULL,NULL,E'0412369361',E'oosh@bigpond.net.au',TRUE,FALSE),
      (25,50,E'Max',E'Anderson',E'13 Glenscott Crescent',E'Strathmore Heights',E'VIC',E'3041',NULL,NULL,E'0497784183',E'oosh@bigpond.net.au',TRUE,FALSE),
      (26,50,E'Rhett',E'Flanigan',E'13 Glenscott Crescent',E'Strathmore Heights',E'VIC',E'3041',NULL,NULL,E'0404813718',E'rhett.flanigan@keolisdowner.com.au',TRUE,FALSE),
      (27,51,E'Mark',E'Howard',E'Mahers rd',E'Timor',E'VIC',E'3465',E'0417545149',NULL,NULL,E'speedycollicoat@gmail.com',TRUE,FALSE),
      (28,51,E'Jake',E'Howard',E'Mahers rd',E'Timor',E'VIC',E'3465',E'0417545149',NULL,NULL,E'speedycollicoat@gmail.com',TRUE,FALSE),
      (29,52,E'Jim',E'Anderson',E'50 Budburst drive',E'Sunbury',E'VIC',E'3429',E'0414552753',NULL,E'0414552753',E'jim@anderwoods.com.au',TRUE,FALSE),
      (30,52,E'Mick',E'Woods',E'1 bayfield dtive',E'Eltham',E'VIC',E'3095',E'0427184794',NULL,E'0427184794',E'mick@hookem.com.au',TRUE,FALSE),
      (31,115,E'Damian',E'Cooper',E'153 Bobs street',E'White hills',E'VIC',E'3551',NULL,NULL,E'0409951264',E'Damiancooper1970@gmail.com',TRUE,FALSE),
      (32,84,E'Peter',E'Davis',E'12 valonia drive',E'Eltham',E'VIC',E'3095',E'0458775029',NULL,E'0437528590',E'shaz.davis@hotmail.com',TRUE,FALSE),
      (33,5,E'Murray',E'James',E'4 pegler ave',E'Mildura',E'VIC',E'3550',NULL,NULL,E'0428627982',E'debi.james62@bigpond.com',TRUE,FALSE),
      (34,5,E'Debi',E'James',E'4 Pegler Ave',E'Mildura',E'VIC',E'3550',NULL,NULL,E'0409384184',E'debi.james62@bigpond.com',TRUE,FALSE),
      (35,150,E'Andrew',E'Brazzale',E'14 Echidna Rd',E'Eltham',E'VIC',E'3095',NULL,NULL,E'0401 796 756',E'braz_23@hotmail.com',TRUE,FALSE),
      (36,115,E'Glenn',E'Solomano',E'68 Williams Rd',E'Myers Flat',E'VIC',E'3556',NULL,NULL,E'0418459985',E'glenns2502@gmail.com',TRUE,FALSE),
      (37,115,E'Stephen',E'Kelson',E'3/2 Smalley St',E'California Gully',E'VIC',E'3556',NULL,NULL,E'0419884993',E'stkel1@hotmail.com',TRUE,FALSE),
      (38,155,E'Graham',E'Collicoat',E'20-22 Tullaroop Road',E'Maryborough',E'VIC',E'3465',E'0417851202',NULL,E'0417851202',E'grahamcollicoat@gmail.com',TRUE,FALSE),
      (39,156,E'Lee',E'Ross',E'66 Mcgeorge Road',E'Gisborne south',E'VIC',E'3437',NULL,NULL,E'0423298499',E'lee@outlook.co.nz',TRUE,FALSE),
      (40,7,E'Mark',E'Robertson',E'3 gearing street',E'Marybough',E'VIC',E'3465',NULL,NULL,E'0427606006',E'mrobertson013@hotmail.com',TRUE,FALSE),
      (41,7,E'Mark',E'Barby',E'3 gearing street',E'Marybough',E'VIC',E'3465',NULL,NULL,E'0488991830',E'mrobertson013@hotmail.com',TRUE,FALSE),
      (42,7,E'Noel',E'Olver',E'3 gearing street',E'Marybough',E'VIC',E'3465',NULL,NULL,E'0419500573',E'mrobertson013@hotmail.com',TRUE,FALSE),
      (43,23,E'Steve',E'Peirce',E'55 Honeyeater cct',E'Thurgoona',E'NSW',E'2640',NULL,NULL,E'0427799006',E's.peirce@hotmail.com',TRUE,FALSE),
      (44,22,E'Stephen',E'ODonoghue',E'277 Murrabit West Road',E'Murrabit',E'VIC',E'3579',E'0418577238',NULL,E'0418577238',E'BURRPARK@BIGPOND.COM',TRUE,FALSE),
      (45,22,E'Leigh',E'Forster',E'Cassidy Lane',E'Pyramid Hill',E'VIC',E'3575',E'0427847033',NULL,E'0427847033',E'leighanddebby@bigpond.com',TRUE,FALSE),
      (46,105,E'Joe',E'Gilhooley',E'35 John Street',E'Eltham',E'VIC',E'3095',NULL,NULL,NULL,E'joe.gilhooley1990@outlook.com',TRUE,FALSE),
      (47,117,E'Robert',E'Munter',E'50 Ruby Street Essendon West',E'Essendon West',E'VIC',E'3040',E'+61409350175',NULL,NULL,E'munterr@gmail.com',TRUE,FALSE),
      (48,101,E'Wendy',E'Angel',E'202 Kerang Macorna Rd',E'Tragowel',E'VIC',E'3579',E'0427318267',NULL,E'0427318267',E'jwangel@activ8.net.au',TRUE,FALSE),
      (49,56,E'michael',E'martin',E'32 Hains close',E'Beaufort',E'VIC',E'3373',NULL,NULL,E'0402788241',E'mikgm@bigpond.com',TRUE,FALSE),
      (50,56,E'frank',E'martin',E'4 ormond road',E'west footscray',E'VIC',E'3012',NULL,NULL,E'0411063770',E'fma34202@bigpond.com.au',TRUE,FALSE),
      (51,56,E'ken',E'kierce',E'4 tucker st',E'west footscray',E'VIC',E'3012',NULL,NULL,E'0419577069',E'kenandtrish@hotmail.com',TRUE,FALSE),
      (52,56,E'peter',E'magalotti',E'1 belah ave',E'altona',E'VIC',E'3018',NULL,NULL,E'0468928523',E'magalot1@hotmail.com',TRUE,FALSE),
      (53,56,E'peter',E'mayberry',E'11 taegtow way',E'altona meadows',E'VIC',E'3028',NULL,NULL,NULL,E'magalot1@hotmail.com',TRUE,FALSE),
      (54,56,E'mark',E'sodomaco',E'10 apollo place',E'whittington, geelong',E'VIC',E'3219',NULL,NULL,E'0458369200',E'marksodda@gmail.com',TRUE,FALSE),
      (55,56,E'alan',E'eaton',E'32 blanche street',E'st. leanards',E'VIC',E'3223',NULL,NULL,E'0417533537',E'alan.eaton1@bigpond.com',TRUE,FALSE),
      (56,56,E'greg',E'webster',E'5 rosina drive',E'melton',E'VIC',E'3337',NULL,NULL,E'0403255832',E'magalot1@hotmail.com',TRUE,FALSE),
      (57,56,E'andrew',E'cachia',E'6 cj dennis place',E'point cook',E'VIC',E'3030',NULL,NULL,E'0418395469',E'abcachia@bigpond.com',TRUE,FALSE),
      (58,56,E'shaun',E'webster',E'1 belah ave',E'altona',E'VIC',E'3018',NULL,NULL,E'0434281514',E'magalot1@hotmail.com',TRUE,FALSE),
      (59,133,E'Dale',E'Stacey',E'8 Tree Change Way',E'Woodend',E'VIC',E'3442',E'+61402054175',NULL,NULL,E'dale.stacey@elgas.com.au',TRUE,FALSE),
      (60,113,E'Tristin',E'Rhodes',E'18 Horsham Drive',E'Cranbourne East',E'VIC',E'3977',NULL,NULL,E'0451474314',E'Twisty245@hotmail.com',TRUE,FALSE),
      (61,1,E'Donald',E'Smith',E'79 Mitchell street',E'Kyneton',E'VIC',E'3444',NULL,NULL,E'0418590295',E'kynwhitegoodsrepair@bigpond.com',TRUE,FALSE),
      (62,1,E'Darren',E'Smith',E'79 Mitchell street',E'Kyneton',E'VIC',E'3444',E'0488002972',NULL,E'0488002972',E'Darrensmith0916@outlook.com',TRUE,FALSE),
      (63,57,E'James',E'Keogh',E'37 Broad Gully Rd',E'Diamond creek',E'VIC',E'3089',NULL,NULL,E'0448028336',E'jamesk87@live.com.au',TRUE,FALSE),
      (64,57,E'Caleb',E'Gillie',E'46 Blair st',E'Moama',E'NSW',E'2731',NULL,NULL,E'0419667150',E'caleb@cavalierhomesgv.com.au',TRUE,FALSE),
      (65,57,E'Tom',E'Wood',E'49 Pakenham st',E'Echuca',E'VIC',E'3564',NULL,NULL,E'0438871180',E'twood87@hotmail.com',TRUE,FALSE),
      (66,129,E'Peter',E'Shay',E'116 Queens Avenue',E'Maryborough',E'VIC',E'3465',NULL,NULL,E'0427612790',E'prandhjshay@bigpond.com',TRUE,FALSE),
      (67,159,E'Jeremy',E'Boag',E'40, Metcalfe Drive',E'Romsey',E'VIC',E'3434',E'0438109717',NULL,NULL,E'jeremyboag@gmail.com',TRUE,FALSE),
      (68,160,E'Doug',E'Tanner',E'57 Fairway Grove',E'Rosebud',E'VIC',E'3939',E'+61418323436',NULL,NULL,E'd.tan1955@bigpond.com',TRUE,FALSE),
      (69,131,E'Toni',E'Angel',E'8511 Murray Valley Hwy',E'Kerang East',E'VIC',E'3579',NULL,NULL,E'0428815821',E'toni.angel@bigpond.com',TRUE,FALSE),
      (70,47,E'Darren',E'Hosken',E'19 raittrd',E'stawell',E'VIC',E'3385',E'53581126',NULL,E'0408769186',E'djmjhosken6@bigpond.com.au',TRUE,FALSE),
      (71,47,E'Scott',E'Bibby',E'19 raitt rd',E'stawell',E'VIC',E'3385',E'53581126',NULL,E'0408386351',E'djmjhosken6@bigpond.com.au',TRUE,FALSE),
      (72,53,E'Myles',E'Green',E'145 Keegan road',E'Lauriston',E'VIC',E'3444',NULL,NULL,E'0425849211',E'myles.green74@bigpond.com',TRUE,FALSE),
      (73,55,E'Eddie',E'Wright',E'5 Hampton Court',E'Wodonga',E'VIC',E'3690',NULL,NULL,E'0407480665',E'eddie.wright@effem.com',TRUE,FALSE),
      (74,55,E'Josef',E'Wenselowski',E'2 Romsey Court',E'Wodonga',E'VIC',E'3690',NULL,NULL,E'0423506140',E'josejwenselowski27@gmail.com',TRUE,FALSE),
      (75,54,E'graham',E'norman',E'92 churchill avenue',E'braybrook',E'VIC',E'3019',NULL,NULL,E'0419763644',E'snowynorman@hotmail.com',TRUE,FALSE),
      (76,54,E'mick',E'mcardle',E'52 brougham avenue',E'wyndham vale',E'VIC',E'3024',NULL,NULL,E'0413328588',E'dooknlindy@optusnet.com.au',TRUE,FALSE),
      (77,54,E'tho',E'hoang',E'1 belah avenue',E'altona',E'VIC',E'3018',NULL,NULL,E'0422890340',E'magalot1@hotmail.com',TRUE,FALSE),
      (78,13,E'Craig',E'Theobald',E'8 Tabitha court Golden square',E'Bendigo',E'VIC',E'3555',NULL,NULL,E'0417892935',E'craig755@bigpond.com',TRUE,FALSE),
      (79,13,E'Mark',E'Burgess',E'120 Norelle',E'Golden square',E'VIC',E'3555',E'0456 819 243',NULL,E'0456 819 243',E'BurgessMN@bigpond.com',TRUE,FALSE),
      (80,127,E'Barry',E'Tanner',E'2730 Bacchus Marsh-Balliang Road',E'Bacchus Marsh',E'VIC',E'3340',NULL,NULL,E'0400222824',E'barrytanner1@bigpond.com',TRUE,FALSE),
      (81,157,E'Paul',E'Rossi',E'70 Napier Streer',E'Maryborough',E'VIC',E'3465',NULL,NULL,E'0417550458',E'paul.rossi@maryboroughtoyota.com.au',TRUE,FALSE),
      (82,143,E'Shane',E'Edge',E'8511 Murray Valley Highway',E'Kerang East',E'VIC',E'3579',E'0437028777',NULL,NULL,E'Goodoolover@hotmail.com',TRUE,FALSE),
      (83,118,E'Cat',E'Whinfield',E'92 Bears road',E'Macorna',E'VIC',E'3579',NULL,NULL,E'0428152194',E'whinny5@live.com',TRUE,FALSE),
      (84,158,E'Mark',E'Briggs',E'3 Scotia Place',E'Wooden',E'VIC',E'3442',E'354273499',NULL,E'0497168907',E'markwbriggs@bigpond.com',TRUE,FALSE),
      (85,12,E'Ash',E'Meehan',E'6 Wilson Court',E'Kerang',E'VIC',E'3579',NULL,NULL,E'0457721824',E'kelash5@bigpond.com',TRUE,FALSE),
      (86,16,E'Kevin',E'Booth',E'11 lake side dr',E'Lake Boga',E'VIC',E'3584',NULL,NULL,E'0417140865',E'stacka18@hotmail.com',TRUE,FALSE),
      (87,16,E'Jack',E'Dyer',E'20church st Murrabit',E'Murrabit',E'VIC',E'3579',NULL,NULL,E'0409568124',E'jackdyer1961@out-look.com',TRUE,FALSE),
      (88,87,E'Jason',E'Angel',E'202 Kerang Macorna Rd',E'Tragowel',E'VIC',E'3579',NULL,NULL,E'0427713498',E'jwangel@activ8.net.au',TRUE,FALSE),
      (89,161,E'Arron',E'Sutton',E'17 Fortress Rd',E'Doreen',E'VIC',E'3754',E'0404839207',NULL,NULL,E'arron.sutton@coopers.com.au',TRUE,FALSE),
      (90,162,E'Jeff',E'Gillingham',E'Lake.charm',E'68.lake.charm.east.road',E'VIC',E'3581',NULL,NULL,E'0428500702',E'jeffgillingham10@gmail.com',TRUE,FALSE),
      (91,43,E'ian',E'hall',E'48 bucknall st',E'carisbrook',E'VIC',E'3464',E'+61409354278',NULL,NULL,E'mouse8118@outlook.com',TRUE,FALSE),
      (92,43,E'graham',E'tonkin',E'48 bucknall st',E'carisbrook',E'VIC',E'3464',E'+61409354278',NULL,NULL,E'mouse8118@outlook.com',TRUE,FALSE),
      (93,163,E'Allan',E'Tanner',E'13 Burlington Entrance',E'Mickleham',E'VIC',E'3064',E'-',NULL,E'0409439885',E'speedy80@optusnet.com.au',TRUE,FALSE),
      (94,148,E'Nev',E'Murray',E'287 Lower Loddon Road',E'Kerang',E'VIC',E'3579',E'0427 346 235',NULL,E'0427 346 235',E'nevjo@westnet.com.au',TRUE,FALSE),
      (95,2,E'Andy',E'Innes',E'6320 midland hwy',E'Clarendon',E'VIC',E'3352',NULL,NULL,E'0417142646',E'andyinnes64@icloud.com',TRUE,FALSE),
      (96,2,E'Mathew',E'Charleson',E'24 Cathcart st',E'Clarendon',E'VIC',E'3352',NULL,NULL,E'0409850731',E'mattycharlo@live.com',TRUE,FALSE),
      (97,40,E'Lisa',E'Kerr',E'345 Linton-naringhil Rd',E'Linton',E'VIC',E'3360',NULL,NULL,E'0409551390',E'lisa.kerr3@optusnet.com.au',TRUE,FALSE),
      (98,40,E'Dean',E'Kerr',E'345 Linton-Naringhil Rd',E'Linton',E'VIC',E'3360',NULL,NULL,E'0423065286',E'lisa.kerr3@optusnet.com.au',TRUE,FALSE),
      (99,34,E'marianne',E'baker',E'Po box 513',E'Cohuna',E'VIC',E'3568',NULL,NULL,E'0400377573',E'steppa65@bigpond.com',TRUE,FALSE),
      (100,34,E'Stepehm',E'baker',E'Po box 513',E'Cohuna',E'VIC',E'3568',NULL,NULL,E'0437246870',E'steppa65@bigpond.com',TRUE,FALSE),
      (101,4,E'Shaun',E'Delamare',E'19 Vines Street',E'Echuca',E'VIC',E'3564',NULL,NULL,E'0408521227',E'colindelamare36@gmail.com',TRUE,FALSE),
      (102,4,E'Colin',E'Delamare',E'60 Hume Street',E'Echuca',E'VIC',E'3564',NULL,NULL,E'0418100694',E'colindelamare36@gmail.com',TRUE,FALSE),
      (103,138,E'Jeff',E'Parker',E'1 Airey St',E'Huntly',E'VIC',E'3551',NULL,NULL,E'0458 886 201',E'grandview3537@gmail.com',TRUE,FALSE),
      (104,22,E'Andrew',E'Grieves',E'PO Box 298',E'Marong',E'VIC',E'3515',E'354352220',NULL,E'0428551255',E'douglashelen576@gmail.com',TRUE,FALSE),
      (105,58,E'David',E'Baker',E'16 Megan court',E'Waldara',E'VIC',E'3678',NULL,NULL,E'0438793624',E'b2334david@hotmail.com',TRUE,FALSE),
      (106,58,E'Janine',E'Edwards',E'16 Megan court',E'Waldara',E'VIC',E'3678',NULL,NULL,E'0407218129',E'b2334david@hotmail.com',TRUE,FALSE),
      (107,38,E'Ryan',E'White',E'25 Kent drive',E'Haddon',E'VIC',E'3351',NULL,NULL,E'0407542939',E'r.c.whitebricklaying@hotmail.com',TRUE,FALSE),
      (108,38,E'Hayden',E'Bladier',E'8 Leonie crt',E'Cardigan village',E'VIC',E'3352',NULL,NULL,NULL,E'r.c.whitebricklaying@hotmail.com',TRUE,FALSE),
      (109,38,E'Adam',E'Rickard',E'40 shamus drive',E'Ross creek',E'VIC',E'3351',NULL,NULL,NULL,E'r.c.whitebricklaying@hotmail.com',TRUE,FALSE),
      (110,26,E'Mandy',E'Pellow',E'27 Fisher Street',E'Stawell',E'VIC',E'3380',NULL,NULL,E'0423096729',E'gmbae62@gmail.com',TRUE,FALSE),
      (111,26,E'Barry',E'Gardner',E'27 Fisher Street',E'Stawell',E'VIC',E'3380',E'0466210091',NULL,E'0466210091',E'bg0861@gmail.com',TRUE,FALSE),
      (112,48,E'Kylie',E'Brooks',E'2 caddy drive',E'Creswick',E'VIC',E'3363',NULL,NULL,E'0427058032',E'kylo2273@gmail.com',TRUE,FALSE),
      (113,48,E'Glenn',E'Brooks',E'2 caddy drive',E'Creswick',E'VIC',E'3363',NULL,NULL,E'0448164600',E'kylo2273@gmail.com',TRUE,FALSE),
      (114,164,E'Trevor',E'Sleeman',E'Kating lane',E'Myersflat',E'VIC',E'3556',E'0429434646',NULL,NULL,E'trevor.sleeman@hotmail.com',TRUE,FALSE),
      (115,35,E'Jack',E'Challis',E'44 Hughes rd',E'Murrabit',E'VIC',E'3579',NULL,NULL,E'0427570309',E'jackandjill@yahoo.com.au',TRUE,FALSE),
      (116,35,E'Chris',E'Wagner',E'473 tannery lane',E'Strathfieldsaye',E'VIC',E'3551',E'0427413795',NULL,E'0427413795',E'wagnerchris001@gmail.com',TRUE,FALSE),
      (117,134,E'Mike',E'Cassidy',E'29 Clydebank Road',E'Essendon West',E'VIC',E'3040',NULL,NULL,E'0409767886',E'cassface69@hotmail.com',TRUE,FALSE),
      (118,49,E'Dallas',E'Mathers',E'93 Channel Street, COHUNA  VIC 3568',E'COHUNA',E'VIC',E'3568',E'0407562659',NULL,NULL,E'dallasmathers@gmail.com',TRUE,FALSE),
      (119,49,E'Leiza',E'Webb',E'93 channel street',E'COHUNA',E'VIC',E'3568',E'0427567170',NULL,NULL,E'leizawebb@gmail.com',TRUE,FALSE),
      (120,110,E'Daniel',E'Grasser',E'9 Honour Street',E'Craigieburn',E'VIC',E'3064',E'+61410609899',NULL,NULL,E'dannygrasser@gmail.com',TRUE,FALSE),
      (121,27,E'Karen',E'Burton',E'22 Damien Court',E'Muckleford',E'VIC',E'3451',E'+61400916826',NULL,NULL,E'Karen.burton@education.vic.gov.au',TRUE,FALSE),
      (122,27,E'Dale',E'Burton',E'22 Damien Court',E'Muckleford',E'VIC',E'3451',E'0',NULL,E'0437004492',E'Karen.burton@education.vic.gov.au',TRUE,FALSE),
      (123,121,E'Mitchell',E'Grime',E'41 pinnacle crs',E'Melton',E'VIC',E'3338',E'97476851',NULL,E'0400637765',E'mitchellgrime1@gmail.com',TRUE,FALSE),
      (124,28,E'Kim',E'Hallinan',E'19 Margaret Street',E'Cohuna',E'VIC',E'3568',E'0423608321',NULL,NULL,E'kimhallinan@hotmail.com',TRUE,FALSE),
      (125,28,E'Paul',E'Robinson',E'19 Margaret Street',E'Cohuna',E'VIC',E'3568',E'0403699568',NULL,NULL,E'probinsonkgc@gmail.com',TRUE,FALSE),
      (126,139,E'Archer',E'McKnight',E'36 Borough Drive',E'Kerang',E'VIC',E'3579',NULL,NULL,E'0428572377',E'brent@mcknightbray.com.au',TRUE,TRUE),
      (127,59,E'Jorge',E'Osorio',E'N/A',E'Bendigo',E'VIC',E'3550',E'0490 390 443',NULL,E'0490 390 443',E'jorgeltamayo2019@gmail.com',TRUE,FALSE),
      (128,46,E'Andrew',E'Every',E'63 maldon rd',E'Mckenzies hill',E'VIC',E'3451',E'0418381537',NULL,NULL,E'garage63@dodo.com.au',TRUE,FALSE),
      (129,46,E'Jennifer',E'Larsen',E'63 maldon rd',E'Mckenzies hill',E'VIC',E'3451',E'0418381537',NULL,NULL,E'garage63@dodo.com.au',TRUE,FALSE),
      (130,46,E'Sophie',E'Every',E'63 maldon rd',E'Mckenzies hill',E'VIC',E'3451',NULL,NULL,NULL,E'garage63@dodo.com.au',TRUE,FALSE),
      (131,204,E'Bill',E'Hazen',E'N/A',E'Murrabit',E'VIC',E'3579',E'03 5457 2213',NULL,NULL,NULL,TRUE,FALSE),
      (132,205,E'Robert',E'Evans',E'N/A',E'??',E'VIC',NULL,NULL,NULL,NULL,NULL,TRUE,FALSE),
      (133,206,E'Les',E'Bray',NULL,E'Koondrook',E'VIC',E'3580',NULL,NULL,E'0475869371',NULL,TRUE,FALSE),
      (134,207,E'Riley',E'McDonald',E'N/A',E'Murrabit',E'VIC',E'3579',NULL,NULL,NULL,NULL,TRUE,FALSE),
      (135,209,E'Brendan',E'Fletcher',E'4 Sweeney St',E'East Bendigo',E'VIC',E'3550',NULL,NULL,E'0418 513 165',E'bfletcher@latrobe.edu.au',TRUE,FALSE),
      (136,209,E'Jackson',E'Fletcher',E'4 Sweeny St',E'Bendigo',E'VIC',E'3550',NULL,NULL,E'0403 718 160',E'bfletcher@latrobe.edu.au',TRUE,FALSE),
      (137,31,E'Dennis',E'Horrigan',E'5 Castlemaine Road',E'Maldon',E'VIC',E'3463',E'0419169168',NULL,E'0419169168',E'dennishorrigan@bigpond.com',TRUE,FALSE),
      (138,31,E'Peter',E'Weaven',E'19 Johns Road',E'Maldon',E'VIC',E'3463',NULL,NULL,E'0411703266',E'pjweaven@gmail.com',TRUE,FALSE),
      (139,165,E'ljubo',E'stojcevski',E'33 hook st',E'saint albans',E'VIC',E'3021',NULL,NULL,E'0431260171',E'magalot1@hotmail.com',TRUE,FALSE),
      (140,166,E'Matthew',E'Johnson',E'30 Logan street',E'Maryborough',E'VIC',E'3465',NULL,NULL,E'0409235358',E'mjohnson@powercor.com.au',TRUE,FALSE),
      (141,33,E'Neil',E'HOPKINS',E'6 Whiter St',E'MURRABIT',E'VIC',E'3579',E'54572428',NULL,E'0490830641',E'neilhop57@gmail.com',TRUE,FALSE),
      (142,33,E'DANNY',E'KING',E'10 BOWLES RD',E'EPSOM',E'VIC',E'3551',E'0417552148',NULL,E'0417552148',E'danny@dpkmechanical.com.au',TRUE,FALSE),
      (143,33,E'WILLIAM',E'KING',E'10 BOWLES RD',E'EPSOM',E'VIC',E'3551',E'0417552148',NULL,E'0417552148',E'danny@dpkmechanical.com.au',TRUE,FALSE),
      (144,33,E'STEVE',E'CHRISTENSON',E'10 BOWLES RD',E'EPSOM',E'VIC',E'3551',E'0417552148',NULL,E'0417552148',E'danny@dpkmechanical.com.au',TRUE,FALSE),
      (145,60,E'Dale',E'Laursen',E'130 Grigg Rd',E'Koondrook',E'VIC',E'3580',NULL,NULL,E'0409332015',E'dieselaursen@hotmail.com',TRUE,FALSE),
      (146,60,E'Bill',E'Hollard',E'Station Street',E'Koondrook',E'VIC',E'3580',NULL,NULL,NULL,E'dieselaursen@hotmail.com',TRUE,FALSE),
      (147,107,E'Leigh',E'Lupton',E'37 greenfields drive',E'Moriac',E'VIC',E'3240',NULL,NULL,E'0438840104',E'leighlupton17@gmail.com',TRUE,FALSE),
      (148,123,E'Jamie',E'Joseph',E'42 Greenfields Drive',E'Moriac',E'VIC',E'3240',E'0430604465',NULL,E'0430604465',E'jamie@allexcavations.com.au',TRUE,FALSE),
      (149,119,E'Connor',E'Joseph',E'42 Greenfields Drive',E'Moriac',E'VIC',E'3240',NULL,NULL,E'0415735009',E'jamie@allexcavations.com.au',TRUE,FALSE),
      (150,9,E'Jordan',E'Edelsten',E'4 Sebastian close',E'Swan Hill',E'VIC',E'3585',E'0427398519',NULL,E'0427398519',E'edo_06@hotmail.com',TRUE,FALSE),
      (151,9,E'James',E'Bannam',E'101 Goynes Road',E'Epsom',E'VIC',E'3551',E'0422218280',NULL,E'0422218280',E'jamesbannam@gmail.com',TRUE,FALSE),
      (152,95,E'Brandon',E'McKenna',E'Lot 17 oakridge drive',E'Huntly',E'VIC',E'3551',NULL,NULL,E'0400774165',E'brandonmckenna88@gmail.com',TRUE,FALSE),
      (153,9,E'Elijah',E'Wilkinson',E'53 DONNINGTON ST',E'Swan hill',E'VIC',E'3585',E'0448886480',NULL,NULL,E'elijahwilkinson63@gmail.com',TRUE,FALSE),
      (154,132,E'McKenna',E'Michael',E'37 Stephenson steet',E'Huntly',E'VIC',E'3551',NULL,NULL,E'0407539559',E'm.mckenna1@bigpond.com',TRUE,FALSE),
      (155,168,E'Nev',E'Hunt',E'6 Louey Drive',E'White Hills',E'VIC',E'3550',E'0456 640 940',NULL,NULL,E'nevhunt56@gmail.com',TRUE,FALSE),
      (1039,0,E'Callum',E'Ettershank',NULL,E'Murrabit',E'VIC',E'3579',NULL,NULL,E'0428575232',E'settershank09@gmail.com',TRUE,TRUE),
      (1037,0,E'Chase',E'Coulter',NULL,NULL,NULL,NULL,NULL,NULL,NULL,NULL,FALSE,TRUE),
      (1038,0,E'Kye',E'McKerrow',NULL,NULL,NULL,NULL,NULL,NULL,NULL,E'rowantracey@bigpond.com',TRUE,TRUE),
      (156,44,E'Malcolm',E'Dyer',E'16 Hipwell Court',E'Lovely Banks',E'VIC',E'3213',NULL,NULL,E'0425138186',E'mal.dyer@hotmail.com',TRUE,FALSE),
      (157,44,E'Daryl',E'Dyer',E'16 Hipwell Court',E'Lovely Banks',E'VIC',E'3213',NULL,NULL,NULL,E'mal.dyer@hotmail.com',TRUE,FALSE),
      (158,44,E'Lindsay',E'Dyer',E'16 Hipwell Court',E'Lovely Banks',E'VIC',E'3213',NULL,NULL,NULL,E'mal.dyer@hotmail.com',TRUE,FALSE),
      (159,122,E'Peter',E'Ladgrove',E'PO Box 114',E'Eaglehawk',E'VIC',E'3556',NULL,NULL,E'0478225861',E'helenladgrove@hotmail.com',TRUE,FALSE),
      (160,102,E'Tim',E'Wainwright',E'24 Kelly at',E'Diamond creek',E'VIC',E'3089',NULL,NULL,E'0419300061',E'tmwcarpentry@gmail.com',TRUE,FALSE),
      (161,167,E'Joshua',E'Cox',E'94 Burgoyne street',E'Huntly',E'VIC',E'3551',NULL,NULL,E'0437076588',E'cox.joshua69@yahoo.com.au',TRUE,FALSE),
      (162,169,E'Matt',E'Mckenna',E'14 jenolian street',E'Huntly',E'VIC',E'3550',E'0435745402',NULL,E'0435745402',E'matty67_mckenna@hotmail.com',TRUE,FALSE),
      (163,61,E'Jalna',E'Holmes',E'7 Ross St',E'Malmsbury',E'VIC',E'3446',NULL,NULL,E'0438586518',E'flozzie33@hotmail.com',TRUE,FALSE),
      (164,61,E'Brent',E'Holmes',E'7 Ross St',E'Malmsbury',E'VIC',E'3446',NULL,NULL,E'0418396103',E'flozzie33@hotmail.com',TRUE,FALSE),
      (165,61,E'Gilli',E'Bruni',E'Pipers creek rd',E'Kyneton',E'VIC',E'3444',NULL,NULL,NULL,E'flozzie33@hotmail.com',TRUE,FALSE),
      (166,106,E'Sultan',E'Koy',E'32 Mitchell road',E'Melton south',E'VIC',E'3338',NULL,NULL,NULL,E'Brimar90@hotmail.com',TRUE,FALSE),
      (167,24,E'Jake',E'Saville',E'bendigo rd',E'maldon',E'VIC',E'3463',NULL,NULL,E'0484746664',E'jkjazzy36@gmail.com',TRUE,FALSE),
      (168,24,E'Hayley',E'Jackson',E'bendigo rd, 208',E'maldon',E'VIC',E'3463',E'+61484746664',NULL,NULL,E'jkjazzy36@gmail.com',TRUE,FALSE),
      (169,45,E'Darren',E'Schultz',E'105 ironstone Rd',E'Epsom',E'VIC',E'3551',NULL,NULL,E'0400853810',E'bigdazza50@gmail.com',TRUE,FALSE),
      (170,45,E'James',E'Bell',E'15 Atherton St',E'Huntly',E'VIC',E'3661',NULL,NULL,E'0424015550',E'Hermit.james@gmail.com',TRUE,FALSE),
      (171,69,E'Peter',E'Emery',E'1 Ry Court',E'Morphetvale',E'SA',E'5162',NULL,NULL,E'0417870494',E'paul.rossi@maryboroughtoyota.com.au',TRUE,FALSE),
      (172,69,E'Ian',E'Ritchie',E'78 Kingfisher Drive',E'Hewitt',E'SA',E'5118',NULL,NULL,E'0400825435',E'paul.rossi@maryboroughtoyota.com.au',TRUE,FALSE),
      (173,175,E'Sue',E'Hampson',E'208 Bendigo-Maldon Road',E'MALDON',E'VIC',E'3463',NULL,NULL,E'+61448460939',E'SUE_HAMPSON@HOTMAIL.Com',TRUE,FALSE),
      (174,19,E'Matthew',E'Moon',E'32 Ervins Rd',E'Pyramid Hill',E'VIC',E'3575',NULL,NULL,E'0498060296',E'matt_moon_1@hotmail.com',TRUE,FALSE),
      (175,19,E'Nathan',E'Moon',E'91 McCallum st',E'Swan hill',E'VIC',E'3585',NULL,NULL,E'0498060268',E'nathan_moon_33_41@hotmail.com',TRUE,FALSE),
      (176,183,E'Frank',E'Sammit',E'16 Wooldridge Street',E'Morphetvale',E'SA',E'5162',NULL,NULL,E'0410823211',E'paul.rossi@maryboroughtoyota.com.au',TRUE,FALSE),
      (177,185,E'Boof',E'Lorenzen',E'2 wills',E'Maryborough',E'VIC',E'3465',NULL,NULL,E'0400919285',E'lorenzenboof@gmail.com',TRUE,FALSE),
      (178,151,E'Ivan',E'Collicoat',E'18 chaplins rd',E'Carisbrook',E'VIC',E'3464',NULL,NULL,E'0417545149',E'speedycollicoat@gmail.com',TRUE,FALSE),
      (179,15,E'David',E'Carter',E'42 Poole st',E'Maryborough',E'VIC',E'3465',E'54613669',NULL,E'0488408400',E'daveonsite4@gmail.com',TRUE,FALSE),
      (180,88,E'Robert',E'Heyen',E'59 Lyons street',E'NEWSTEAD',E'VIC',E'3462',E'354762384',NULL,E'0421201158',E'susanheyen1948@gmail.com',TRUE,FALSE),
      (181,6,E'Paul',E'Wheelhouse',E'22 McIvor Forest Drive',E'Junortoun',E'VIC',E'3551',NULL,NULL,E'0427 353 093',E'bendigopoolcare@bigpond.com',TRUE,FALSE),
      (182,6,E'Mick',E'Daykin',E'22 McIvor Forest Drive',E'Junortoun',E'VIC',E'3551',NULL,NULL,E'0438 243 432',E'micksmail76@gmail.com',TRUE,FALSE),
      (183,111,E'Leonard',E'Johnson',E'24 Majorca Rd',E'Maryborough',E'VIC',E'3465',E'354613482',NULL,E'0407069894',E'johnsonlorraine658@gmail.com',TRUE,FALSE),
      (184,140,E'Colin',E'Thompson',E'673 River Road',E'Murrabit West',E'VIC',E'3579',NULL,NULL,E'0407865276',E'ccthommo@hotmail.com',TRUE,FALSE),
      (185,62,E'Aaron',E'Sedgwick',E'95 red streak Rd',E'Creswick',E'VIC',E'3363',NULL,NULL,E'0400585118',E'aaronsedgwick6@gmail.com',TRUE,FALSE),
      (186,62,E'Gerard',E'Van oostveen',E'5 Elizabeth st',E'Creswick',E'VIC',E'3363',NULL,NULL,E'0478 074 022',E'gerardvo44@gmail.com',TRUE,FALSE),
      (187,170,E'Rylan',E'Delamare',E'4 Dunlop St',E'KERANG',E'VIC',E'3579',E'0407831020',NULL,NULL,E'rylan.delamare@gmail.com',TRUE,FALSE),
      (188,103,E'Bryden',E'Morison',E'49 Wyndham st',E'Kerang',E'VIC',E'3579',NULL,NULL,NULL,E'bryden_123@hotmail.com',TRUE,FALSE),
      (189,171,E'Brayden',E'Turvey',E'1964 Cohuna Rd,',E'Koondrook',E'VIC',E'3580',NULL,NULL,E'0428166019',E'brayden.turvey14@gmail.com',TRUE,FALSE),
      (190,116,E'Lachy',E'Pearson',E'11',E'MONTMORENCY',E'VIC',E'3094',NULL,NULL,E'0407567076',E'lachy.pearson@gmail.com',TRUE,FALSE),
      (191,25,E'David',E'Melling',E'46 mollison  st',E'Malmsbury',E'VIC',E'3446',NULL,NULL,E'0447105636',E'davejamesmel@gmail.com',TRUE,FALSE),
      (192,25,E'Cole',E'Melling',E'46 mollison st',E'Malmsbury',E'VIC',E'3446',NULL,NULL,E'0447105636',E'davejamesmel@gmail.com',TRUE,FALSE),
      (193,126,E'Zac',E'Cole',E'63 lavender park road',E'Eltham',E'VIC',E'3095',NULL,NULL,NULL,E'zaccole@live.com.au',TRUE,FALSE),
      (194,149,E'Corey',E'Gilmore',E'3 Elizabeth st',E'Spring gully',E'VIC',E'3550',NULL,NULL,E'0435914362',E'corey.gilmore@education.vic.gov.au',TRUE,FALSE),
      (195,86,E'Tynan',E'Spenceley',E'19 Kennedy Lane',E'Creswick',E'VIC',E'3363',NULL,NULL,E'0400271410',E'tynanspenceley@gmail.com',TRUE,FALSE),
      (196,172,E'Tom',E'Rogers',E'3 goroke crt',E'Eltham',E'VIC',E'3094',NULL,NULL,NULL,E'tomrogers1@hotmail.com',TRUE,FALSE),
      (197,137,E'Toby',E'Gray',E'2 coronation street',E'Kerang',E'VIC',E'3579',NULL,NULL,E'0435218834',E'graytoby19@gmail.com',TRUE,FALSE),
      (198,51,E'Alex',E'Smouts',E'1 Monash Drive',E'Swan Hill',E'VIC',E'3585',NULL,NULL,E'0414528593',E'alexsmouts@gmail.com',TRUE,FALSE),
      (199,51,E'Ying',E'Budkam',E'1 Monash Drive',E'Swan Hill',E'VIC',E'3585',E'0414528593',NULL,E'0414528593',E'alexsmouts@gmail.com',TRUE,FALSE),
      (200,65,E'Brodie',E'Worner',E'61 tampion ave',E'Lalbert',E'VIC',E'3542',NULL,NULL,E'0488062511',E'brodieworner@icloud.com',TRUE,FALSE),
      (201,65,E'Adam',E'Hendy',E'22 Pascoe street',E'Swan hill',E'VIC',E'3585',NULL,NULL,NULL,E'Rahendy@bigpond.com',TRUE,FALSE),
      (202,8,E'Leanne',E'Walsh',E'70A bright st',E'California Gully',E'VIC',E'3556',NULL,NULL,E'0421592105',E'leanne.forcare@gmail.com',TRUE,FALSE),
      (203,8,E'Jeff',E'Mcgregor',E'70A bright st',E'California Gully',E'VIC',E'3556',NULL,NULL,E'0448755811',E'jmcregor62@outlook.com',TRUE,FALSE),
      (204,97,E'Ben',E'Romeril',E'30, John street',E'Eltham',E'VIC',E'3095',E'0400606939',NULL,E'0400606939',E'benromers@gmail.com',TRUE,FALSE),
      (205,63,E'Anthony',E'Harmer',E'17 Whitehall Avenue',E'Springdale heights',E'NSW',E'2641',NULL,NULL,E'0459800856',E'anthony.harmer10@gmail.com',TRUE,FALSE),
      (206,64,E'Evan',E'Shea',E'450 Murrabit West Rd',E'Murrabit',E'VIC',E'3579',NULL,NULL,E'0407868743',E'evanlukeshea@gmail.com',TRUE,FALSE),
      (207,64,E'Brad',E'Cox',E'450 Murrabit West Rd',E'Murrabit',E'VIC',E'3579',E'0407868743',NULL,E'0407868743',E'evanlukeshea@gmail.com',TRUE,FALSE),
      (208,64,E'Callan',E'Shea',E'450 Murrabit West Rd',E'Murrabit',E'VIC',E'3579',E'0407868743',NULL,E'0407868743',E'evanlukeshea@gmail.com',TRUE,FALSE),
      (209,64,E'Ash',E'Cox',E'450 Murrabit West Rd',E'Murrabit',E'VIC',E'3579',E'0407868743',NULL,E'0407868743',E'evanlukeshea@gmail.com',TRUE,FALSE),
      (210,98,E'Lachlan',E'Collins',E'6a glendenning st',E'Ballarat',E'VIC',E'3350',NULL,NULL,NULL,E'Ljcollins656@gmail.com',TRUE,FALSE),
      (211,173,E'Chris',E'Stanton',E'136 Morgan street',E'Sebastopol',E'VIC',E'3356',NULL,NULL,E'0415632383',E'yogo83mougly@hotmail.com',TRUE,FALSE),
      (212,120,E'Rhys',E'Neville',E'5 Ella court',E'Kennington',E'VIC',E'3550',NULL,NULL,E'0428097180',E'nev_53@hotmail.com',TRUE,FALSE),
      (213,66,E'Jack',E'Reilly',E'2 Caldwell Road',E'Dromana',E'VIC',E'3936',NULL,NULL,NULL,E'jackreilly49@gmail.com',TRUE,FALSE),
      (214,66,E'Brett',E'Reilly',E'2 Caldwell Road',E'Dromana',E'VIC',E'3936',NULL,NULL,NULL,E'thebisho@yahoo.com.au',TRUE,FALSE),
      (215,66,E'Steve',E'Ross',E'2 Caldwell Road',E'Dromana',E'VIC',E'3936',NULL,NULL,NULL,E'jackreilly49@gmail.com',TRUE,FALSE),
      (216,66,E'Jamerson',E'Ross',E'2 Caldwell Road',E'Dromana',E'VIC',E'3936',NULL,NULL,NULL,E'jackreilly49@gmail.com',TRUE,FALSE),
      (217,12,E'Brodie',E'Meehan',E'6 Wilson Court',E'Kerang',E'VIC',E'3579',NULL,NULL,E'0475311734',E'kelash5@bigpond.com',TRUE,FALSE),
      (218,67,E'Sam',E'Gatt',E'3/93 nell st',E'Greensborough',E'VIC',E'3088',NULL,NULL,E'0439986141',E'samgattlandscaping@gmail.com',TRUE,FALSE),
      (219,67,E'Xavier',E'Enright',E'3/93 nell st',E'Greensborough',E'VIC',E'3088',NULL,NULL,E'0468 325 653',E'samgattlandscaping@gmail.com',TRUE,FALSE),
      (220,68,E'Jason',E'Holloway',E'2325 Kerang Murrabit road',E'Murrabit',E'VIC',E'3579',NULL,NULL,E'0438834301',E'jason.holloway@live.com.au',TRUE,FALSE),
      (221,174,E'Pat',E'Ring',E'46 Cumberland Tce',E'Strathfieldsaye',E'VIC',E'3551',NULL,NULL,E'0459292999',E'pringa29@hotmail.com',TRUE,FALSE),
      (222,176,E'Justin',E'Vale',E'457 Wiltshire Lane',E'Ballarat',E'VIC',E'3356',NULL,NULL,E'0418972321',E'justinvale1@hotmail.com',TRUE,FALSE),
      (223,177,E'Daniel',E'Carter',E'605 darling st redan',E'Ballarat',E'VIC',E'3356',NULL,NULL,E'0460624618',E'carterwork13@yahoo.com',TRUE,FALSE),
      (224,42,E'Mervyne',E'Miller',E'98 Nelson Street',E'Maryborough',E'VIC',E'3465',NULL,NULL,E'0417100057',E'hueg.arse76@gmail.com',TRUE,FALSE),
      (225,42,E'Jim',E'Wills',E'98 Nelson Street',E'Maryborough',E'VIC',E'3465',NULL,NULL,NULL,E'hueg.arse76@gmail.com',TRUE,FALSE),
      (226,178,E'Joel',E'Condon',E'64 day street',E'East bendigo',E'VIC',E'3550',NULL,NULL,NULL,E'joelcondon2011@hotmail.com',TRUE,FALSE),
      (227,68,E'Shmarna',E'Holloway',E'2325 Kerang-Murrabit Road',E'Murrabit',E'VIC',E'3579',NULL,NULL,E'0438834301',E'jason.holloway@live.com.au',TRUE,FALSE),
      (228,70,E'Nicholas',E'Higginbottom',E'12 Jager street',E'Swan Hill',E'VIC',E'3585',NULL,NULL,NULL,E'Nickocool587@gmail.com',TRUE,FALSE),
      (229,179,E'Andrew',E'Le Marshall',E'4 Kingfisher Court',E'Brown Hill',E'VIC',E'3350',E'0438 323 419',NULL,NULL,E'a.lemarshall@hotmail.com',TRUE,FALSE),
      (230,94,E'Greg',E'Maher',E'143 Reservoir Rd',E'Strathdale',E'VIC',E'3550',NULL,NULL,E'0418538897',E'gmaher@powercor.com.au',TRUE,FALSE),
      (231,71,E'Brendan',E'Johnson',E'4 trafalga st',E'Maryborough',E'VIC',E'3465',NULL,NULL,E'0439341815',E'brendan@johnsoncaravans.com.au',TRUE,FALSE),
      (232,73,E'Andrew',E'Bower',E'86 Von Steiglitz drive',E'Ballan',E'VIC',E'3342',E'353682161',NULL,E'0408347151',E'abower6@me.com',TRUE,FALSE),
      (233,73,E'Ken',E'Conroy',E'165 Ballanee road',E'Ballan',E'VIC',E'3342',E'353681850',NULL,NULL,E'abower6@me.com',TRUE,FALSE),
      (234,72,E'David',E'Hutchison',E'36 Jackson\'s Creek Rd',E'Ararat',E'VIC',E'3377',NULL,NULL,E'0427507715',E'angus_1996@hotmail.com',TRUE,FALSE),
      (235,72,E'Campbell',E'O\'Brien',E'33 yellow box lane',E'Armstrong',E'VIC',E'3377',NULL,NULL,E'0456 015 404',E'angus_1996@hotmail.com',TRUE,FALSE),
      (236,96,E'Tim',E'Broad',E'34 Pidgeon gully rd',E'Maryborough',E'VIC',E'3465',E'546123674',NULL,E'0427 301 119',E'sharon.broad@bigpond.com',TRUE,FALSE),
      (237,104,E'Brian',E'Smith',E'14 Gonn Avenue',E'Murrabit',E'VIC',E'3579',NULL,NULL,E'0417 522 060',E'briansmith1950@bigpond.com',TRUE,FALSE),
      (238,14,E'Daniel',E'Scott',E'14 Palmer Road',E'Neilborough',E'VIC',E'3570',NULL,NULL,E'0429876514',E'wallucas77@yahoo.com',TRUE,FALSE),
      (239,14,E'Shane',E'Hanna',E'14 Bluestone Street',E'Huntly',E'VIC',E'3551',NULL,NULL,E'0410513343',E'wallucas77@yahoo.com',TRUE,FALSE),
      (240,14,E'Corey',E'Ahdore',E'Remington Court',E'Huntly',E'VIC',E'3551',NULL,NULL,E'0427329954',E'cahdore81@hotmail.com',TRUE,FALSE),
      (241,74,E'Ben',E'Conroy',E'14 Somerset ave',E'Lake Gardens',E'VIC',E'3355',NULL,NULL,E'0458103321',E'benjamin.conroy@electrix.com.au',TRUE,FALSE),
      (242,74,E'Jack',E'Conroy',E'26 Pauls crs',E'Wendouree',E'VIC',E'3355',NULL,NULL,E'0431513781',E'benjamin.conroy@electrix.com.au',TRUE,FALSE),
      (243,180,E'David',E'Semmler',NULL,NULL,NULL,NULL,NULL,NULL,E'0427575255',NULL,FALSE,FALSE),
      (244,181,E'Ben',E'Lavey',E'787 River Road',E'Murrabit West',E'VIC',E'3579',NULL,NULL,E'0403260745',E'roseben2010@live.com.au',TRUE,FALSE),
      (245,182,E'Sean',E'Wilson',E'188 Mount Pleasant Rd',E'Eltham',E'VIC',E'3095',E'+44431161551',NULL,NULL,E'2sean.wilson2@gmail.com',TRUE,FALSE),
      (246,17,E'Bailey',E'McNeil',E'918 Myall Road',E'Myall',E'VIC',E'3579',NULL,NULL,E'0419561126',E'smcneilelectrical@bigpond.com',TRUE,FALSE),
      (247,17,E'Jordan',E'McNeil',E'918 Myall Road',E'Myall',E'VIC',E'3579',NULL,NULL,E'0419561129',E'smcneilelectrical@bigpond.com',TRUE,FALSE),
      (248,17,E'Scott',E'McNeil',E'918 Myall Road',E'Myall',E'VIC',E'3579',NULL,NULL,E'0419561126',E'smcneilelectrical@bigpond.com',TRUE,FALSE),
      (249,17,E'Brendon',E'Tatchell',E'36 Poole Street',E'Maryborough',E'VIC',E'3465',NULL,NULL,E'0409855431',E'smcneilelectrical@bigpond.com',TRUE,FALSE),
      (250,17,E'James',E'Gibbons',E'36 Poole Street',E'Maryborough',E'VIC',E'3465',NULL,NULL,E'0409855431',E'smcneilelectrical@bigpond.com',TRUE,FALSE),
      (251,77,E'Nick',E'Hein',E'346 Guilmartin rd',E'Myall',E'VIC',E'3579',NULL,NULL,E'0409533153',E'nhe40472@bigpond.net.au',TRUE,FALSE),
      (252,32,E'Wes',E'Danson',E'48 forest street',E'Barham',E'NSW',E'2732',NULL,NULL,E'0499995362',E'wesdanson1971@gmail.com',TRUE,FALSE),
      (253,32,E'Aaron',E'Danson',E'48 forest street',E'Barham',E'NSW',E'2732',NULL,NULL,NULL,E'wesdanson1971@gmail.com',TRUE,FALSE),
      (254,109,E'Andrew',E'Leahy',E'131 murrabit west rd',E'Murrabit',E'VIC',E'3579',NULL,NULL,E'0408500875',E'asurv@bigpond.com',TRUE,FALSE),
      (255,80,E'Daniel',E'Keath',E'21 whirlpool lane',E'Murrabit',E'VIC',E'3579',NULL,NULL,E'0427151178',E'dantrans78@hotmail.com',TRUE,FALSE),
      (256,80,E'Gary',E'Dern',E'21 whirlpool lane',E'Murrabit',E'VIC',E'3579',NULL,NULL,E'0427151178',E'dantrans78@hotmail.com',TRUE,FALSE),
      (257,78,E'Geoffrey',E'Milnes',E'1/82 forest st',E'Castlemaine',E'VIC',E'3450',E'0477777323',NULL,E'0477777323',E'geoffreymilnes44@gmail.com',TRUE,FALSE),
      (258,78,E'Chris',E'Mckendry',E'76 moscript st',E'Campbells creek',E'VIC',E'3451',NULL,NULL,E'0427335269',E'chrismck1@luve.com.au',TRUE,FALSE),
      (259,79,E'Kevin',E'Spiteri',E'33 Bakewell Street',E'North Bendigo',E'VIC',E'3550',NULL,NULL,E'0438428714',E'spiteriplumbing@hotmail.com',TRUE,FALSE),
      (260,79,E'Austin',E'Spiteri',E'33 Bakewell Street',E'North Bendigo',E'VIC',E'3550',NULL,NULL,E'0438428714',E'spiteriplumbing@hotmail.com',TRUE,FALSE),
      (261,30,E'Stuart',E'Rayner',E'16',E'Campbells Creek',E'VIC',E'3451',E'0408864208',NULL,E'+61408864208',E'stuartrayner67@gmail.com',TRUE,FALSE),
      (262,30,E'Debra',E'Rayner',E'16 Winkelmann Drive',E'Campbells Creek',E'VIC',E'3451',E'0419600887',NULL,E'0419600887',E'debrarayner@gmail.com',TRUE,FALSE),
      (263,186,E'Steve',E'Bulmer',E'2111 balranald Rd',E'Moulamein',E'NSW',E'2734',NULL,NULL,E'0435771874',E'stevenjbulmer82@gmail.com',TRUE,FALSE),
      (264,81,E'Jason',E'Mcgrath',E'59 stuchbree road',E'Yapeen',E'VIC',E'3451',NULL,NULL,E'0401478791',E'jason.mcgrath1011@hotmail.com',TRUE,FALSE),
      (265,81,E'Zac',E'Mcgrath',E'42 Etty Street',E'Castlemaine',E'VIC',E'3450',NULL,NULL,E'0401562089',E'hippodragonfish@gmail.com',TRUE,FALSE),
      (266,82,E'Leigh',E'Wilkinson',E'67 Fitzpatrick road cappels crossing',E'Capels crossing',E'VIC',E'3579',E'0401507390',NULL,E'0401507390',E'ryleigh39@icloud.com',TRUE,FALSE),
      (267,85,E'Dave',E'MOONEY',E'4 Wilson ct',E'KERANG',E'VIC',E'3579',E'+61427572411',NULL,E'+61427572411',E'davidmooney2@bigpond.com',TRUE,FALSE),
      (268,142,E'Mick',E'Coobs',E'92 Shadforth Street',E'Kerand',E'VIC',E'3579',E'0488521643',NULL,E'0488521643',E'vickicoobs@bigpond.com',TRUE,FALSE),
      (269,144,E'Brett',E'Archer',E'154 Mia Mia track',E'Newstead',E'VIC',E'3462',NULL,NULL,E'0435428255',E'psyclownproangler@gmail.com',TRUE,FALSE),
      (270,188,E'Lyle',E'Dettmann',E'13 Rob Roy Court',E'Echuca',E'VIC',E'3564',E'0409027344',NULL,NULL,E'ljdetteng@bigpond.com',TRUE,FALSE),
      (271,29,E'Rob',E'McFarlane',E'18 Lalbert Road',E'Lake Boga',E'VIC',E'3584',E'0428557450',NULL,NULL,E'mcfarlane.robert.a@bigpond.com',TRUE,FALSE),
      (272,29,E'Shane',E'Young',E'Hyperno Drive',E'New Gisborne',E'VIC',E'3438',E'0409011552',NULL,NULL,E'mcfarlane.robert.a@bigpond.com',TRUE,FALSE),
      (273,11,E'Michael',E'Stanton',E'227 Ballarat-carngham',E'Winter Valley',E'VIC',E'3358',NULL,NULL,E'0458310167',E'mickstanton@hotmail.com',TRUE,FALSE),
      (274,11,E'Travis',E'Walker',E'227 ballarat-carngham rd',E'Winter valley',E'VIC',E'3358',NULL,NULL,E'0498473599',E'mickstanton@hotmail.com',TRUE,FALSE),
      (275,10,E'Wayne',E'Neville',E'53 Nugget Street, KERANG  VIC  3579',E'KERANG',E'VIC',E'3579',E'0407557335',NULL,NULL,E'tigenev@hotmail.com',TRUE,FALSE),
      (276,10,E'RYAN',E'NEVILLE',E'15 MIDAS COURT',E'STRATHFIELDSAYE',E'VIC',E'3551',NULL,NULL,E'0427121125',E'Nevsta@gmail.com',TRUE,FALSE),
      (277,189,E'Shane',E'Stacey',E'9 Victoria Place',E'Echuca',E'VIC',E'3564',E'0457779695',NULL,E'0457779695',E'shanestacey@hotmail.com',TRUE,FALSE),
      (278,190,E'Dylan',E'Dight',E'68 Dalyston glen-Forbes rd',E'Dalyston',E'VIC',E'3992',E'0438599277',NULL,E'0438599277',E'Dighty243@outlook.com',TRUE,FALSE),
      (279,191,E'Travis',E'Piasente',E'4 Domain drive',E'Wonthaggi',E'VIC',E'3995',NULL,NULL,E'0422362921',E'rrowdy4545@hotmail.com',TRUE,FALSE),
      (280,36,E'Ross',E'Stanton',E'1610 Cohuna koondrook rd,',E'Cohuna',E'VIC',E'3568',NULL,NULL,E'0417515769',E'ross31stanton@gmail.com',TRUE,FALSE),
      (281,36,E'Darby',E'Stanton',E'1610 Cohuna koondrook rd',E'Cohuna',E'VIC',E'3568',NULL,NULL,E'0428755972',E'ross31stanton@gmail.com',TRUE,FALSE),
      (282,39,E'Jason',E'Booth',E'3 Bissell Drive',E'Golden Square',E'VIC',E'3555',NULL,NULL,E'0438372556',E'jason.stacka@hotmail.com',TRUE,FALSE),
      (283,39,E'James',E'Kirsten',E'3 Watt Ave',E'Oak Park',E'VIC',E'3046',NULL,NULL,E'0431285699',E'jason.stacka@hotmail.com',TRUE,FALSE),
      (284,192,E'Lindsay',E'Oliver',E'3 hocking Dr',E'swanhill',E'VIC',E'3585',E'50323316',NULL,E'0428533861',E'l.oliver@cfa.vic.gov',TRUE,FALSE),
      (285,193,E'Robert',E'Matthews',E'PO Box 2121',E'Launceston',E'TAS',E'7250',E'0408336022',NULL,E'0408336022',E'carob22@bigpond.com',TRUE,FALSE),
      (286,83,E'Matt',E'Peach',E'165 woodward rd',E'Golden square',E'VIC',E'3555',NULL,NULL,E'0417300221',E'matthew.peach@coateshire.com.au',TRUE,FALSE),
      (287,41,E'Dean',E'Collicoat',E'39',E'KANGAROO FLAT',E'VIC',E'3555',E'0473986951',NULL,NULL,E'dean.collicoat@gmail.com',TRUE,FALSE),
      (288,41,E'Ian',E'Collicoat',E'39, Neil',E'KANGAROO FLAT',E'VIC',E'3555',E'0473986951',NULL,NULL,E'dean.collicoat@gmail.com',TRUE,FALSE),
      (289,195,E'Deb',E'Forster',E'777 Cohuna-Koondrook Rd',E'Cohuna',E'VIC',E'3568',NULL,NULL,E'0407517039',E'debjam76@bigpond.com',TRUE,FALSE),
      (290,194,E'Paul',E'Rosser',E'6 vigor st',E'Cragieburn',E'VIC',E'3064',E'0437729906',NULL,NULL,E'paulrosser69@gmail.com',TRUE,FALSE),
      (291,21,E'Darren',E'Edwards',E'24 Hughes',E'Barooga',E'NSW',E'3644',NULL,NULL,E'0427707193',E'darren@jdkmanagement.com.au',TRUE,FALSE),
      (292,21,E'Chris',E'Gitsham',E'2819 Kerang road Lalbert',E'Lalbert',E'VIC',E'3542',NULL,NULL,E'0447 573 355',E'Chris.gitsham@yahoo.com',TRUE,FALSE),
      (293,198,E'Damian',E'Lynch',E'6 Clifton Street',E'Aberfeldie',E'VIC',E'3040',E'0407844443',NULL,E'0407844443',E'damian@ieservices.net.au',TRUE,FALSE),
      (294,199,E'Deklen',E'Stoffels',E'19 marshall road Lucas',E'Ballarat',E'VIC',E'3350',NULL,NULL,E'0448005501',E'dmstoffels@hotmail.com',TRUE,FALSE),
      (295,197,E'Garry',E'Collier',E'23 Burnett st',E'Koondrook',E'VIC',E'3580',NULL,NULL,E'0408511447',E'rooster62@bigpond.com.au',TRUE,FALSE),
      (296,200,E'Craig',E'Stephens',E'557 Colbinabbin  Elmore  rd',E'Runnymede',E'VIC',E'3559',NULL,NULL,E'0457995977',E'94hilux94@gmail.com',TRUE,FALSE),
      (297,112,E'Megan',E'Gladysz',E'154 Mia Mia Track',E'Newstead',E'VIC',E'3462',NULL,NULL,E'0400358368',E'megangladysz@gmail.com',TRUE,FALSE),
      (298,125,E'Shannon',E'Tuohey',E'3064 Kerang Road',E'Quambatook',E'VIC',E'3540',E'0402571429',NULL,E'0402571429',E'shannon.tuohey@hotmail.com',TRUE,FALSE),
      (299,202,E'Peter',E'Palmer',E'65 Cohen road',E'Rochester',E'VIC',E'3561',E'0417524113',NULL,NULL,E'pal0024@rochsec.vic.edu.au',TRUE,FALSE),
      (300,210,E'Ben',E'Gillingham',E'Unknown',E'Lake Charm',E'VIC',E'3579',NULL,NULL,NULL,NULL,TRUE,FALSE),
      (1001,211,E'Harry',E'HOOPER',E'4 RIVERINA  PARADE',E'ECHUCA',E'VIC',E'3564',E'0428842808',NULL,E'0428842808',E'mhhooper@bigpond.com',TRUE,TRUE),
      (1002,23,E'Joel',E'Peirce',E'55 Honeyeater  be cct',E'Thurgoona',E'NSW',E'2640',NULL,NULL,NULL,E's.peirce@hotmail.com',TRUE,TRUE),
      (1003,1,E'Makyla',E'Smith',E'79 Mitchell street',E'Kyneton',E'VIC',E'3444',NULL,NULL,E'0488002972',E'Darrensmith0916@outlook.com',TRUE,TRUE),
      (1004,53,E'Charlie',E'Green',E'145 Keegan road',E'Lauriston',E'VIC',E'3444',NULL,NULL,E'0425849211',E'myles.green74@bigpond.com',TRUE,TRUE),
      (1005,13,E'Hudson',E'Burgess',E'120 Norelle',E'Golden square',E'VIC',E'3555',E'0491 802 501',NULL,E'0491 802 501',E'HudsonMB@outlook.com',TRUE,TRUE),
      (1006,12,E'Cooper',E'Meehan',E'6 Wilson Court',E'Kerang',E'VIC',E'3579',NULL,NULL,E'0436 296 988',E'kelash5@bigpond.com',TRUE,TRUE),
      (1007,93,E'Riley',E'Nethercote',E'1093',E'Benjeroop',E'VIC',E'3579',NULL,NULL,E'0490416162',E'rneth18@gmail.com',TRUE,TRUE),
      (1008,59,E'Noah',E'Millard',E'75 Cassidy Lane',E'Koondrook',E'VIC',E'3580',E'0417 346 431',NULL,E'0417 346 431',E'timwmillard@gmail.com',TRUE,TRUE),
      (7,89,E'Greg',E'Henry',E'324 Murrabit West Road',E'Gonncrossing',E'VIC',E'3579',NULL,NULL,E'0418511953',E'greghenry5@bigpond.com',TRUE,FALSE),
      (1010,61,E'Macey',E'Holmes',E'7 Ross St',E'Malmsbury',E'VIC',E'3446',NULL,NULL,NULL,E'flozzie33@hotmail.com',TRUE,TRUE),
      (1011,61,E'Oliver',E'Holmes',E'7 Ross st',E'Malmsbury',E'VIC',E'3446',NULL,NULL,NULL,E'flozzie33@hotmail.com',TRUE,TRUE),
      (1012,15,E'Kayla',E'Carter',E'42 Poole st',E'Maryborough',E'VIC',E'3465',NULL,NULL,E'0488408400',E'chivas5@bigpond.com',TRUE,TRUE),
      (1013,63,E'Ryan',E'Harmer',E'17 whitehall avenue',E'Springdale heights',E'NSW',E'2641',NULL,NULL,E'0459800856',E'anthony.harmer10@gmail.com',TRUE,TRUE),
      (1014,64,E'Noah',E'Shea',E'450 Murrabit West Rd',E'Murrabit',E'VIC',E'3579',E'0407868743',NULL,E'0407868743',E'evanlukeshea@gmail.com',TRUE,TRUE),
      (1015,68,E'Alex',E'Rigby',E'2325 Kerang-Murrabit Road',E'Murrabit',E'VIC',E'3579',NULL,NULL,E'0438834301',E'jason.holloway@live.com.au',TRUE,TRUE),
      (1016,71,E'Mitchell',E'Johnson',E'4 trafalga st',E'Maryborough',E'VIC',E'3465',NULL,NULL,E'0439341815',E'brendan@johnsoncaravans.com.au',TRUE,TRUE),
      (1017,14,E'Ava',E'Scott',E'14 Palmer Road',E'Neilborough',E'VIC',E'3570',E'0429876514',NULL,NULL,E'wallucas77@yahoo.com',TRUE,TRUE),
      (1018,141,E'Logan',E'Ahdore',E'Remington Court',E'Huntly',E'VIC',E'3551',E'0427329954',NULL,NULL,E'cahdore81@hotmail.com',TRUE,TRUE),
      (1019,75,E'Maddi',E'Keath',E'21 whirlpool lane',E'Murrabit',E'VIC',E'3579',E'0427151178',NULL,NULL,E'dantrans78@hotmail.com',TRUE,TRUE),
      (1020,75,E'Jack',E'Keath',E'21 whirlpool lane',E'Murrabit',E'VIC',E'3579',E'0427151178',NULL,NULL,E'dantrans78@hotmail.com',TRUE,TRUE),
      (1021,184,E'Klay',E'Cannard',NULL,NULL,E'VIC',NULL,NULL,NULL,NULL,NULL,TRUE,TRUE),
      (1022,76,E'Angus',E'McDonald',E'207 Rosedale road',E'Myall',E'VIC',E'3579',E'0482041117',NULL,E'0482041117',E'pistolmac@gmail.con',TRUE,TRUE),
      (1023,76,E'Jed',E'McDonald',E'207 Rosedale road',E'Myall',E'VIC',E'3579',E'0427346340',NULL,E'0427346340',E'pistolmac@gmail.com',TRUE,TRUE),
      (1024,20,E'Thomas',E'Leahy',E'131 Murrabit west rd',E'Murrabit',E'VIC',E'3579',NULL,NULL,E'0408500875',E'asurv@bigpond.com',TRUE,TRUE),
      (1025,20,E'Clancy',E'Leahy',E'131 Murrabit west rd',E'Murrabit',E'VIC',E'3579',NULL,NULL,E'0408500875',E'asurv@bigpond.com',TRUE,TRUE),
      (1026,77,E'Cooper',E'Hein',E'346 Guilmartin rd',E'Myall',E'VIC',E'3579',NULL,NULL,E'0409533153',E'nhe40472@bigpond.net.au',TRUE,TRUE),
      (1027,77,E'Xavier',E'Hein',E'346 Guilmartin rd',E'Myall',E'VIC',E'3579',NULL,NULL,E'0409533153',E'nhe40472@bigpond.net.au',TRUE,TRUE),
      (1028,91,E'Harley',E'Bladier',E'8 Leonie court',E'Cardigan village',E'VIC',E'3352',E'0427965860',NULL,E'0427965860',E'haydo3383@hotmail.com',TRUE,TRUE),
      (1029,187,E'Carter',E'Hanna',E'18 bluestone st',E'Huntly',E'VIC',E'3551',E'0410513343',NULL,E'0410513343',E'shane.31@hotmail.com',TRUE,TRUE),
      (1030,82,E'Ryleigh',E'Wilkinson',E'67 Fitzpatrick road cappels crossing',E'Capels crossing',E'VIC',E'3579',NULL,NULL,E'0401507390',E'ryleigh39@icloud.com',TRUE,TRUE),
      (1009,83,E'Bailey',E'Peach',E'165 woodward rd',E'Golden square',E'VIC',E'3555',NULL,NULL,NULL,E'matthew.peach@coateshire.com.au',TRUE,TRUE),
      (1032,90,E'Kate',E'Heffer',E'14 Gonn Avenue',E'Murrabit',E'VIC',E'3579',NULL,NULL,E'0417522060',E'briansmith1950@bigpond.com',TRUE,TRUE),
      (1033,196,E'Charlie',E'Palmer',E'65 Cohen Road',E'Rochester',E'VIC',E'3561',E'54842495',NULL,E'0439652216',E'pal0024@rochsec.vic.edu.au',TRUE,TRUE),
      (1034,201,E'Jade',E'Lavey',E'787 River Road',E'Murrabit west',E'VIC',E'3579',NULL,NULL,E'0403260745',E'roseben2010@live.com.au',TRUE,TRUE),
      (1035,130,E'Parker',E'Bray',E'5 Wilson Court',E'Kerang',E'VIC',E'3579',NULL,NULL,E'0428994891',E'josh@mcknightbray.com.au',TRUE,TRUE),
      (1036,139,E'Paddy',E'Oliver',E'86 Fitzroy St',E'Kerang',E'VIC',E'3579',E'0354503906',NULL,E'0427529004',E'roliver20130805',TRUE,TRUE);


-- Move to legacy schema
CREATE SCHEMA IF NOT EXISTS legacy_2021;
ALTER TABLE boat SET SCHEMA legacy_2021;
ALTER TABLE catch SET SCHEMA legacy_2021;
ALTER TABLE competitor SET SCHEMA legacy_2021;
