-- SQL Dump of murrabit-cod-challenge-2017.accdb
-- generated by MDB Viewer 2.2.7
-- optimized for PostgreSQL

SET NAMES 'UTF8';



DROP TABLE IF EXISTS "boat";

CREATE TABLE "boat" (
    "boat_id" INTEGER PRIMARY KEY,
    "name" TEXT,
    "registration_no" TEXT
);

INSERT INTO "boat"("boat_id","name","registration_no")
VALUES(1,E'McNeil',NULL),
      (2,E'Wenselowski & Wright',E'SZ 457'),
      (3,E'Broadhurst',NULL),
      (4,E'MJ30',E'MJ30'),
      (5,E'Stubbs & Crane',E'cu155'),
      (6,E'Booth',NULL),
      (7,E'Saunders',NULL),
      (8,E'Scoullar',NULL),
      (9,E'\' murrabit',NULL),
      (10,E'Maddo\'s',E'RO 327'),
      (11,E'Rogers & Wilson',NULL),
      (12,E'MacGregor',E'Hh724'),
      (13,E'Savage 385 Jabiru',E'QJ 575'),
      (14,E'McCalman',NULL),
      (15,E'Cole',NULL),
      (16,E'Robertson',NULL),
      (17,E'Cooper',E'HH427'),
      (18,E'Packham',NULL),
      (19,E'ivory-nepean',NULL),
      (20,E'DPK FISHING BONANZA',NULL),
      (21,E'Adcock',NULL),
      (22,E'Hartley',NULL),
      (23,E'Hepworth',NULL),
      (24,E'Wilkinson',NULL),
      (25,E'Howard',NULL),
      (26,E'Rave on Richards',E'FS567'),
      (27,E'Norton',NULL),
      (28,E'Odonoghue & Forster',E'QV880'),
      (29,E'Stanton',NULL),
      (30,E'Forster',NULL),
      (31,E'Garrett & Boyd',NULL),
      (32,E'Brereton',NULL),
      (33,E'Booth',NULL),
      (34,E'Solomano & Kelson',NULL),
      (35,E'Van oostveen',NULL),
      (36,E'Orr',E'FM994'),
      (37,E'Fuller',NULL),
      (38,E'Thomson',NULL),
      (39,E'Aquaholic',E'MH420'),
      (40,E'Maryborough',NULL),
      (41,E'Gillen',NULL),
      (42,E'Millard',NULL),
      (43,E'Stacey',NULL),
      (44,E'martin & rhodes',NULL),
      (45,E'Gilhooley',NULL),
      (46,E'Manderson',E'BM 078'),
      (47,E'Peirce & Harmer',NULL),
      (48,E'Andy Braz',NULL),
      (49,E'van groen',E'hh724'),
      (50,E'Sutton',NULL),
      (51,E'mangano',NULL),
      (52,E'Ronchi & Miller',NULL),
      (53,E'Wood & Goode',NULL),
      (54,E'Malone',NULL),
      (55,E'Stacey',NULL),
      (56,E'Hein & Millard',NULL),
      (57,E'Wainwright',NULL),
      (58,E'kierce',NULL),
      (59,E'Bettiol',NULL),
      (60,E'Brian',NULL),
      (61,E'Spiteri & Blink',E'Dg548'),
      (62,E'Bagg',NULL),
      (63,E'Sinapius & Ketts',NULL),
      (64,E'Hartley',NULL),
      (65,E'Eames & Lake',E'SK616'),
      (66,E'Gatt & Cullen',NULL),
      (67,E'Wilson & Teasdale',NULL),
      (68,E'Daly',NULL),
      (69,E'Booth & Dyer',E'Aro20'),
      (70,E'Parker',NULL),
      (71,E'COD wrangler',NULL),
      (72,E'Garwood',NULL),
      (73,E'Daykin & Wheelhouse',NULL),
      (74,E'Scriven',NULL),
      (75,E'Hookem',NULL),
      (76,E'Ladgrove & Gillingham',E'MD392'),
      (77,E'Prendergast',NULL),
      (78,E'Dyer Brother\'s',NULL),
      (79,E'Edelsten & Bannam',NULL),
      (80,E'Penny',NULL),
      (81,E'MOONEY',NULL),
      (82,E'420 renegade',E'QR 305'),
      (83,E'Ferrari',NULL),
      (84,E'Boag',NULL),
      (85,E'Parker & McMarlane',NULL),
      (86,E'Linahan',E'QJ554'),
      (87,E'BJ01',E'BJ01'),
      (88,E'collicoat & howard',NULL),
      (89,E'Hepworth & Ellis',NULL),
      (90,E'Hunt',E'MW766'),
      (91,E'Cooper',NULL),
      (92,E'Neivandt',NULL),
      (93,E'Knight',NULL),
      (94,E'Bray',NULL),
      (95,E'Whelan',NULL),
      (96,E'berryman',NULL),
      (97,E'callow',E'mt263'),
      (98,E'Randall',NULL),
      (99,E'Woods',NULL),
      (100,E'Thomson',NULL),
      (101,E'Tanner',NULL),
      (102,E'Got a bit on',E'SR523'),
      (103,E'Lambert',NULL),
      (104,E'lougoon',E'JB934'),
      (105,E'Passalick',NULL),
      (106,E'Mcdonald & Wilson',NULL),
      (107,E'Sayers',NULL),
      (108,E'Aitken',NULL),
      (109,E'Delamare',E'LU 404'),
      (110,E'Simms & Penny',E'SZ462'),
      (111,E'Kardinaal & Wagg',NULL),
      (112,E'Fitt & Barrett',E'QZ517'),
      (113,E'Johnson',NULL),
      (114,E'Shiell',NULL),
      (115,E'Rosser',NULL),
      (116,E'Woods, Howell & Romeril',NULL),
      (117,E'Richards',NULL),
      (118,E'D tinny',NULL),
      (119,E'Lorenzen',NULL),
      (120,E'martin',NULL),
      (121,E'After you',NULL),
      (122,E'Neville',E'UN264'),
      (123,E'gilbert',E'jw726'),
      (124,E'Semmler',NULL),
      (125,E'francis & morgan',E'rq514'),
      (126,E'stacer',E'RF777'),
      (127,E'Carter',E'DC336'),
      (128,E'Gotchya',NULL),
      (129,E'Viney',NULL),
      (130,E'Stakelum',NULL),
      (131,E'CARTER',NULL),
      (132,E'Fox',NULL),
      (133,E'Pearson',NULL),
      (134,E'Dixon',E'NV889'),
      (135,E'Heritage',NULL),
      (136,E'Howard',NULL),
      (137,E'Heywood',E'PS373'),
      (138,E'Atkins',NULL),
      (139,E'Morison',NULL),
      (140,E'Tanner',E'DS599'),
      (141,E'Shotton & Anderson',E'LL 919'),
      (143,E'Shay',E'UE 193'),
      (144,E'Frichot',E'JB 934'),
      (145,E'Holmeberg & Ried',E'PQ 327'),
      (146,E'Hamlyn-Harris & McKenzie',E'PN 688'),
      (147,E'Fletcher',NULL),
      (149,E'Hollard & Laursen',E'LU 415'),
      (150,E'Old Moles',NULL),
      (151,E'Semmler & Danson',E'ET 451'),
      (152,E'Danson',NULL),
      (153,E'Danson',E'MT 022'),
      (154,E'Smith',E'KH 390'),
      (155,E'Heffer',E'GU 368'),
      (156,E'Maher',NULL),
      (157,E'CS 355',E'CS 355'),
      (158,E'Collicoat & Collier',NULL),
      (159,E'McKenzie & Hazen',NULL),
      (160,E'Williams',E'PW 810'),
      (161,E'Rumbold',NULL),
      (162,E'Stubbs',E'MX 904'),
      (163,E'Keath & Matheson',NULL),
      (164,E'Wren',NULL),
      (165,E'Oliver',NULL),
      (166,E'Challis & Wagner',E'PX 590'),
      (167,E'Bowles',NULL),
      (168,E'Buckland & Clark',NULL),
      (169,E'Thompson',NULL),
      (170,E'McCluskey',NULL),
      (171,E'Hemmens & Martin',NULL),
      (172,E'Carroll',NULL),
      (173,E'Gray',NULL),
      (174,E'McDonald',NULL),
      (175,E'Johnson',NULL),
      (176,E'Antonia',NULL),
      (177,E'River Road Crew',NULL),
      (178,E'Fullford',NULL),
      (179,E'Cook',NULL),
      (180,E'Henry',NULL);



DROP TABLE IF EXISTS "catch";

CREATE TABLE "catch" (
    "catch_id" INTEGER PRIMARY KEY,
    "fish_type" TEXT,
    "competitor_id" INTEGER,
    "size" DOUBLE PRECISION,
    "date" TIMESTAMP,
    "time" TIMESTAMP,
    "marshall" TEXT,
    "bait" TEXT,
    "location" DOUBLE PRECISION
);

INSERT INTO "catch"("catch_id","fish_type","competitor_id","size","date","time","marshall","bait","location")
VALUES(1,E'Yellowbelly',243,41,E'2017-03-18 00:00:00',E'1899-12-30 08:02:00',NULL,E'Lure',7),
      (2,E'Carp',185,50.5,E'2017-03-18 00:00:00',E'1899-12-30 08:50:00',NULL,E'Worms',8.5),
      (3,E'Yellowbelly',180,43,E'2017-03-18 00:00:00',E'1899-12-30 09:54:00',NULL,E'Worms',7.5),
      (4,E'Murray Cod',9,55,E'2017-03-18 00:00:00',E'1899-12-30 09:22:00',NULL,NULL,9),
      (5,E'Murray Cod',170,58,E'2017-03-18 00:00:00',E'1899-12-30 11:15:00',NULL,E'Cheese',8),
      (7,E'Carp',59,59.5,E'2017-03-18 00:00:00',E'1899-12-30 03:00:00',NULL,E'Shrimp',8),
      (8,E'Murray Cod',166,79,E'2017-03-18 00:00:00',E'1899-12-30 15:30:00',NULL,E'Cheese',8),
      (9,E'Murray Cod',139,56.5,E'2017-03-18 00:00:00',E'1899-12-30 11:25:00',NULL,E'Chicken/Garlic',7.5),
      (10,E'Yellowbelly',245,30.5,E'2017-03-18 00:00:00',E'1899-12-30 16:10:00',NULL,E'Shrimp',9),
      (11,E'Murray Cod',166,58.5,E'2017-03-18 00:00:00',E'1899-12-30 16:20:00',NULL,E'Cheese',8),
      (12,E'Murray Cod',91,56,E'2017-03-18 00:00:00',E'1899-12-30 16:30:00',NULL,E'Shrimp',8),
      (13,E'Murray Cod',156,55,E'2017-03-18 00:00:00',E'1899-12-30 17:15:00',NULL,E'Shrimp',7),
      (14,E'Carp',32,59,E'2017-03-18 00:00:00',E'1899-12-30 08:40:00',NULL,E'Cheese',1),
      (15,E'Murray Cod',215,55,E'2017-03-18 00:00:00',E'1899-12-30 09:10:00',NULL,E'Lure',3),
      (16,E'Murray Cod',249,55.5,E'2017-03-18 00:00:00',E'1899-12-30 09:30:00',NULL,E'Cheese',1),
      (17,E'Carp',10,59,E'2017-03-18 00:00:00',E'1899-12-30 10:30:00',NULL,E'Worms',2),
      (18,E'Murray Cod',100,56,E'2017-03-18 00:00:00',E'1899-12-30 11:15:00',NULL,E'Cheese',2),
      (19,E'Murray Cod',1002,55.5,E'2017-03-18 00:00:00',E'1899-12-30 12:00:00',NULL,E'Grub',1),
      (21,E'Murray Cod',1001,58,E'2017-03-18 00:00:00',E'1899-12-30 09:15:00',NULL,E'Cheese',12),
      (22,E'Murray Cod',264,55,E'2017-03-18 00:00:00',E'1899-12-30 09:25:00',NULL,E'Grub',11),
      (23,E'Carp',185,58.5,E'2017-03-18 00:00:00',E'1899-12-30 13:20:00',NULL,E'Shrimp',11),
      (24,E'Murray Cod',134,56,E'2017-03-18 00:00:00',E'1899-12-30 09:35:00',NULL,E'Cheese',11),
      (25,E'Yellowbelly',245,44.5,E'2017-03-18 00:00:00',E'1899-12-30 10:00:00',NULL,E'Shrimp',12),
      (26,E'Murray Cod',137,57.5,E'2017-03-18 00:00:00',E'1899-12-30 10:55:00',NULL,E'Chicken',10),
      (27,E'Murray Cod',297,57.5,E'2017-03-18 00:00:00',E'1899-12-30 11:15:00',NULL,E'Cheese',12),
      (28,E'Murray Cod',228,56,E'2017-03-18 00:00:00',E'1899-12-30 13:25:00',NULL,E'Shrimp/Cheese',11),
      (29,E'Murray Cod',85,59,E'2017-03-18 00:00:00',E'1899-12-30 15:25:00',NULL,E'Cheese',NULL),
      (30,E'Murray Cod',265,59,E'2017-03-18 00:00:00',E'1899-12-30 16:00:00',NULL,E'Grub',11),
      (31,E'Murray Cod',263,57,E'2017-03-18 00:00:00',E'1899-12-30 16:15:00',NULL,E'Grub',11),
      (32,E'Carp',205,66,E'2017-03-18 00:00:00',E'1899-12-30 17:15:00',NULL,E'Shrimp',NULL),
      (33,E'Murray Cod',119,56.5,E'2017-03-18 00:00:00',E'1899-12-30 08:25:00',NULL,E'Cheese',NULL),
      (34,E'Yellowbelly',152,50.5,E'2017-03-18 00:00:00',E'1899-12-30 09:30:00',NULL,E'Yabby',4),
      (35,E'Murray Cod',118,56,E'2017-03-18 00:00:00',E'1899-12-30 11:00:00',NULL,E'Cheese',5),
      (36,E'Murray Cod',274,55,E'2017-03-18 00:00:00',E'1899-12-30 09:42:00',NULL,NULL,4),
      (37,E'Yellowbelly',274,31,E'2017-03-18 00:00:00',E'1899-12-30 09:42:00',NULL,E'Yabby',4),
      (38,E'Carp',10,56,E'2017-03-18 00:00:00',E'1899-12-30 09:50:00',NULL,NULL,5),
      (39,E'Murray Cod',119,55.5,E'2017-03-18 00:00:00',E'1899-12-30 10:00:00',NULL,E'Cheese',5),
      (40,E'Murray Cod',204,58.5,E'2017-03-18 00:00:00',E'1899-12-30 12:50:00',NULL,E'Shrimp/Cheese',4),
      (41,E'Carp',274,47,E'2017-03-18 00:00:00',E'1899-12-30 13:20:00',NULL,E'Worms',4),
      (42,E'Murray Cod',224,55,E'2017-03-18 00:00:00',E'1899-12-30 13:37:00',NULL,E'Hot Dog',4),
      (43,E'Murray Cod',153,56.5,E'2017-03-18 00:00:00',E'1899-12-30 13:30:00',NULL,E'Grub',3),
      (44,E'Murray Cod',119,55,E'2017-03-18 00:00:00',E'1899-12-30 14:20:00',NULL,E'Cheese',5),
      (45,E'Carp',180,59,E'2017-03-18 00:00:00',NULL,NULL,NULL,5),
      (46,E'Carp',7,58.5,E'2017-03-18 00:00:00',NULL,NULL,E'Shrimp',5),
      (47,E'Murray Cod',78,56,E'2017-03-18 00:00:00',E'1899-12-30 15:30:00',NULL,E'Cheese',4),
      (48,E'Yellowbelly',1006,40,E'2017-03-18 00:00:00',NULL,NULL,E'Worms/Shrimp',5),
      (49,E'Yellowbelly',257,49,E'2017-03-18 00:00:00',E'1899-12-30 16:30:00',NULL,E'Worms',5),
      (50,E'Carp',1016,40,E'2017-03-18 00:00:00',E'1899-12-30 16:30:00',NULL,E'Worms',5),
      (51,E'Carp',204,56,E'2017-03-18 00:00:00',E'1899-12-30 17:31:00',NULL,E'Shrimp',3),
      (52,E'Murray Cod',255,59,E'2017-03-18 00:00:00',E'1899-12-30 12:26:00',NULL,E'Cheese/Shrimp',9),
      (53,E'Murray Cod',89,58,E'2017-03-19 00:00:00',E'1899-12-30 08:45:00',NULL,E'Cheese',12),
      (54,E'Yellowbelly',245,48,E'2017-03-19 00:00:00',E'1899-12-30 09:20:00',NULL,E'Shrimp',12),
      (55,E'Murray Cod',201,60,E'2017-03-19 00:00:00',E'1899-12-30 09:35:00',NULL,E'Cheese',10),
      (56,E'Murray Cod',200,58,E'2017-03-19 00:00:00',E'1899-12-30 09:53:00',NULL,E'Cheese',10),
      (57,E'Murray Cod',265,64,E'2017-03-19 00:00:00',E'1899-12-30 08:30:00',NULL,E'Grub',1.5),
      (58,E'Yellowbelly',1015,40.5,E'2017-03-19 00:00:00',E'1899-12-30 09:34:00',NULL,NULL,NULL),
      (59,E'Murray Cod',207,56,E'2017-03-19 00:00:00',E'1899-12-30 09:00:00',NULL,NULL,9),
      (60,E'Yellowbelly',91,41,E'2017-03-19 00:00:00',E'1899-12-30 09:19:00',NULL,E'Shrimp',7);



DROP TABLE IF EXISTS "competitor";

CREATE TABLE "competitor" (
    "competitor_id" INTEGER PRIMARY KEY,
    "boat_id" INTEGER,
    "firstname" TEXT,
    "surname" TEXT,
    "address" TEXT,
    "suburb" TEXT,
    "state" TEXT,
    "postcode" TEXT,
    "phone" TEXT,
    "fax" TEXT,
    "mobile" TEXT,
    "email" TEXT,
    "paid" BOOLEAN,
    "junior" BOOLEAN
);

INSERT INTO "competitor"("competitor_id","boat_id","firstname","surname","address","suburb","state","postcode","phone","fax","mobile","email","paid","junior")
VALUES(1,42,E'Tim',E'Millard',E'75 Cassidy Lane',E'Koondrook',E'VIC',E'3580',E'0417346431',NULL,E'0417346431',E'timwmillard@gmail.com',TRUE,FALSE),
      (2,127,E'David',E'Carter',E'42 pool st ',E'Maryborough ',E'VIC',E'3465',NULL,NULL,E'0488408400',E'daveonsite4@gmail.com',TRUE,FALSE),
      (3,39,E'Dave',E'Waddell',E'65 station st ',E'Wallan east',E'VIC',E'3756',E'0400669002',NULL,NULL,E'frog.1974@hotmail.com',TRUE,FALSE),
      (4,39,E'Graham',E'Rowland',E'20 prominance blvd',E'Tarneit',E'VIC',E'3020',E'0429372534',NULL,NULL,E'frog.1974@hotmail.com',TRUE,FALSE),
      (5,15,E'Zac',E'Cole',E'63 Lavender Park Road Eltham',E'Eltham',E'VIC',E'3095',E'0430059255',NULL,E'0430059255',E'zaccole@live.com.au',TRUE,FALSE),
      (6,48,E'Andrew',E'Brazzale',E'14 Echidna rd',E'Eltham',E'VIC',E'3095',NULL,NULL,E'0401796756',E'braz_23@hotmail.com',TRUE,FALSE),
      (7,123,E'gary',E'gilbert',E'5 lisa place',E'wallan',E'VIC',E'3756',NULL,NULL,E'0458230615',E'g.a.gilbert@bigpond.com',TRUE,FALSE),
      (9,118,E'Peter',E'Muir',E'30 Epsom street',E'Laverton',E'VIC',E'3028',NULL,NULL,E'0419591306',E'dute@newhilux.net',TRUE,FALSE),
      (10,39,E'Kevin',E'Bluck',E'18 Hadley dve',E'Wallan',E'VIC',E'3756',E'57831872',NULL,NULL,E'kbluck@bigpond.net.au',TRUE,FALSE),
      (11,97,E'kevin',E'callow',E'171 hilton street glenroy',E'melbourne',E'VIC',E'3046',E'0430955454',NULL,NULL,E'kfc@iprimus.com.au',TRUE,FALSE),
      (12,94,E'Kristian',E'Bray',E'161 Boundary st',E'Kerang',E'VIC',E'3579',E'0427421018',NULL,NULL,E'eggbray@hotmail.com',TRUE,FALSE),
      (13,76,E'Peter',E'Ladgrove',E'P O Box 148',E'KERANG',E'VIC',E'3579',E'03 5446 1926',NULL,E'0478 225 861',E'helenladgrove@hotmail.com',TRUE,FALSE),
      (14,76,E'Geoff',E'Gillingham',E'Lake Charm East Road',E'Lake Charm',E'VIC',E'3581',NULL,NULL,E'0428 500 702',E'helenladgrove@hotmail.com',TRUE,FALSE),
      (15,43,E'Shane',E'Stacey',E'PO Box 1035',E'Echuca',E'VIC',E'3564',NULL,NULL,E'0457779695',E'shanestacey@hotmail.com',TRUE,FALSE),
      (16,104,E'luke',E'lougoon',E'86 mackenzie street west',E'golden square',E'VIC',E'3555',E'0403180006',NULL,E'0403180006',E'lukelougoon@gmail.com',TRUE,FALSE),
      (17,34,E'Glenn',E'Solomano',E'PO Box287',E'Eaglehawk',E'VIC',E'3556',NULL,NULL,E'0418459985',E'glenns2502@gmail.com',TRUE,FALSE),
      (18,34,E'Steve',E'Kelson',E'3/2 Smalley St',E'California Gully',E'VIC',E'3556',NULL,NULL,E'0419884993',E'stkl@hotmail.com',TRUE,FALSE),
      (19,131,E'DARYL',E'CARTER',E'44 spring street',E'maryborough',E'VIC',E'3465',E'\'+61354605775',NULL,E'\'+61354605775',E'cartersengineering@gmail.com',TRUE,FALSE),
      (20,75,E'Mick',E'Woods',E'Po box 193',E'Eltham',E'VIC',E'3095',NULL,NULL,E'0427184794',E'admin@hookem.com.au',TRUE,FALSE),
      (21,75,E'Jim',E'Anderson',E'50 Budburst  Drive',E'Sunbury',E'VIC',E'3429',NULL,NULL,E'0414552753',E'admin@hookem.com.au',TRUE,FALSE),
      (22,75,E'Rob',E'Munter',E'50 Ruby street',E'Essendon west',E'VIC',E'3040',NULL,NULL,E'0409350175',E'admin@hookem.com.au',TRUE,FALSE),
      (23,50,E'Arron',E'Sutton',E'15 Lexington ave',E'Doreen',E'VIC',E'3071',NULL,NULL,E'0404839207',E'admin@hookem.com.au',TRUE,FALSE),
      (24,116,E'Tim',E'Woods',E'1 bayfield drive ',E'Eltham',E'VIC',E'3095',E'0432347604',NULL,NULL,E'timwoodscarpentry@hotmail.com',TRUE,FALSE),
      (25,116,E'Jesse',E'Howell',E'3 Fulton close',E'Diamond creek',E'VIC',E'3089',NULL,NULL,E'0434649771',E'jhowellcarpentry@gmail.com',TRUE,FALSE),
      (26,116,E'Ben',E'Romeril',E'30 John street',E'Eltham',E'VIC',E'3095',E'0400606939',NULL,NULL,E'benromers@gmail.com',TRUE,FALSE),
      (27,115,E'Paul',E'Rosser',E'6 Vigor Street',E'Craigieburn',E'VIC',E'3064',NULL,NULL,E'0437 729 906',E'admin@hookem.com.au',TRUE,FALSE),
      (28,117,E'Adam',E'Richards',E'14 firns lane',E'Amphitheatre ',E'VIC',E'3468',NULL,NULL,E'0408649720',E'adamrichards81@hotmail.com',TRUE,FALSE),
      (29,117,E'Hayley',E'Richards',E'14 firns lane',E'Amphitheatre ',E'VIC',E'3468',NULL,NULL,E'0412319489',E'hayleybond@hotmail.com',TRUE,FALSE),
      (30,65,E'Brad',E'Eames',E'28 Robb Drive ',E'Romsey',E'VIC',E'3434',NULL,NULL,E'0402256802',E'bradeames@internode.on.net',TRUE,FALSE),
      (31,65,E'Kevin',E'Lake',E'20 Down Street',E'Reservoir',E'VIC',E'3073',NULL,NULL,E'0431111039',E'bradeames@internode.on.net',TRUE,FALSE),
      (298,9,E'Nathan',E'Henry',NULL,NULL,NULL,NULL,NULL,NULL,NULL,NULL,TRUE,FALSE),
      (32,5,E'Colin',E'Stubbs',E'18 moore street',E'hamilton',E'VIC',E'3300',NULL,NULL,E'0428528614',E'colin.stubbs@cervusequipment.com.au',TRUE,FALSE),
      (33,5,E'Peter',E'Crane',E'Kent Road',E'Hamilton',E'VIC',E'3300',NULL,NULL,E'0417364822',E'leeannecrane98@gmail.com',TRUE,FALSE),
      (34,124,E'Jamie',E'Semmler',E'1751 koondrook murrabit rd murrabit',E'Murrabit',E'VIC',E'3579',NULL,NULL,E'0411585716',E'semmcofarms@westnet.com.au',TRUE,FALSE),
      (35,99,E'Nathan',E'Woods',E'1 Bayfield Drive',E'Eltham',E'VIC',E'3095',NULL,NULL,E'0408163091',E'admin@hookem.com.au',TRUE,FALSE),
      (36,120,E'mick',E'martin',E'115 sunset views bvd',E'tarneit',E'VIC',E'3029',NULL,NULL,E'0402788241',E'mikgm@bigpond.com',TRUE,FALSE),
      (37,120,E'frank',E'martin',E'4 ormond rd ',E'west footscray',E'VIC',E'3012',NULL,NULL,E'0411063770',E'fma34202@bigpond.net.au',TRUE,FALSE),
      (38,120,E'graham',E'norman',E'92 churchill ave',E'braybrook',E'VIC',E'3019',NULL,NULL,E'0419763644',E'snowynorman@hotmail.com',TRUE,FALSE),
      (39,120,E'mick',E'McArdle',E'52 brougham ave',E'wyndham vale',E'VIC',E'3024',NULL,NULL,E'0413328588',E'snowynorman@hotmail.com',TRUE,FALSE),
      (40,120,E'peter',E'magalotti',E'1 belah ave',E'altona',E'VIC',E'3018',NULL,NULL,E'0468928523',E'magalott@hotmail.com',TRUE,FALSE),
      (41,120,E'shaun',E'webster',E'1 belah ave',E'altona',E'VIC',E'3018',NULL,NULL,E'0434281514',E'magalott@hotmail.com',TRUE,FALSE),
      (42,120,E'david',E'webster',E'1 belah ave',E'altona',E'VIC',E'3018',NULL,NULL,E'0407331354',E'magalott@hotmail.com',TRUE,FALSE),
      (43,120,E'greg',E'webster',E'5 rosina drive',E'melton',E'VIC',E'3337',NULL,NULL,E'0403255832',E'magalott@hotmail.com',TRUE,FALSE),
      (44,120,E'peter',E'mayberry',E'11 taegtow way',E'altona meadows',E'VIC',E'3028',NULL,NULL,E'0412338737',E'magalott@hotmail.com',TRUE,FALSE),
      (45,120,E'tho hung',E'hoang',E'15 central park ave',E'braybrook',E'VIC',E'3019',NULL,NULL,E'0422890340',E'magalott@hotmail.com',TRUE,FALSE),
      (46,44,E'brian',E'martin',E'32 mitchell ave ',E'melton south',E'VIC',E'3338',NULL,NULL,E'0402043856',E'brimar90@hotmail.com',TRUE,FALSE),
      (47,44,E'kieren',E'martin',E'32 mitchell ave ',E'melton south',E'VIC',E'3338',NULL,NULL,E'0409401290',E'brimar90@hotmail.com',TRUE,FALSE),
      (48,44,E'shannon',E'martin',E'32 mitchell ave ',E'melton south',E'VIC',E'3338',NULL,NULL,E'0458378140',E'brimar90@hotmail.com',TRUE,FALSE),
      (49,44,E'tristin',E'rhodes',E'32 mitchell ave ',E'melton south',E'VIC',E'3338',NULL,NULL,E'0451474314',E'brimar90@hotmail.com',TRUE,FALSE),
      (50,20,E'NEIL',E'HOPKINS',E'WHITER ST',E'MURRABIT',E'VIC',E'3579',E'54572428',NULL,E'0439970029',E'hopkins.neil.r@edumail.vic.gov.au',TRUE,FALSE),
      (51,20,E'DANNY',E'KING',E'BOWLES RD',E'EPSOM',E'VIC',E'3551',NULL,NULL,E'0417552148',E'Danny@dpkmechanical.com.au',TRUE,FALSE),
      (52,20,E'GRANT',E'PASCOE',E'ALLISON BVDE',E'EPSOM',E'VIC',E'3551',NULL,NULL,E'0429361222',E'gpascoe@tpg.com.au',TRUE,FALSE),
      (53,4,E'Tim',E'Broad',E'34 Pidgeon Gully Road',E'Maryborough',E'VIC',E'3465',E'0354612375',NULL,E'0427301119',E'sharon.broad@bigpond.com',TRUE,FALSE),
      (54,57,E'Tim',E'Wainwright',E'400 Heckers Hill way',E'Kangaroo Ground',E'VIC',E'3097',NULL,NULL,E'0419300061',E'tmwcarpentry@gmail.com',TRUE,FALSE),
      (55,47,E'Steve',E'Peirce',E'64 finlay rd',E'Thurgoona',E'NSW',E'2640',E'0427799006',NULL,E'0427799006',E's.peirce@hotmail.com',TRUE,FALSE),
      (56,47,E'Anthony',E'Harmer',E'64 finlay rd',E'thurgoona',E'VIC',E'2640',E'0427799006',NULL,E'0427799006',E's.peirce@hotmail.com',TRUE,FALSE),
      (57,88,E'paul',E'collicoat',E'28 newton st',E'maryborough',E'VIC',E'3465',NULL,NULL,E'0417545149',E'pncollicoat1@bigpond.com.au',TRUE,FALSE),
      (58,88,E'ivan',E'collicoat',E'18 chaplins rd',E'carisbrook',E'VIC',E'3464',NULL,NULL,NULL,E'pncollicoat1@bigpond.com.au',TRUE,FALSE),
      (59,88,E'mark',E'howard',E'3 mahers rd',E'bowenvale',E'VIC',E'3465',NULL,NULL,NULL,E'pncollicoat1@bigpond.com.au',TRUE,FALSE),
      (60,73,E'Michael',E'Daykin',E'Po box 432',E'Wallan',E'VIC',E'3756',NULL,NULL,E'0438243432',E'mickdaykin@gmail.com',TRUE,FALSE),
      (61,73,E'Paul',E'Wheelhouse',E'22 mcivor forrest drive ',E'Junortoun',E'VIC',E'3550',E'0427353093',NULL,NULL,E'mickdaykin@gmail.com',TRUE,FALSE),
      (62,2,E'Josef',E'Wenselowski',E'2 Romsey crt',E'Wodonga ',E'VIC',E'3690',NULL,NULL,E'0421165285',E'jandlwenselowski@bigpond.com',TRUE,FALSE),
      (63,2,E'Eddie',E'Wright',E'5 Hampton crt',E'Wodonga ',E'VIC',E'3690',NULL,NULL,E'0407480665',E'eddie.wright@effem.com',TRUE,FALSE),
      (64,58,E'ken',E'kierce',E'4 tucker st',E'west footscray',E'VIC',E'3012',NULL,NULL,E'0419577069',E'kenandtrish@hotmail.com',TRUE,FALSE),
      (65,45,E'Joe',E'Gilhooley',E'35 John Street',E'ELTHAM',E'VIC',E'3095',E'0423935525',NULL,E'0423935525',E'joe.gilhooley1990@outlook.com',TRUE,FALSE),
      (66,133,E'Lachy',E'Pearson',E'28 Valonia dve',E'Eltham',E'VIC',E'3095',NULL,NULL,E'0407567076',E'lachy.pearson@gmail.com',TRUE,FALSE),
      (67,110,E'Josh',E'Simms',E'21 Pascoe Street',E'Rochester',E'VIC',E'3561',NULL,NULL,E'0409520486',E'kylie_josh@bigpond.com',TRUE,FALSE),
      (68,110,E'Phillip',E'Penny',E'6769 Northern Hwy',E'Rochester',E'VIC',E'3561',NULL,NULL,NULL,E'kylie_josh@bigpond.com',TRUE,FALSE),
      (69,66,E'Sam',E'Gatt',E'140 river avenue',E'Plenty',E'VIC',E'3090',NULL,NULL,E'0439986141',E'samgatt1991@hotmail.com',TRUE,FALSE),
      (70,66,E'Kevin',E'Cullen',E'140 river avenue',E'Plenty',E'VIC',E'3099',NULL,NULL,E'0415555782',E'lorrane.gatt@bigpond.com',TRUE,FALSE),
      (71,13,E'Ian',E'Collicoat',E'42 Sutton Road',E'MARYBOROUGH',E'VIC',E'3465',E'0354613274',NULL,E'0417200391',E'dcollicoat@outlook.com',TRUE,FALSE),
      (72,13,E'Dean',E'Collicoat',E'42 Sutton Road',E'Maryborough',E'VIC',E'3465',E'0354613274',NULL,E'0473986951',E'dcollicoat@outlook.com',TRUE,FALSE),
      (73,28,E'Stephen',E'ODonoghue',E'277 Murrabit West Road',E'Murrabit',E'VIC',E'3579',NULL,NULL,E'0418577238',E'burrpark@bigpond.com',TRUE,FALSE),
      (74,28,E'Leigh',E'Forster',E'92 Victoria Street',E'Pyramid Hill',E'VIC',E'3575',NULL,NULL,E'0427847033',E'leighanddebby@bigpond.com',TRUE,FALSE),
      (75,26,E'Louise',E'Dowdy',E'80 bailey st',E'Amphitheatre ',E'VIC',E'3468',NULL,NULL,E'0429173632',E'rldowdy@hotmail.com',TRUE,FALSE),
      (76,26,E'Ross',E'Dowdy',E'80 bailey st',E'Amphitheatre ',E'VIC',E'3468',NULL,NULL,E'0475446415',E'rldowdy@hotmail.com',TRUE,FALSE),
      (77,53,E'Tom',E'Wood',E'49 Pakenham St ',E'Echuca',E'VIC',E'3564',NULL,NULL,E'0438871180',E'tom.wood@denniscorp.com.au',TRUE,FALSE),
      (78,53,E'Clint',E'Goode',E'49 Pakenham St ',E'Echuca',E'VIC',E'3564',NULL,NULL,E'0417 155 084',E'tom.wood@denniscorp.com.au',TRUE,FALSE),
      (79,59,E'Christian',E'Bettiol',E'89',E'Eltham',E'VIC',E'3095',E'0401389999',NULL,E'0401389998',E'cbettiol91@gmail.com',TRUE,FALSE),
      (80,11,E'Tom',E'Rogers',E'3 goroke ct',E'Eltham',E'VIC',E'3095',NULL,NULL,E'0434165649',E'tomrogers1@hotmail.com',TRUE,FALSE),
      (81,11,E'Sean',E'Wilson',E'11 marshall ave',E'Montmorency ',E'VIC',E'3094',NULL,NULL,NULL,E'tomrogers1@hotmail.com',TRUE,FALSE),
      (82,54,E'Damian',E'Malone',E'219 High Street',E'Nagambie',E'VIC',E'3608',E'0438923002',NULL,NULL,E'dgmplumbing@gmail.com',TRUE,FALSE),
      (83,54,E'Cameron',E'Malone',E'96 Redbank Rd',E'Seymour',E'VIC',E'3660',NULL,NULL,NULL,E'dgmplumbing@gmail.com',TRUE,FALSE),
      (84,140,E'Doug',E'Tanner',E'57 Fairway Grove',E'Rosebud',E'VIC',E'3939',E'0359865492',NULL,E'0418323436',E'd.tan1955@bigpond.com',TRUE,FALSE),
      (85,41,E'Sean',E'Gillen',E'2283 Murray Valley Highway, Lake Charm',E'Lake Charm',E'VIC',E'3581',NULL,NULL,E'0475736471',E'lilgilla88@gmail.com',TRUE,FALSE),
      (86,84,E'Jeremy',E'Boag',E'40 metcalfe dv ',E'Romsey',E'VIC',E'3434',NULL,NULL,E'0438109717',E'jeremyboag@gmail.com',TRUE,FALSE),
      (87,98,E'Sam',E'Randall',E'64 loop rd',E'Koondrook ',E'VIC',E'3580',NULL,NULL,E'0409174827',E'srephenrandall12@gmail.com',TRUE,FALSE),
      (88,98,E'Jack',E'Randall',E'64 loop rd',E'Koondrook ',E'VIC',E'3580',NULL,NULL,E'0477463906',E'jackrandall800@gmail.com',TRUE,FALSE),
      (89,113,E'Len',E'Johnson',E'24 Majorca Rd',E'Maryborough',E'VIC',E'3465',E'0354613482',NULL,NULL,E'johnsoncaravans@tpg.com.au',TRUE,FALSE),
      (90,55,E'Dale',E'Stacey',E'8 Tree Change Way',E'Woodend',E'VIC',E'3442',E'0402054175',NULL,NULL,E'dale.stacey@elgas.com.au',TRUE,FALSE),
      (91,102,E'Darren',E'Smith',E'123 Northumberland rd ',E'Kyneton ',E'VIC',E'3444',NULL,NULL,E'0400932922',E'dsmith@ucs.com.au',TRUE,FALSE),
      (92,102,E'Brent',E'Holmes',E'7 Ross st',E'Malmsbury',E'VIC',E'3446',NULL,NULL,E'0418396103',E'flozzie33@hotmail.com',TRUE,FALSE),
      (93,79,E'Jordan',E'Edelsten',E'4 Sebastian Close',E'Swan Hill',E'VIC',E'3585',E'0427398519',NULL,E'0427398519',E'edo_06@hotmail.com',TRUE,FALSE),
      (94,79,E'James',E'Bannam',E'9 vista street',E'Eaglehawk',E'VIC',E'3556',NULL,NULL,E'0422218280',E'jamesbannam@gmail.com',TRUE,FALSE),
      (95,85,E'Peter',E'Parker',E'146 Hannah Lane',E'Murrabit',E'VIC',E'3579',NULL,NULL,E'0427880949',E'parkerjkx1@bigpond.com',TRUE,FALSE),
      (96,85,E'Robert',E'McMarlane',E'18 Labert RD',E'Lake Boga',E'VIC',E'3584',NULL,NULL,E'0428557450',E'Robert.aqt@bigpond.com',TRUE,FALSE),
      (97,91,E'Damian',E'Cooper',E'153 Bob St',E'White Hills',E'VIC',E'3551',NULL,NULL,E'0409951264',E'damiancooper1970@gmail.com',TRUE,FALSE),
      (98,136,E'Kylie',E'Howard',E'936 main road',E'snake valley',E'VIC',E'3351',NULL,NULL,E'0438271085',E'kylie_howard_85@hotmail.com',TRUE,FALSE),
      (99,136,E'Michael',E'Clarke',E'936 main road',E'snake valley',E'VIC',E'3351',NULL,NULL,E'0438271085',E'michael.clarke@live.com.au',TRUE,FALSE),
      (100,22,E'Willen',E'Hartley',E'232 Hannah lane',E'Gonn Crossing',E'VIC',E'3579',NULL,NULL,E'0490176661',E'willhartley11@gmail.com',TRUE,FALSE),
      (101,61,E'Kevin',E'Spiteri',E'33 Bakewell Street',E'Bendigo North',E'VIC',E'3550',NULL,NULL,E'0438 428 714',E'spiteriplumbing@hotmail.com',TRUE,FALSE),
      (102,61,E'Mark',E'Blink',E'220 Eaglehawk Road ',E'Long Gully',E'VIC',E'3550',NULL,NULL,E'0437 431 191',E'spiteriplumbing@hotmail.com',TRUE,FALSE),
      (103,125,E'bruce',E'francis',E'21 eureka rd',E'diggers rest',E'VIC',E'3427',NULL,NULL,E'0432451484',E'sunpowder@bigpond.com',TRUE,FALSE),
      (104,125,E'michael',E'morgan',E'18 heysen dr',E'sunbury',E'VIC',E'3429',NULL,NULL,E'0433972760',E'sunpowder@bigpond.com',TRUE,FALSE),
      (105,1,E'Scott',E'McNeil',E'918 Myall Road',E'Myall',E'VIC',E'3579',NULL,NULL,E'0419561126',E'smcneilelectrical@bigpond.com',TRUE,FALSE),
      (106,1,E'Ray',E'McNeil',E'730 Myall Road',E'Myall',E'VIC',E'3579',E'54570304',NULL,NULL,E'smcneilelectrical@bigpond.com',TRUE,FALSE),
      (107,1,E'Bailey & Jordan',E'McNeil',E'918 Myall Road',E'Myall',E'VIC',E'3579',NULL,NULL,E'0475770711',E'smcneilelectrical@bigpond.com',TRUE,TRUE),
      (108,101,E'Barry',E'Tanner',E'2730 Bacchus Marsh/Balliang Road',E'Bacchus Marsh',E'VIC',E'3340',NULL,NULL,E'0400222824',E'barry@boatcatch.com',TRUE,FALSE),
      (109,96,E'kevin',E'berryman',E'335 bromfields rd ',E'northwood',E'VIC',E'3660',E'0409414646 ',NULL,E'0409414646 ',E'kylie.burgess5@bigpond.com',TRUE,FALSE),
      (110,87,E'BRENDAN',E'JOHNSON',E'84 Nelson street',E'Maryborough',E'VIC',E'3465',E'54611650',NULL,E'0439341815',E'johnsoncaravans@tpg.com.au',TRUE,FALSE),
      (111,87,E'JASON',E'PARTRIDGE',E'84 nelson street',E'MARYBOROUGH',E'VIC',E'3465',NULL,NULL,E'0408178810',E'johnsoncaravan@tpg.com.au',TRUE,FALSE),
      (112,29,E'Ross',E'Stanton',E'1610 Cohuna-Koondrook Rd',E'Cohuna',E'VIC',E'3568',E'54531677',NULL,E'0417515769',E'ross.stanton@gmwater.com.au',TRUE,FALSE),
      (113,29,E'Darby',E'Stanton',E'1610 Cohuna-Koondrook Rd',E'Cohuna',E'VIC',E'3568',NULL,NULL,NULL,E'ross.stanton@gmwater.com.au',TRUE,FALSE),
      (114,112,E'Glenn',E'Fitt',E'18 Woodend Avenue',E'Eynesbury',E'VIC',E'3338',E'0408522416',NULL,NULL,E'fitty1@live.com.au',TRUE,FALSE),
      (115,112,E'Brett',E'Barrett',E'384 Glenmore Road',E'Rowsley',E'VIC',E'3340',NULL,NULL,E'0400119911',E'fitty1@live.com.au',TRUE,FALSE),
      (116,81,E'Dave',E'MOONEY',E'13 Vistarini Road',E'Murrabit West',E'VIC',E'3579',NULL,NULL,E'0427572411',E'davidmooney2@bigpond.com',TRUE,FALSE),
      (117,19,E'Harrison',E'Saunders',E'911 Koondrook road',E'Kerang',E'VIC',E'3579',NULL,NULL,E'0457506549',E'hsaunders2013@outlook.com',TRUE,FALSE),
      (118,100,E'Nathan',E'Thomson',E'22 sienna st',E'Alfredton',E'VIC',E'3350',NULL,NULL,E'0402503248',E'crystalbkarmstrong@outlook.com',TRUE,FALSE),
      (119,100,E'Crystal',E'Thomson',E'22 sienna st',E'Alfredton',E'VIC',E'3350',NULL,NULL,E'0402503248',E'crystalbkarmstrong@outlook.com',TRUE,FALSE),
      (120,19,E'rhys',E'ivory-nepean',E'4 mitchell street',E'kerang',E'VIC',E'3579',NULL,NULL,E'0448196754',E'rhyivory0502@yahoo.com',TRUE,FALSE),
      (121,90,E'Neville',E'Hunt',E'6 Louey Drive',E'White Hills',E'VIC',E'3550',E'03 5448 4892',NULL,E'0418 539 925',E'njhunt6@bigpond.com',TRUE,FALSE),
      (122,56,E'Nick',E'Hein',E'346 Guilmartin rd',E'Myall',E'VIC',E'3579',E'0409533153',NULL,E'0409533153',E'nhe40472@bigpond.net.au',TRUE,FALSE),
      (123,132,E'Dylan',E'Fox',E'Private Bag 7',E'Swan Hill',E'VIC',E'3585',NULL,NULL,E'0429797926',E'dylan.fox@agrivision.net.au',TRUE,FALSE),
      (124,132,E'Tony',E'Fox',E'Private Bag 7',E'Swan Hill',E'VIC',E'3585',NULL,NULL,E'0427225487',E'callyung@bigpond.com',TRUE,FALSE),
      (125,12,E'troy',E'van groen',E'15 oldbridge blvd',E'melton south',E'VIC',E'3338',NULL,NULL,E'0428903850',E'troy0_@hotmail.com',TRUE,FALSE),
      (126,119,E'Boof',E'Lorenzen',E'2 wills street ',E'Maryborough ',E'VIC',E'3465',NULL,NULL,E'0498233727',E'booflorenzen@gmail.com',TRUE,FALSE),
      (127,119,E'Craig',E'Stephens',E'67 Palmerston street',E'Maryborough ',E'VIC',E'3467',NULL,NULL,NULL,E'booflorenzens@gmail.com',TRUE,FALSE),
      (128,135,E'Bruce',E'Heritage',E'243 Ashwin Road',E'Myall ',E'VIC',E'3579',NULL,NULL,NULL,E'smcneilelectrical@bigpond.com',TRUE,FALSE),
      (129,135,E'Jake',E'Heritage',E'243 Ashwin Road',E'Myall',E'VIC',E'3579',NULL,NULL,NULL,E'smcneilelectrical@bigpond.com',TRUE,FALSE),
      (130,139,E'Bryden',E'Morison',E'49 Wyndham st',E'Kerang',E'VIC',E'3579',NULL,NULL,NULL,E'bryden_123@hotmail.com',TRUE,FALSE),
      (131,139,E'Dylan',E'Morison',E'118 Boundary st',E'Kerang',E'VIC',E'3579',NULL,NULL,NULL,E'dylan_357@hotmail.com',TRUE,FALSE),
      (132,139,E'Brad',E'Morison',E'118 Boundary St',E'Kerang',E'VIC',E'3579',NULL,NULL,NULL,E'bmo10398@bigpond.net.au',TRUE,FALSE),
      (133,134,E'Kris',E'Dixon',E'14 Waugh st',E'Charlton ',E'VIC',E'3525',NULL,NULL,E'0427364566',E'kris.dixon@landmark.com.au',TRUE,FALSE),
      (134,134,E'Connor',E'Hooper',E'14 Waugh st',E'Charlton ',E'VIC',E'3525',NULL,NULL,E'0400861886',E'kris.dixon@landmark.com.au',TRUE,FALSE),
      (135,17,E'Jason',E'Cooper',E'58 Lomandra Drive',E'Teesdale',E'VIC',E'3328',NULL,NULL,E'0411394504',E'jasonmcooper@live.com',TRUE,FALSE),
      (136,70,E'Jeff',E'Parker',E'667 Epsom-Barnadown Rd',E'Bagshot',E'VIC',E'3551',NULL,NULL,E'0458 886 201',E'grandview3537@gmail.com',TRUE,FALSE),
      (137,109,E'Colin',E'Delamare',E'60 Hume St',E'Echuca',E'VIC',E'3564',NULL,NULL,E'0418100694',E'colindelamare36@gmail.com',TRUE,FALSE),
      (138,107,E'Kurt',E'Sayers',E'718 murrabit west road murrabit ',E'Murrabit ',E'VIC',E'3579',NULL,NULL,E'0467973983',E'kurtsayers1@gmail.com',TRUE,FALSE),
      (139,86,E'Brendan',E'Linahan',E'47 Victoria Street',E'Sebastopol',E'VIC',E'3356',E'0458599977',NULL,E'0458599977',E'brendanlinahan@gmail.com',TRUE,FALSE),
      (140,77,E'Max',E'Prendergast',E'9 Illawarra Drive',E'Echuca',E'VIC',E'3564',NULL,NULL,NULL,E'colindelamare36@gmail.com',TRUE,FALSE),
      (141,63,E'Darren',E'Sinapius',E'Po box 37 ',E'Piangil',E'VIC',E'3597',E'0447132621',NULL,NULL,E'dazza-105@hotmail.com',TRUE,FALSE),
      (142,63,E'Louise',E'Ketts',E'Po box 37',E'Piangil',E'VIC',E'3597',NULL,NULL,NULL,E'lou_92@hotmail.com',TRUE,FALSE),
      (143,69,E'Kevin',E'Booth',E'Po box139',E'LakeBoga',E'VIC',E'3584',NULL,NULL,E'0417140865',E'stacka18@hotmail.com',TRUE,FALSE),
      (144,104,E'Jack',E'Dyer',E'Po box139',E'LakeBoga',E'VIC',E'3584',NULL,NULL,E'0417140865',E'stacka18@hotmail.com',TRUE,FALSE),
      (145,78,E'Daryl',E'Dyer',E'21 smith street ',E'Grovedale',E'VIC',E'3216',E'0408490405',NULL,E'0408490505',E'daggydaryl@hotmail.com',TRUE,FALSE),
      (146,78,E'Mal',E'Dyer',E'As above ',E'As above',E'VIC',E'3216',NULL,NULL,NULL,E'daggydaryl@hotmail.com',TRUE,FALSE),
      (147,78,E'Lindsay',E'Dyer',E'As above ',E'As above ',E'VIC',E'3216',NULL,NULL,NULL,E'daggydaryl@hotmail.com',TRUE,FALSE),
      (148,83,E'Lachlan',E'Ferrari',E'74 Victoria ',E'Kerang ',E'VIC',E'3579',NULL,NULL,E'0402714072',E'lachlan.ferrari@yahoo.com.au',TRUE,FALSE),
      (149,6,E'Jason',E'Booth',E'18 Montgomery crs ',E'White hills ',E'VIC',E'3550',NULL,NULL,E'0438372556',E'jason.stacka@gmail.com',TRUE,FALSE),
      (150,93,E'Tony',E'Knight',E'3 Aitken Street ',E'Kangaroo Flat',E'VIC',E'3555',NULL,NULL,E'0418511901',E'debtone@bigpond.net.au',TRUE,FALSE),
      (151,93,E'Nathaniel',E'Knight',E'389 Allies Rd',E'Maiden Gully',E'VIC',E'3551',NULL,NULL,NULL,E'debtone@bigpond.net.au',TRUE,FALSE),
      (152,93,E'Roy',E'Knight',E'197 Arnold Street',E'Bendigo',E'VIC',E'3550',NULL,NULL,NULL,E'debtone@bigpond.net.au',TRUE,FALSE),
      (153,122,E'Tige',E'Neville',E'53 Nugget St',E'Kerang',E'VIC',E'3579',E'54521125',NULL,E'0407557335',E'tigenev@hotmail.com',TRUE,FALSE),
      (154,122,E'Ryan',E'Neville',E'6 Midas Ct',E'Strathfieldsaye ',E'VIC',E'3551',NULL,NULL,E'0427121125',E'tigenev@hotmail.com',TRUE,FALSE),
      (155,92,E'Paul',E'Neivandt',E'198 McKenzie Rd',E'Kerang',E'VIC',E'3579',E'\'+61354521231',NULL,E'0429188308',E'neivandts@bigpond.com',TRUE,FALSE),
      (156,46,E'Brett',E'Manderson',E'259 Turners Road ',E'Junortoun ',E'VIC',E'3551',NULL,NULL,E'0438439467',E'brettmanderson@hotmail.com',TRUE,FALSE),
      (157,46,E'Doug',E'manderson',E'308 Holdsworth Road ',E'Bendigo ',E'VIC',E'3550',E'54439437',NULL,NULL,E'd-manderson@hotmail.com',TRUE,FALSE),
      (158,81,E'Glen',E'Viney',E'915 Lowe road ',E'Bamawm',E'VIC',E'3561',E'0428110071',NULL,E'0428110071',E'gdviney@gmail.com',TRUE,FALSE),
      (159,21,E'Lincoln',E'Adcock',E'2 Valiant Court',E'Golden Square ',E'VIC',E'3555',NULL,NULL,E'0417398525',E'lincolnadcock@gmail.com',TRUE,FALSE),
      (160,52,E'Grant',E'Ronchi',E'63 Gill avenue ',E'California gully',E'VIC',E'3556',NULL,NULL,E'0448768543',E'grant_ronchi@yahoo.com.au',TRUE,FALSE),
      (161,52,E'Ian',E'Miller',E'91 Halper rd ',E'Woodend',E'VIC',E'3442',NULL,NULL,NULL,E'grant_ronchi@yahoo.com.au',TRUE,FALSE),
      (162,111,E'Stephen',E'Kardinaal',E'130 Boisdale st',E'Maffra ',E'VIC',E'3860',E'0351473331',NULL,E'0409951922',E'macdairy@bigpond.net.au',TRUE,FALSE),
      (163,111,E'Eric',E'Wagg',E'29 MacArthur st',E'Sale',E'VIC',E'3850',NULL,NULL,E'0409872055',E'macdairy@bigpond.net.au',TRUE,FALSE),
      (164,31,E'Peter',E'Garrett',E'40 queen street',E'Kangaroo flat ',E'VIC',E'3555',NULL,NULL,E'0418227025',E'garrett_430@hotmail.com',TRUE,FALSE),
      (165,31,E'Russell',E'Boyd',E'25short st',E'Kangaroo flat ',E'VIC',E'3555',NULL,NULL,E'0432394567',E'russellboydconcrete@gmail.com',TRUE,FALSE),
      (166,108,E'Andrew',E'Aitken',E'3 excell street',E'Long Gully',E'VIC',E'3550',NULL,NULL,NULL,E'werdnewg@yahoo.com.au',TRUE,FALSE),
      (167,108,E'Gwen',E'Aitken',E'3 excell street ',E'Long Gully',E'VIC',E'3550',NULL,NULL,NULL,E'werdnewg@yahoo.com.au',TRUE,FALSE),
      (168,138,E'kayla',E'Atkins',E'211 bowles rd',E'axedale',E'VIC',E'3551',E'\'+61420460879',NULL,E'\'+61420460879',E'kayladoug@gmail.com',TRUE,FALSE),
      (169,138,E'Jordan',E'Wilson',E'211 bowles rd',E'axedale',E'VIC',E'3551',E'\'+61420460879',NULL,E'\'+61420460879',E'kayladoug@gmail.com',TRUE,FALSE),
      (170,105,E'Scott',E'Passalick',E'211 bowles rd',E'axedale',E'VIC',E'3551',E'\'+61420460879',NULL,E'\'+61420460879',E'kayladoug@gmail.com',TRUE,FALSE),
      (171,105,E'Emily',E'Moyle',E'211 bowles rd',E'axedale',E'VIC',E'3551',E'\'+61420460879',NULL,E'\'+61420460879',E'kayladoug@gmail.com',TRUE,FALSE),
      (172,82,E'Rhys',E'Neville',E'53 nugget street ',E'Kerang',E'VIC',E'3579',E'54521125',NULL,E'0428097180',E'nev_53@hotmail.com',TRUE,FALSE),
      (173,24,E'Elijah',E'Wilkinson',E'53 Donnington Street ',E'Swan Hill',E'VIC',E'3585',NULL,NULL,E'0448886480',E'elijahwilkinson63@gmail.com',TRUE,FALSE),
      (174,30,E'Matthew',E'Forster',E'3 Egans rd',E'Huntly',E'VIC',E'3551',NULL,NULL,E'0400998411',E'matthewforster@hyline.com.au',TRUE,FALSE),
      (175,10,E'Ashley',E'Madden',E'Po Box 802',E'Red Cliffs',E'VIC',E'3496',NULL,NULL,E'0439898174',E'sunraysiatpm@gmail.com',TRUE,FALSE),
      (176,10,E'Garry',E'Madden',E'Po Box 41',E'Murrabit',E'VIC',E'3579',NULL,NULL,E'0429952450',E'sunraysiatpm@gmail.com',TRUE,FALSE),
      (177,10,E'Brett',E'Tresize',E'9 Carbine Court',E'New Gisborne',E'VIC',E'3437',NULL,NULL,E'0419890162',E'tresyz289@hotmail.com',TRUE,FALSE),
      (178,33,E'Tyler',E'Booth',E'29 normlyttle pde',E'Miners Rest ',E'VIC',E'3352',NULL,NULL,E'0400875953',E'finkle-snowflake@hotmail.com',TRUE,FALSE),
      (179,114,E'Michael',E'Shiell',E'3A, Tchumlock Court',E'Epsom',E'VIC',E'3551',NULL,NULL,E'0428004026',E'shiellee@hotmail.com',TRUE,FALSE),
      (180,89,E'Geoff',E'Hepworth',E'5 Haines St ',E'Creswick',E'VIC',E'3363',NULL,NULL,E'0418370224',E'geoff@wideband.net.au',TRUE,FALSE),
      (181,89,E'Steven',E'Ellis',E'99 Gardiner St',E'Creswick',E'VIC',E'3363',NULL,NULL,E'0427324750',E'geoff@wideband.net.au',TRUE,FALSE),
      (182,89,E'Wayne',E'Ellis',E'89 Mac St',E'Creswick',E'VIC',E'3363',NULL,NULL,E'0439386323',E'geoff@wideband.net.au',TRUE,FALSE),
      (183,95,E'Leigh',E'Whelan',E'Forest street ',E'Koondrook ',E'VIC',E'3580',NULL,NULL,E'0427591312',E'stephenrandall12@gmail.com',TRUE,FALSE),
      (184,23,E'Jake',E'Hepworth',E'7 Broomfield rd',E'Creswick ',E'VIC',E'3363',NULL,NULL,E'0408318100',E'hepworth86@live.com.au',TRUE,FALSE),
      (185,71,E'Andrew',E'Hepworth',E'135 Napier st ',E'Creswick',E'VIC',E'3363',NULL,NULL,E'0408577373',E'andrew.hepworth@hotmail.com',TRUE,FALSE),
      (186,35,E'Gerard',E'Van oostveen',E'5 Elizabeth road',E'Creswick ',E'VIC',E'3363',E'0478074022',NULL,NULL,E'gerardvo44@gmail.com',TRUE,FALSE),
      (187,14,E'Colin',E'McCalman',E'47 murray road murrabit ',E'Murrabit ',E'VIC',E'3579',NULL,NULL,E'0427544205',E'nacurrie503@bigpond.com',TRUE,FALSE),
      (188,60,E'Peet',E'Brian',E'47 murray road ',E'Murrabit ',E'VIC',E'3579',NULL,NULL,E'0428544136',E'nacurrie503@bigpond.com',TRUE,FALSE),
      (189,130,E'Des',E'Stakelum',E'168 Aspinall St ',E'Kangaroo Flat',E'VIC',E'3555',E'0407 877 305',NULL,NULL,E'Dstakelum@me.com',TRUE,FALSE),
      (190,80,E'Matt',E'Penny',E'58 Taylor st',E'Ascot',E'VIC',E'3551',E'0457864795',NULL,NULL,E'mpenny@powercor.com.au',TRUE,FALSE),
      (191,74,E'Cade',E'Scriven',E'36 Learmouth Street',E'Belmont',E'VIC',E'3216',NULL,NULL,E'0400843442 ',E'cadescriven@hotmail.com',TRUE,FALSE),
      (192,74,E'Rebecca',E'Scriven',E'36 Learmouth Street',E'Belmont',E'VIC',E'3216',NULL,NULL,E'0427386822',E'rjscriven@hotmail.com',TRUE,FALSE),
      (193,8,E'Mac',E'Scoullar',E'151 East Barham Rd',E'Barham',E'NSW',E'2732',E'0439736038',NULL,NULL,E'lscoullar7@bigpond.com',TRUE,FALSE),
      (194,38,E'Luke',E'Thomson',E'15 Tyrone court',E'St helena',E'VIC',E'3088',NULL,NULL,NULL,E'LJTbricklaying@gmail.com',TRUE,FALSE),
      (195,51,E'john',E'mangano',E'12 Soudan Street',E'Lake Boga',E'VIC',E'3584',NULL,NULL,E'0417321666',E'jhmangano@hotmail.com',TRUE,FALSE),
      (196,51,E'phillip',E'mangano',E'12 Soudan Street',E'Lake Boga',E'VIC',E'3584',NULL,NULL,E'0419640992',E'jhmangano@hotmail.com',TRUE,FALSE),
      (197,128,E'Toby',E'Coulson',E'Station Rd epsom',E'Epsom',E'VIC',E'3552',NULL,NULL,E'0488224955',E'staciefitt@icloud.com',TRUE,FALSE),
      (198,128,E'Robert',E'Mccracken',E'204 Condon st',E'Bendigo',E'VIC',E'3550',NULL,NULL,E'0434580424',E'staciefitt@icloud.com',TRUE,FALSE),
      (199,128,E'Brian',E'Moyle',E'Gittenis drv',E'East bendigo',E'VIC',E'3550',NULL,NULL,NULL,E'staciefitt@icloud.com',TRUE,FALSE),
      (200,64,E'Max',E'Hartley',E'232 Hannah Lane',E'Finn Crossing ',E'VIC',E'3579',E'0490530159',NULL,NULL,E'maxhartley1407@gmail.com',TRUE,FALSE),
      (201,137,E'Mark',E'Heywood',E'16 Crichton Ave',E'Port Melbourne',E'VIC',E'3207',E'0433827338',NULL,E'0433827338',E'mgheywood@hotmail.com',TRUE,FALSE),
      (202,137,E'Liam',E'Heywood',E'16 Crichton Ave',E'Port Melbourne',E'VIC',E'3207',E'0422419609',NULL,E'042241960',E'liam.heywood@hotmail.com',TRUE,FALSE),
      (203,36,E'Surf',E'Orr',E'47 Punt Lane',E'Gonn Crossing',E'VIC',E'3579',NULL,NULL,E'0428507628',E'glorriousview60@gmail.com',TRUE,FALSE),
      (204,36,E'Billy',E'Orr',E'47 Punt Lane',E'Gonn Crossing',E'VIC',E'3579',NULL,NULL,NULL,E'glorriousview60@gmail.com',TRUE,FALSE),
      (205,18,E'Jai',E'Packham',E'696 Lockwood rd',E'Lockwood',E'VIC',E'3551',NULL,NULL,E'0403524233',E'packham.jh@gmail.com',TRUE,FALSE),
      (206,9,E'Greg',E'Henry',E'324 Murrabit west road',E'Gonncrossing',E'VIC',E'3579',E'54572233',NULL,E'0418511953',E'greghenry5@bigpond.com',TRUE,FALSE),
      (207,68,E'Steven',E'Daly',E'9 Crimmins Way',E'Kilmore',E'VIC',E'3764',E'0409802766',NULL,NULL,E'stevenandclare@gmail.com',TRUE,FALSE),
      (208,126,E'peter',E'palmer',E'65 cohen steet',E'Rochester',E'VIC',E'3561',E'54842495',NULL,E'0439652216',E'pjspalmer@bigpond.com',TRUE,FALSE),
      (209,106,E'Leigh',E'Mcdonald',E'47 cobramunga rd',E'Murrabit',E'VIC',E'3579',E'54572202',NULL,E'0447813203',E'leighmcdonald0@gmail.com',TRUE,FALSE),
      (210,106,E'Nathan',E'Wilson',E'5 pyramid crescent',E'Kerang',E'VIC',E'3579',NULL,NULL,E'0400870140',E'Nwilson414@gmail.com',TRUE,FALSE),
      (211,12,E'Malcolm',E'MacGregor',E'22 glenelly street',E'Melton south',E'VIC',E'3338',NULL,NULL,E'0431578018',E'm.macgregor@live.com.au',TRUE,FALSE),
      (212,27,E'Jason',E'Norton',E'30 lalbert road ',E'Lake Boga ',E'VIC',E'3584',NULL,NULL,E'0427558645',E'jasonnorton75@gmail.com',TRUE,FALSE),
      (213,27,E'Chris',E'Norton',E'3 Elizabeth st',E'Swan Hill ',E'VIC',E'3585',NULL,NULL,E'0429144331',E'jasonnorton75@gmail.com',TRUE,FALSE),
      (214,141,E'Andrew',E'Shotton',E'819 Cockington Road',E'Rochester',E'VIC',E'3561',NULL,NULL,E'0428 506 228',NULL,TRUE,FALSE),
      (215,141,E'Anthony',E'Anderson',E'N/A',E'Maiden Gully',E'VIC',E'3551',NULL,NULL,E'0448 772 223',NULL,TRUE,FALSE),
      (216,143,E'Peter',E'Shay',E'116 Queens Avenue',E'Maryborough',E'VIC',E'3465',E'54612790',NULL,E'0427 612 790',E'prandhjshay@bigpond.com',TRUE,FALSE),
      (217,144,E'Phil',E'Frichot',E'38 Clarke St',E'Bendigo',E'VIC',E'3550',NULL,NULL,E'0428 511 826',NULL,TRUE,FALSE),
      (218,145,E'Rod',E'Holmeberg',E'66 Murray St',E'Kerang',E'VIC',E'3579',E'5452 1961',NULL,E'0439 651 859',E'rholmberg55@gmail.com',TRUE,FALSE),
      (219,145,E'Bruce',E'Ried',E'Buckland Valley Rd',E'Bright',E'VIC',E'3741',NULL,NULL,E'0429 654 475',E'bruce@travelncruise.com.au',TRUE,FALSE),
      (220,146,E'Shane',E'Hamlyn-Harris',E'PO Box 65',E'Quambatook',E'VIC',E'3540',NULL,NULL,E'0488 577 153',NULL,TRUE,FALSE),
      (221,146,E'Darryl',E'McKenzie',E'Kerang Rd',E'Quambatook',E'VIC',E'3540',NULL,NULL,E'0429 809 743',NULL,TRUE,FALSE),
      (222,147,E'Brendan',E'Fletcher',E'4 Sweeney St',E'Bendigo',E'VIC',E'3550',NULL,NULL,NULL,NULL,TRUE,FALSE),
      (223,149,E'Bill',E'Hollard',E'PO Box 84',E'Koondrook',E'VIC',E'3580',E'03 54532786',NULL,NULL,NULL,TRUE,FALSE),
      (224,149,E'Diesel',E'Laursen',E'Grigg Rd',E'Koondrook',E'VIC',E'3580',NULL,NULL,NULL,NULL,TRUE,FALSE),
      (225,150,E'Ricky',E'Sarre',E'PO Lake Charm',E'Lake Charm',E'VIC',E'3581',E'5457 9214',NULL,E'0429 091 295',E'rbsarre@optus.com.au',TRUE,FALSE),
      (226,150,E'Garry',E'Finn',E'Unknown',E'Hay',E'NSW',E'2711',NULL,NULL,E'0428 933 049',NULL,TRUE,FALSE),
      (227,150,E'Reg',E'Fell',E'Unknown',E'Hay',E'NSW',E'2711',NULL,NULL,NULL,NULL,TRUE,FALSE),
      (228,92,E'Terry',E'Stacey',E'PO Box 182',E'Kerang',E'VIC',E'3579',NULL,NULL,E'0428 503 377',NULL,TRUE,FALSE),
      (229,151,E'Dave',E'Semmler',E'106 Begelhole Rd',E'Murrabit',E'VIC',E'3579',NULL,NULL,E'0427 570 255',NULL,TRUE,FALSE),
      (230,151,E'John',E'Danson',E'Dunbar Rd',E'Murrabit',E'VIC',E'3579',NULL,NULL,NULL,NULL,TRUE,FALSE),
      (231,152,E'Wesley',E'Danson',E'Unknown',E'Unknown',E'VIC',E'3579',NULL,NULL,NULL,NULL,TRUE,FALSE),
      (232,152,E'Aaron',E'Danson',E'Unknown',E'Unknown',E'VIC',E'3579',NULL,NULL,NULL,NULL,TRUE,FALSE),
      (233,152,E'Andrew',E'Leahy',E'Unknown',E'Murrabit',E'VIC',E'3579',NULL,NULL,NULL,NULL,TRUE,FALSE),
      (234,152,E'Robbie',E'Cunnington',E'Unknown',E'Unknown',E'VIC',E'3579',NULL,NULL,NULL,NULL,TRUE,FALSE),
      (235,153,E'Jim',E'Danson',E'174 Dunbar Road',E'Murrabit',E'VIC',E'3579',E'5457 2367',NULL,E'0427 572 367',NULL,TRUE,FALSE),
      (236,154,E'Brian',E'Smith',E'514 Murrabit West Rd',E'Murrabit',E'VIC',E'3579',NULL,NULL,E'0417 522 060',NULL,TRUE,FALSE),
      (237,155,E'Peter',E'Heffer',E'516 Murrabit West Rd',E'Murrabit West',E'VIC',E'3579',E'03 5457 2278',NULL,E'0408 054 880',NULL,TRUE,FALSE),
      (238,156,E'Vince',E'Maher',E'Unknown',E'Murrabit',E'VIC',E'3579',NULL,NULL,NULL,NULL,TRUE,FALSE),
      (239,157,E'Tracey',E'Ridley',E'52 Sussex St',E'Linton',E'VIC',E'3360',NULL,NULL,E'0419 388 486',NULL,TRUE,FALSE),
      (240,157,E'Bill',E'Redmond',E'c/o 52 Sussex St',E'Linton',E'VIC',E'3360',NULL,NULL,E'0409 883 106',NULL,TRUE,FALSE),
      (241,157,E'Mark',E'Thomas',E'c/o 52 Sussex St',E'Linton',E'VIC',E'3360',NULL,NULL,E'0420 782 396',NULL,TRUE,FALSE),
      (242,158,E'Graham',E'Collicoat',E'20 Tullaroop Rd',E'Maryborough',E'VIC',E'3465',NULL,NULL,E'0417 851 202',NULL,TRUE,FALSE),
      (243,158,E'Sandra',E'Collier',E'16 Franklin Park Rd',E'Maryborough',E'VIC',E'3465',E'5461 2631',NULL,NULL,NULL,TRUE,FALSE),
      (244,159,E'Rick',E'McKenzie',E'511 River Rd',E'Murrabit West',E'VIC',E'3579',NULL,NULL,E'0427 989 236',NULL,TRUE,FALSE),
      (245,159,E'Bill',E'Hazen',E'c/o Murrabit PO',E'Murrabit',E'VIC',E'3579',E'5457 2213',NULL,NULL,NULL,TRUE,FALSE),
      (246,160,E'Luke',E'Williams',E'31 Willoughby St',E'Murchison',E'VIC',E'3610',NULL,NULL,E'044 752 0810',NULL,TRUE,FALSE),
      (247,160,E'Chris',E'Spencer',E'45 Fisher St',E'Kyabram',E'VIC',E'3620',NULL,NULL,E'0439396535',NULL,TRUE,FALSE),
      (248,161,E'Geoff',E'Rumbold',E'2175 Booat-Kerang Rd',E'Leaghur',E'VIC',E'3537',E'5455 4282',NULL,E'0488 171 817',NULL,TRUE,FALSE),
      (249,162,E'David',E'Stubbs',E'3 Mokana Street',E'Kerang',E'VIC',E'3579',E'5452 2525',NULL,E'0407 506 002',NULL,TRUE,FALSE),
      (250,162,E'Andrew',E'Stubbs',E'26 Dundas Crt',E'Hamilton',E'VIC',E'3300',NULL,NULL,E'0419 876 637',NULL,TRUE,FALSE),
      (251,163,E'Daniel',E'Keath',NULL,NULL,E'VIC',NULL,NULL,NULL,NULL,NULL,TRUE,FALSE),
      (252,163,E'Shane',E'Matheson',NULL,NULL,E'VIC',NULL,NULL,NULL,NULL,NULL,TRUE,FALSE),
      (253,164,E'Chris',E'Wren',NULL,NULL,E'VIC',NULL,NULL,NULL,NULL,NULL,TRUE,FALSE),
      (254,169,E'Lindsay',E'Oliver',E'3 Hocking Dr',E'Swan Hill',E'VIC',E'3585',NULL,NULL,E'0428 533 861',NULL,TRUE,FALSE),
      (255,166,E'Jack',E'Challis',E'Box 37',E'Murrabit',E'VIC',E'3579',E'5457 2494',NULL,E'0427 570 309',E'jackandjillchallis@yahoo.com',TRUE,FALSE),
      (256,166,E'Chris',E'Wagner',E'Tannery Lane',E'Strathfieldsaye',E'VIC',E'3551',E'5439 3668',NULL,E'0427 413 795',NULL,TRUE,FALSE),
      (257,32,E'Peter',E'Brereton',E'1 lalor st',E'Ballarat east',E'VIC',E'3350',NULL,NULL,E'0448536012',E'sophie_alana@hotmail.com',TRUE,FALSE),
      (258,169,E'Neil',E'Bowles',E'43 Tampion Ave',E'Lalbert',E'VIC',E'3542',E'5457 3243',NULL,E'0427 515 589',E'offroad392@activ8.net.au',TRUE,FALSE),
      (259,168,E'Daniel',E'Buckland',E'8 Ayres Street',E'Creswick',E'VIC',E'3363',NULL,NULL,E'0408 657 668',NULL,TRUE,FALSE),
      (260,168,E'Jack',E'Clark',E'8 Ayres Street',E'Creswick',E'VIC',E'3363',NULL,NULL,E'0401 523 658',NULL,TRUE,FALSE),
      (261,169,E'Colin',E'Thompson',E'673 River Rd',E'Murrabit West',E'VIC',E'3579',NULL,NULL,E'0407 865 276',E'ccthommo@hotmail.com',TRUE,FALSE),
      (262,170,E'Garry',E'McCluskey',E'99 Victoria St',E'Kerang',E'VIC',E'3579',NULL,NULL,E'0438 522 705',E'mccluskeyssc@bigpond.com',TRUE,FALSE),
      (263,171,E'Peter',E'Hemmens',E'13 Forest St',E'Barham',E'NSW',E'2732',NULL,NULL,NULL,NULL,TRUE,FALSE),
      (264,171,E'Wayne',E'Martin',E'c/o Max Carroll 6 Forest St',E'Barham',E'NSW',E'2732',NULL,NULL,NULL,NULL,TRUE,FALSE),
      (265,172,E'Max',E'Carroll',E'6 Forest St',E'Barham',E'NSW',E'2732',NULL,NULL,E'0412 549 152',NULL,TRUE,FALSE),
      (266,172,E'Geoff',E'Kirk',E'c/o Max Carroll 6 Forest St',E'Barham',E'NSW',E'2732',NULL,NULL,NULL,NULL,TRUE,FALSE),
      (267,173,E'Andy',E'Gray',E'Unknown',E'Kerang',E'VIC',E'3579',NULL,NULL,NULL,NULL,TRUE,FALSE),
      (268,173,E'Steve',E'Hicks',E'Unknown',E'Kerang',E'VIC',E'3579',NULL,NULL,NULL,NULL,TRUE,FALSE),
      (269,121,E'Wayne',E'Dolan',E'24 Church St',E'Dimboola ',E'VIC',E'3414',NULL,NULL,E'0439019106',E'dolanwayne6@gmail.com',TRUE,FALSE),
      (270,67,E'Max',E'Wilson',E'48 ninth street ',E'Kerang',E'VIC',E'3578',NULL,NULL,E'0427964951',E'mwilsontyres@outlook.com',TRUE,FALSE),
      (271,67,E'Gavin',E'Teasdale',E'56 bendigo road',E'Kerang',E'VIC',E'3579',E'54521765',NULL,NULL,E'mwilsontyres@outlook.com',TRUE,FALSE),
      (272,37,E'David',E'Fuller',E'112 High Street',E'Rochester',E'VIC',E'3561',E'0419329825',NULL,E'0419329825',E'dkhomes@bigpond.com',TRUE,FALSE),
      (273,37,E'Ian',E'Fuller',E'112 High Street',E'Rochester',E'VIC',E'3561',E'0476865868',NULL,E'0476865868',E'ianbrucefuller02@gmail.com',TRUE,FALSE),
      (274,16,E'Mark',E'Robertson',E'3 gearing street ',E'Maryborough',E'VIC',E'3465',E'54612966',NULL,E'0427606006',E'mark.robertson@roads.vic.gov.au',TRUE,FALSE),
      (275,62,E'Greg',E'Bagg',E'2420 Hamilton hwy',E'Inverleigh ',E'VIC',E'3321',NULL,NULL,E'0438525032',E'greg.bgg@gmail.com.au',TRUE,FALSE),
      (276,174,E'Angus & Jed',E'McDonald',NULL,E'Myall',E'VIC',E'3579',NULL,NULL,NULL,NULL,TRUE,TRUE),
      (277,175,E'Matthew',E'Johnson',NULL,E'Maryborough',E'VIC',E'3465',NULL,NULL,NULL,NULL,TRUE,FALSE),
      (278,176,E'Darren',E'Antonia',NULL,E'Creswick',E'VIC',E'3363',NULL,NULL,NULL,NULL,TRUE,FALSE),
      (279,177,E'Russel',E'Anderson',NULL,E'Myall',E'VIC',E'3579',NULL,NULL,NULL,NULL,TRUE,FALSE),
      (280,177,E'Gary',E'Mowatt',NULL,E'Myall',E'VIC',E'3579',NULL,NULL,NULL,NULL,TRUE,FALSE),
      (281,177,E'Greg',E'Mowatt',NULL,NULL,E'VIC',E'3580',NULL,NULL,NULL,NULL,TRUE,FALSE),
      (282,177,E'Bernie',E'Monaghan',NULL,NULL,E'VIC',E'3580',NULL,NULL,NULL,NULL,TRUE,FALSE),
      (283,177,E'Digger',E'Peck',NULL,NULL,E'VIC',E'3580',NULL,NULL,NULL,NULL,TRUE,FALSE),
      (284,177,E'Noel',E'Robertson',NULL,NULL,E'VIC',NULL,NULL,NULL,NULL,NULL,TRUE,FALSE),
      (285,177,E'Marty',E'Close',NULL,NULL,E'VIC',E'3580',NULL,NULL,NULL,NULL,TRUE,FALSE),
      (286,177,E'Swooper',E'Moore',NULL,NULL,E'VIC',E'3580',NULL,NULL,NULL,NULL,TRUE,FALSE),
      (287,177,E'Brendon',E'Herps',NULL,NULL,E'VIC',E'3580',NULL,NULL,NULL,NULL,TRUE,FALSE),
      (288,177,E'Tim',E'Anderson',NULL,NULL,E'VIC',E'3580',NULL,NULL,NULL,NULL,TRUE,FALSE),
      (289,169,E'Geoff',E'Fullford',NULL,NULL,E'VIC',E'3580',NULL,NULL,NULL,NULL,TRUE,FALSE),
      (290,40,E'Noel',E'Olver',E'3 gearing street',E'Maryborough',E'VIC',E'3465',E'0419500573',NULL,E'0419500573',E'mark.robertson@roads.vic.gov.au',TRUE,FALSE),
      (291,40,E'Rhett',E'Olver',E'3 gearing street',E'Maryborough',E'VIC',E'3465',E'0428752888',NULL,E'0428752888',E'mark.robertson@roads.vic.gov.au',TRUE,FALSE),
      (292,40,E'Jack',E'Ansell',E'3 gearing street',E'Maryborough',E'VIC',E'3465',E'0401073564',NULL,E'0401073564',E'mark.robertson@roads.vic.gov.au',TRUE,FALSE),
      (293,40,E'Bryce',E'Dickson',E'3 gearing street',E'Maryborough',E'VIC',E'3465',E'04488504491',NULL,E'044&8504491',E'mark.robertson@roads.vic.gov.au',TRUE,FALSE),
      (294,3,E'Chris',E'Broadhurst',E'37 river gum drive ',E'inverleigh',E'VIC',E'3321',NULL,NULL,E'0413828410',E'broadroofing@outlook.com',TRUE,FALSE),
      (295,3,E'Duane',E'Broadhurst',E'Cleveland Drive',E'Inverleigh',E'VIC',E'3321',NULL,NULL,E'0422979087',E'broadroofing@outlook.com',TRUE,FALSE),
      (296,56,E'David',E'Millard',NULL,NULL,E'VIC',E'3550',NULL,NULL,NULL,NULL,TRUE,FALSE),
      (1001,124,E'Alister',E'Semmler',E'1751 koondrook Murrabit rd murrabit',E'Murrabit ',E'VIC',E'3579',NULL,NULL,NULL,E'semmcofarms@westnet.com.au',TRUE,TRUE),
      (1002,103,E'Toby',E'Lambert',E'241 Dicksons Rd',E'Cohuna',E'VIC',E'3568',E'0354563371',NULL,E'0408927643',E'janlambert66@gmail.com.au',TRUE,TRUE),
      (1003,88,E'aaron',E'collicoat',E'28 newton st',E'maryborough',E'VIC',E'3465',NULL,NULL,NULL,E'pncollicoat1@bigpond.com.au',TRUE,TRUE),
      (1004,88,E'jake',E'howard',E'3 mahers rd',E'bowenvale',E'VIC',E'3465',NULL,NULL,NULL,E'pncollicoat1@bigpond.com.au',TRUE,TRUE),
      (1005,72,E'Lachlan',E'Garwood',E'2 oak post place',E'Cranbourne north',E'VIC',E'3977',NULL,NULL,E'0458378140',E'kerrwayne73@gmail.com',TRUE,TRUE),
      (1006,61,E'Austin',E'Spiteri',E'33 Bakewell Street',E'Bendigo North',E'VIC',E'3550',NULL,NULL,E'0438 428 714',E'spiteriplumbing@hotmail.com',TRUE,TRUE),
      (1007,134,E'Bailey',E'Dixon',E'14 Waugh st',E'Charlton ',E'VIC',E'3525',NULL,NULL,E'0427364566',E'kris.dixon@landmark.com.au',TRUE,TRUE),
      (1008,138,E'Darby',E'Wilson',E'211 bowles rd',E'axedale',E'VIC',E'3551',NULL,NULL,E'\'+61420460879',E'kayladoug@gmail.com',TRUE,TRUE),
      (8,30,E'Forster',E'Kyle',E'3 Egans Rd',E'Huntly',E'VIC',E'3551',NULL,NULL,E'0400998411',E'matthewforster@hyline.com.au',TRUE,TRUE),
      (1010,10,E'Brianna',E'Madden',E'Po Box 802',E'Red Cliffs',E'VIC',E'3496',NULL,NULL,E'0484609689',E'sunraysiatpm@gmail.com',TRUE,TRUE),
      (1011,126,E'charlie',E'palmer',E'65 cohen steet',E'Rochester ',E'VIC',E'3561',E'54842495',NULL,E'0439652216',E'sjpalmer@bigpond.com',TRUE,TRUE),
      (1012,126,E'jack',E'palmer',E'65 cohen steet',E'Rochester ',E'VIC',E'3561',E'54842495',NULL,E'0439652216',E'pjspalmer@bigpond.com',TRUE,TRUE),
      (1013,96,E'oliver',E'berryman',E'335 bromfields rd ',E'northwood',E'VIC',E'3660',NULL,NULL,E'0409414646',E'kylie.burgess5@bigpond.com',TRUE,TRUE),
      (1014,155,E'Tyson',E'Heffer',E'516 Murrabit West Rd',E'Murrabit West',E'VIC',E'3579',E'03 5457 2278',NULL,NULL,NULL,TRUE,TRUE),
      (1015,163,E'Jack',E'Keath',NULL,NULL,E'VIC',NULL,NULL,NULL,NULL,NULL,TRUE,TRUE),
      (1016,32,E'Ricki',E'Brereton',E'1 lalor st',E'Ballarat east ',E'VIC',E'3350',NULL,NULL,E'0448536012',E'sophie_alana@hotmail.com',TRUE,TRUE),
      (1017,25,E'Riley',E'Howard',E'38 William St',E'Rochester',E'VIC',E'3561',E'0409410226',NULL,E'0409410226',E'catherinemelms@gmail.com',TRUE,TRUE),
      (1018,37,E'Grant',E'Fuller',E'112 High Street',E'Rochester',E'VIC',E'3561',E'0487395302',NULL,E'0487395302',E'FUL0013@rochsec.vic.edu.au',TRUE,TRUE),
      (1019,62,E'Tom',E'Bagg',E'2420 Hamilton hyw',E'Inverleigh ',E'VIC',E'3321',NULL,NULL,E'0438525032',E'greg.bagg@gmail.com.au',TRUE,TRUE),
      (297,179,E'Mick',E'Cook',NULL,NULL,NULL,NULL,NULL,NULL,NULL,NULL,TRUE,FALSE),
      (299,0,E'Bev',E'Cook',NULL,NULL,NULL,NULL,NULL,NULL,NULL,NULL,TRUE,FALSE),
      (300,0,E'Dennis',E'Greenwood',NULL,NULL,NULL,NULL,NULL,NULL,NULL,NULL,TRUE,FALSE);


-- Move to legacy schema
CREATE SCHEMA IF NOT EXISTS legacy_2017;
ALTER TABLE boat SET SCHEMA legacy_2017;
ALTER TABLE catch SET SCHEMA legacy_2017;
ALTER TABLE competitor SET SCHEMA legacy_2017;
