-- SQL Dump of murrabit-cod-challenge-2019.accdb
-- generated by MDB Viewer 2.2.7
-- optimized for PostgreSQL

SET NAMES 'UTF8';



DROP TABLE IF EXISTS "boat";

CREATE TABLE "boat" (
    "boat_id" INTEGER PRIMARY KEY,
    "name" TEXT,
    "registration_no" TEXT
);

INSERT INTO "boat"("boat_id","name","registration_no")
VALUES(338,E'Ettershank',NULL),
      (1,E'STYLES',NULL),
      (3,E'Brazzale',NULL),
      (4,E'D Tinny',NULL),
      (5,E'Kardinaal',E'JV 509'),
      (6,E'Collicoat',NULL),
      (9,E'Munter',NULL),
      (10,E'Mccalman',NULL),
      (11,E'Cirrhosis on the river ',E'Kk874'),
      (12,E'hall',NULL),
      (14,E'roberts',NULL),
      (15,E'Smith',E'Nil'),
      (16,E'Hosken',NULL),
      (17,E'Stacey',NULL),
      (18,E'Wills',NULL),
      (19,E'Peet',NULL),
      (20,E'Dyer',NULL),
      (22,E'Burton',NULL),
      (24,E'Robertson',E'Mr13'),
      (28,E'Sinclair',NULL),
      (30,E'martin',NULL),
      (40,E'magalotti',NULL),
      (46,E'Gervasi',NULL),
      (47,E'Pissed',E'Hw568'),
      (49,E'Hooper',NULL),
      (50,E'Mcbeath',NULL),
      (51,E'Mills',E'JF808'),
      (54,E'SO',E'YO7 905'),
      (56,E'Callow',NULL),
      (57,E'Green',E'Ld915'),
      (58,E'Thomas',NULL),
      (61,E'Peirce',NULL),
      (62,E'Daykin',E'MM 432'),
      (64,E'Oliver',NULL),
      (66,E'DETTMANN',E'SD846'),
      (67,E'CARTER',E'DC336'),
      (68,E'Rhodes',NULL),
      (69,E'Shay',NULL),
      (70,E'Streader',NULL),
      (72,E'Stacey',NULL),
      (73,E'Dettmann',E'TT728'),
      (74,E'carter',NULL),
      (75,E'koy',NULL),
      (77,E'Danson',NULL),
      (81,E'Cassidy',NULL),
      (82,E'Stacey',NULL),
      (83,E'Wright',E'SZ 457'),
      (85,E'Sutton',NULL),
      (86,E'Evans',NULL),
      (88,E'Solomano',E'GF920'),
      (90,E'Bath',NULL),
      (92,E'Danson',NULL),
      (93,E'Johnson',NULL),
      (94,E'Sinker',NULL),
      (96,E'Can\'t catch a fish',NULL),
      (98,E'Ross',NULL),
      (100,E'Hocking',NULL),
      (101,E'Woods',NULL),
      (102,E'Romeril',NULL),
      (103,E'Gilhooley',NULL),
      (104,E'Bryce',NULL),
      (105,E'Pearson',NULL),
      (106,E'Woods',NULL),
      (107,E'Gatt',NULL),
      (109,E'Woods',NULL),
      (112,E'McNeil',NULL),
      (113,E'Hunt',E'MW766'),
      (114,E'Hepworth',NULL),
      (117,E'Stakelum',E'KY 402'),
      (118,E'Van Oostveen',NULL),
      (120,E'Cooper',NULL),
      (121,E'Tanner',NULL),
      (122,E'Broad',E'MJ30'),
      (124,E'Stanton',NULL),
      (126,E'Collicoat',NULL),
      (127,E'Ayres',NULL),
      (128,E'Ladgrove',NULL),
      (129,E'Gillingham',NULL),
      (130,E'Harmer',NULL),
      (131,E'O\'DONOGHUE',E'QV880'),
      (133,E'Holmes',NULL),
      (135,E'Neville',NULL),
      (136,E'Tanner',NULL),
      (137,E'Team Risky',NULL),
      (139,E'McKenna',NULL),
      (141,E'MURRABIT',NULL),
      (142,E'Randall',NULL),
      (145,E'Anderson',NULL),
      (146,E'Coulson',NULL),
      (154,E'Davis',NULL),
      (155,E'Wilson',NULL),
      (156,E'Semmler',NULL),
      (157,E'smith',E'kh390'),
      (159,E'Keath',NULL),
      (163,E'Shea',NULL),
      (164,E'3 Melbourne Longnecks ',NULL),
      (167,E'Campbell',NULL),
      (171,E'Callyung Cod Catchers',NULL),
      (174,E'James',NULL),
      (175,E'Briggs',NULL),
      (176,E'Simms',NULL),
      (178,E'Smith',NULL),
      (179,E'Miller',NULL),
      (180,E'Hein',NULL),
      (181,E'SS JACK REIWOLDT',NULL),
      (184,E'Penny',NULL),
      (185,E'Whitehead',NULL),
      (186,E'Edelsten',E'Te944'),
      (188,E'Thomos',NULL),
      (189,E'Happy Hooker',E'HQ 480'),
      (191,E'Brooks',NULL),
      (193,E'Thompson',NULL),
      (194,E'Zac Cole',NULL),
      (195,E'Benbow',NULL),
      (197,E'Lavey',NULL),
      (198,E'Randall',NULL),
      (199,E'Howell',NULL),
      (200,E'Croxford',NULL),
      (202,E'Hepworth',NULL),
      (203,E'Gerdes',NULL),
      (204,E'Morison',NULL),
      (206,E'Pompe',NULL),
      (208,E'Every',NULL),
      (209,E'Coxall',NULL),
      (210,E'Parsons',NULL),
      (211,E'Widgery',NULL),
      (212,E'Duckett',NULL),
      (213,E'Black Pearl',NULL),
      (216,E'Thomson',NULL),
      (217,E'Place',NULL),
      (218,E'Booth',NULL),
      (219,E'Mcdonald',NULL),
      (221,E'Ginnivan',NULL),
      (222,E'The Ginni pigs! ',NULL),
      (223,E'Epworth',NULL),
      (224,E'Briggs',NULL),
      (225,E'Bell',NULL),
      (226,E'Barby',E'QJ677'),
      (227,E'Potter',NULL),
      (228,E'Williams',NULL),
      (229,E'Shay',NULL),
      (230,E'Rendell',NULL),
      (231,E'Mooney',NULL),
      (232,E'Davies',NULL),
      (233,E'McDonald',NULL),
      (234,E'Cod ranglers',E'Qk842'),
      (235,E'Bergman',NULL),
      (237,E'Taylor',NULL),
      (238,E'Gillingham',NULL),
      (239,E'Challis',NULL),
      (241,E'Gillingham',NULL),
      (242,E'Bray',NULL),
      (243,E'Rogers',NULL),
      (244,E'Murray',NULL),
      (245,E'Collier',NULL),
      (246,E'Booth',NULL),
      (248,E'Millard',NULL),
      (249,E'McNeil',NULL),
      (250,E'Horrigan',E'GB131'),
      (251,E'WALSH',E'Pj481'),
      (253,E'Parker',NULL),
      (255,E'Kulesza',NULL),
      (256,E'Coobs',NULL),
      (257,E'Numbnuts Fishing',NULL),
      (258,E'Sheriff',NULL),
      (259,E'Gervasoni',NULL),
      (260,E'Wilson',NULL),
      (261,E'Prior',NULL),
      (263,E'Mcdonald',NULL),
      (264,E'Gray',NULL),
      (265,E'MDH CREW',NULL),
      (266,E'Silver fox',NULL),
      (267,E'Hartley',NULL),
      (269,E'Gervasoni',NULL),
      (271,E'Fuller',NULL),
      (272,E'Bonavia',NULL),
      (273,E'Bladier',NULL),
      (275,E'Parker',NULL),
      (278,E'Condely',NULL),
      (279,E'Johnson',NULL),
      (281,E'Crofts',E'Ajr606n'),
      (283,E'McNeil',NULL),
      (284,E'Simmonds',NULL),
      (286,E'Collicoat',E'Qj575'),
      (288,E'Lavey',NULL),
      (289,E'Buckland',NULL),
      (290,E'Boag',NULL),
      (291,E'Fletcher',NULL),
      (292,E'Semmler',NULL),
      (293,E'Anderson',NULL),
      (294,E'Larsen',NULL),
      (295,E'Laursen',NULL),
      (296,E'Hollard',NULL),
      (297,E'Hazen',NULL),
      (298,E'McKenzie',NULL),
      (299,E'O\'Toole',NULL),
      (301,E'McKnight',NULL),
      (326,E'king',NULL),
      (331,E'Coulson',NULL),
      (334,E'Fletcher',NULL),
      (335,E'Bergman',NULL),
      (336,E'Coulter',NULL),
      (337,E'Goodrick',NULL);



DROP TABLE IF EXISTS "catch";

CREATE TABLE "catch" (
    "catch_id" INTEGER PRIMARY KEY,
    "fish_type" TEXT,
    "competitor_id" INTEGER,
    "size" DOUBLE PRECISION,
    "date" TIMESTAMP,
    "time" TIMESTAMP,
    "marshall" TEXT,
    "bait" TEXT,
    "location" DOUBLE PRECISION
);

INSERT INTO "catch"("catch_id","fish_type","competitor_id","size","date","time","marshall","bait","location")
VALUES(1,E'Murray Cod',210,57,E'2019-03-16 00:00:00',E'1899-12-30 08:30:00',NULL,E'Cheese',11),
      (2,E'Yellowbelly',197,46,E'2019-03-16 00:00:00',E'1899-12-30 09:20:00',NULL,E'Worms/Shrimp',12),
      (3,E'Murray Cod',87,61,E'2019-03-16 00:00:00',E'1899-12-30 09:30:00',NULL,E'Yabby',10),
      (4,E'Murray Cod',62,55,E'2019-03-16 00:00:00',E'1899-12-30 10:20:00',NULL,E'Grub',10),
      (5,E'Murray Cod',1017,61,E'2019-03-16 00:00:00',E'1899-12-30 11:15:00',NULL,E'Cheese',12),
      (6,E'Murray Cod',1034,66,E'2019-03-16 00:00:00',E'1899-12-30 11:24:00',NULL,E'Chicken',11),
      (7,E'Murray Cod',1017,90,E'2019-03-16 00:00:00',E'1899-12-30 11:36:00',NULL,E'Cheese',11),
      (8,E'Murray Cod',1015,57,E'2019-03-16 00:00:00',NULL,NULL,E'Lure',11),
      (9,E'Yellowbelly',186,30.5,E'2019-03-16 00:00:00',E'1899-12-30 11:20:00',NULL,E'Worms/Shrimp',2.5),
      (10,E'Murray Cod',183,55,E'2019-03-16 00:00:00',E'1899-12-30 12:52:00',NULL,E'Cheese',4),
      (11,E'Yellowbelly',187,33,E'2019-03-16 00:00:00',E'1899-12-30 13:10:00',NULL,E'Worms',2),
      (12,E'Yellowbelly',89,32,E'2019-03-16 00:00:00',E'1899-12-30 13:45:00',NULL,E'Worms/Shrimp',4),
      (13,E'Carp',176,72,E'2019-03-16 00:00:00',E'1899-12-30 14:40:00',NULL,E'Chicken Chips',6),
      (14,E'Murray Cod',163,55,E'2019-03-16 00:00:00',E'1899-12-30 08:19:00',NULL,NULL,2.5),
      (15,E'Murray Cod',182,57,E'2019-03-16 00:00:00',E'1899-12-30 16:24:00',NULL,E'Cheese/Kabana',4),
      (16,E'Murray Cod',222,78,E'2019-03-16 00:00:00',E'1899-12-30 08:57:00',NULL,E'Yabby',1),
      (17,E'Murray Cod',112,65.5,E'2019-03-16 00:00:00',E'1899-12-30 17:40:00',NULL,E'Cheese',4),
      (18,E'Murray Cod',22,82,E'2019-03-16 00:00:00',E'1899-12-30 09:45:00',NULL,E'Cheese',8),
      (19,E'Carp',262,67,E'2019-03-16 00:00:00',E'1899-12-30 08:28:00',NULL,E'Cheese',8.5),
      (20,E'Murray Cod',138,57,E'2019-03-16 00:00:00',E'1899-12-30 08:37:00',NULL,E'Lure',6.5),
      (21,E'Yellowbelly',240,49,E'2019-03-16 00:00:00',E'1899-12-30 10:33:00',NULL,E'Yabby',8.5),
      (22,E'Murray Cod',24,58.5,E'2019-03-16 00:00:00',E'1899-12-30 11:55:00',NULL,E'Lure',8),
      (23,E'Murray Cod',264,55,E'2019-03-16 00:00:00',E'1899-12-30 12:27:00',NULL,E'Cheese/Chicken',7),
      (24,E'Yellowbelly',95,41.5,E'2019-03-16 00:00:00',E'1899-12-30 15:00:00',NULL,E'Worms',9),
      (25,E'Murray Cod',1018,55,E'2019-03-17 00:00:00',E'1899-12-30 08:16:00',NULL,E'Cheese',11.5),
      (26,E'Murray Cod',124,60,E'2019-03-17 00:00:00',E'1899-12-30 08:40:00',NULL,E'Grub',9),
      (27,E'Murray Cod',1017,57,E'2019-03-17 00:00:00',E'1899-12-30 09:36:00',NULL,E'Cheese',11.5),
      (28,E'Yellowbelly',138,45,E'2019-03-17 00:00:00',E'1899-12-30 10:28:00',NULL,E'Yabby',11);



DROP TABLE IF EXISTS "competitor";

CREATE TABLE "competitor" (
    "competitor_id" INTEGER PRIMARY KEY,
    "boat_id" INTEGER,
    "firstname" TEXT,
    "surname" TEXT,
    "address" TEXT,
    "suburb" TEXT,
    "state" TEXT,
    "postcode" TEXT,
    "phone" TEXT,
    "fax" TEXT,
    "mobile" TEXT,
    "email" TEXT,
    "paid" BOOLEAN,
    "junior" BOOLEAN
);

INSERT INTO "competitor"("competitor_id","boat_id","firstname","surname","address","suburb","state","postcode","phone","fax","mobile","email","paid","junior")
VALUES(1039,336,E'Chase',E'Coulter',E'49 Shadforth St',E'Kerang',E'VIC',E'3579',E'0438572335',NULL,NULL,E'kerangelectronics@bigpond.com',TRUE,TRUE),
      (195,337,E'Peter',E'Goodrick',NULL,NULL,NULL,NULL,NULL,NULL,E'0438555401',NULL,TRUE,FALSE),
      (196,337,E'Damien',E'Goodrick',NULL,NULL,NULL,NULL,NULL,NULL,NULL,NULL,FALSE,FALSE),
      (223,337,E'Brendan',E'Goodrick',NULL,NULL,NULL,NULL,NULL,NULL,NULL,NULL,FALSE,FALSE),
      (1037,338,E'Callum',E'Ettershank',NULL,NULL,NULL,NULL,NULL,NULL,NULL,NULL,FALSE,TRUE),
      (1038,338,E'Will',E'Ettershank',NULL,NULL,NULL,NULL,NULL,NULL,NULL,NULL,FALSE,TRUE),
      (1,1,E'ROB',E'STYLES',E'4 Albert Street',E'Coburg',E'VIC',E'3058',E'93549666',NULL,E'0418 533153',E'rob@rainwise.com.au',TRUE,FALSE),
      (2,1,E'MARK',E'BOWEN',E'109 Ashwin Road',E'MURRABIT',E'VIC',E'3579',NULL,NULL,E'0408 809418',E'texbowen@hotmail.com',TRUE,FALSE),
      (3,3,E'Andrew',E'Brazzale',E'14 Echidna Rd',E'Eltham',E'VIC',E'3095',NULL,NULL,E'0401796756',E'braz_23@hotmail.com',TRUE,FALSE),
      (4,4,E'Peter',E'Muir',E'30 Epsom Street',E'Laverton',E'VIC',E'3028',E'0418189159',NULL,E'0418189159',E'dute@newhilux.net',TRUE,FALSE),
      (5,5,E'Stephen',E'Kardinaal',E'130 Boisdale st',E'Maffra ',E'VIC',E'3860',E'0351473331',NULL,E'0409951922',E'macdairy@bigpond.net.au',TRUE,FALSE),
      (6,6,E'Paul',E'Collicoat',E'28 Newton st',E'Maryborough',E'VIC',E'3465',NULL,NULL,E'0417545149',E'speedycollicoat@gmail.com',TRUE,FALSE),
      (7,6,E'Mark',E'Howard',E'3 Maher\'s rd',E'Bowenvale',E'VIC',E'3465',NULL,NULL,NULL,E'speedycollicoat@gmail.com',TRUE,FALSE),
      (8,6,E'Ivan',E'Collicoat',E'18 Chaplin\'s rd',E'Carisbrook',E'VIC',E'3464',NULL,NULL,NULL,E'speedycollicoat@gmail.com',TRUE,FALSE),
      (9,9,E'Rob',E'Munter',E'50 Ruby Street',E'Essendon West',E'VIC',E'3040',E'0409350175',NULL,E'0409350175',E'munterr@gmail.com',TRUE,FALSE),
      (10,10,E'Colin',E'Mccalman',E'47 Murray rd',E'Murribit ',E'VIC',E'3579',NULL,NULL,E'0427544205',E'nacurrie503@bigpond.com',TRUE,FALSE),
      (11,11,E'Bruce',E'Thomas',E'17 Thomas Lane',E'Armstrong',E'VIC',E'3377',NULL,NULL,E'0408 600 656',E'roslynbibby@hotmail.com',TRUE,FALSE),
      (12,12,E'ian',E'hall',E'48 bucknall st',E'carisbrook',E'VIC',E'3464',E'0354641550',NULL,E'0409354278',E'mouse8118@outlook.com',TRUE,FALSE),
      (13,12,E'graham',E'tonkin',E'bay st',E'williamstown',E'VIC',E'3016',NULL,NULL,E'0409354278',E'mouse8118@outlook.com',TRUE,FALSE),
      (14,14,E'russell',E'roberts',E'23 futura avenue',E'golden square',E'VIC',E'3555',E'0457355961',NULL,E'0457355961',E'ruscoz@bigpond.com',TRUE,FALSE),
      (15,15,E'Don',E'Smith',E'79 Mitchell street',E'Kyneton ',E'VIC',E'3444',E'Nil',NULL,E'0418590295',E'kynwhitegoodsrepair@bogpond.com',TRUE,FALSE),
      (16,16,E'Darren',E'Hosken',E'19 Raitt Rd',E'deep lead',E'VIC',E'3385',E'0408768186',NULL,NULL,E'djmjhosken6@bigpond.com',TRUE,FALSE),
      (17,17,E'Dale',E'Stacey',E'8 Tree Change',E'Woodend',E'VIC',E'3442',E'0402054175',NULL,NULL,E'dale.stacey@elgas.com.au',TRUE,FALSE),
      (18,18,E'Jim',E'Wills',E'22 Henderson\'s rd',E'Timor',E'VIC',E'3465',NULL,NULL,NULL,E'speedycollicoat@gmail.com',TRUE,FALSE),
      (19,19,E'Brian',E'Peet',E'35 Bellbird St',E'Coleambally',E'NSW',E'2707',E'0428544136',NULL,NULL,E'billeypeet@gmail.com',TRUE,FALSE),
      (20,20,E'Malcolm',E'Dyer',E'16 Hipwell Court',E'Lovely Banks',E'VIC',E'3213',E'0425138186',NULL,NULL,E'mal.dyer@hotmail.com',TRUE,FALSE),
      (21,20,E'Lindsay',E'Dyer',E'16 Hipwell Court',E'Lovely Banks',E'VIC',E'3213',NULL,NULL,E'0425138186',E'mal.dyer@hotmail.com',TRUE,FALSE),
      (22,22,E'Dale',E'Burton',E'22 Damien Court',E'Muckleford',E'VIC',E'3451',E'0437004492',NULL,E'0437004492',E'burton.karen.k@edumail.vic.gov.au',TRUE,FALSE),
      (23,22,E'Karen',E'Burton',E'22 Damien Court',E'Muckleford',E'VIC',E'3451',E'0400916826',NULL,E'0400916826',E'burton.karen.k@edumail.vic.gov.au',TRUE,FALSE),
      (24,24,E'Mark',E'Robertson',E'3 gearing street',E'Maryborough',E'VIC',E'3456',E'0427606006',NULL,E'0427606006',E'mark.robertson@roads.vic.gov.au',TRUE,FALSE),
      (25,24,E'Mark',E'Barby',E'3 gearing street',E'Maryborough',E'VIC',E'3465',E'0488991830',NULL,E'0488991830',E'mark.robertson@roads.vic.gov.au',TRUE,FALSE),
      (26,24,E'Noel',E'Olver',E'3 gearing street',E'Maryborough',E'VIC',E'3465',E'0419500573',NULL,E'0419500573',E'mark.robertson@roads.vic.gov.au',TRUE,FALSE),
      (27,24,E'Rhett',E'Olver',E'3 gearing street',E'Maryborough',E'VIC',E'3465',E'0428752888',NULL,E'0428752888',E'mark.robertson@roads.vic.gov.au',TRUE,FALSE),
      (28,28,E'David',E'Sinclair',E'190 Pratt road',E'Kerang',E'VIC',E'3579',E'54521030',NULL,NULL,E'dream_away1516@hotmail.com',TRUE,FALSE),
      (29,28,E'Davis',E'Sinclair',E'190 Pratt road',E'Kerang',E'VIC',E'3579',E'54521030',NULL,NULL,E'dream_away1516@hotmail.com',TRUE,FALSE),
      (30,30,E'mick',E'martin',E'115 sunset views bvd',E'tarneit',E'VIC',E'3029',NULL,NULL,E'0402788241',E'mikgm@bigpond.com',TRUE,FALSE),
      (31,30,E'frank',E'martin',E'4 ormond rd',E'west footscray',E'VIC',E'3012',NULL,NULL,E'0411063770',E'fma34202@bigpond.net.au',TRUE,FALSE),
      (32,30,E'brian',E'martin',E'32 mitchell rd',E'melton south',E'VIC',E'3338',NULL,NULL,E'0402043856',E'brimar90@hotmail.com',TRUE,FALSE),
      (33,30,E'kieran',E'martin',E'32 mitchell rd',E'melton south',E'VIC',E'3338',NULL,NULL,E'0409401290',E'brimar90@hotmail.com',TRUE,FALSE),
      (34,30,E'shannon',E'martin',E'32 mitchell rd',E'melton south',E'VIC',E'3338',NULL,NULL,E'0458378140',E'brimar90@hotmail.com',TRUE,FALSE),
      (35,30,E'ken',E'kierce',E'4 tucker st ',E'west footscray',E'VIC',E'3012',NULL,NULL,E'0419577069',E'kenandtrish@hotmail.com',TRUE,FALSE),
      (36,30,E'graham',E'norman',E'92 churchill ave',E'braybrook',E'VIC',E'3019',NULL,NULL,E'0419763644',E'snowynorman@hotmail.com',TRUE,FALSE),
      (37,30,E'mick',E'mcardle',E'52 brougham ave',E'wyndham vale',E'VIC',E'3024',NULL,NULL,E'0413328588',E'dooknlindy@optusnet.com.au',TRUE,FALSE),
      (38,30,E'peter',E'mayberry',E'11 taegtow way',E'altona meadows',E'VIC',E'3028',NULL,NULL,NULL,E'magalott1@hotmail.com',TRUE,FALSE),
      (39,30,E'mark',E'sodomaco',E'10 apollo place',E'whittington geelong',E'VIC',E'3219',NULL,NULL,E'0458369200',E'mikgm@bigpond.com',TRUE,FALSE),
      (40,40,E'peter',E'magalotti',E'1 belah ave',E'altona ',E'VIC',E'3018',NULL,NULL,E'0468928523',E'magalott1@hotmail.com',TRUE,FALSE),
      (41,40,E'shaun',E'webster',E'1 belah ave',E'altona ',E'VIC',E'3018',NULL,NULL,E'0434281514',E'magalott1@hotmail.com',TRUE,FALSE),
      (42,40,E'david',E'webster',E'1 belah ave',E'altona ',E'VIC',E'3018',NULL,NULL,E'0407331354',E'magalott1@hotmail.com',TRUE,FALSE),
      (43,40,E'greg',E'webster',E'5 rosina drive',E'melton',E'VIC',E'3337',NULL,NULL,E'0403255832',E'magalott1@hotmail.com',TRUE,FALSE),
      (44,40,E'marc',E'Kellam',E'1 belah ave',E'altona ',E'VIC',E'3018',NULL,NULL,NULL,E'magalott1@hotmail.com',TRUE,FALSE),
      (45,40,E'matt',E'wilson',E'99 waterhaven bvd',E'point cook',E'VIC',E'3030',NULL,NULL,E'0418560455',E'magalott1@hotmail.com',TRUE,FALSE),
      (46,46,E'Robert',E'Gervasi',E'24 Currawong Crescent',E'Coleambally',E'NSW',E'2707',NULL,NULL,E'0427544200',E'colcom2727@gmail.com',TRUE,FALSE),
      (47,47,E'Boof',E'Lorenzen',E'2 wills street',E'Maryborough ',E'VIC',E'3465',NULL,NULL,E'0400919285',E'statusquo1@gmail.com',TRUE,FALSE),
      (48,47,E'Craig',E'Stevens',E'2 wills street ',E'Maryborough ',E'VIC',E'3465',NULL,NULL,NULL,E'statusquo1@gmail.com',TRUE,FALSE),
      (49,49,E'Mark',E'Hooper',E'4 Riverina parade',E'Echuca',E'VIC',E'3564',E'54801678',NULL,E'0428842808',E'mhhooper@bigpond.com',TRUE,FALSE),
      (50,50,E'Malcolm',E'Mcbeath',E'187 katamatite rd',E'Yarrawonga ',E'VIC',E'3730',NULL,NULL,E'0427096520',E'duffa05@gmail.com',TRUE,FALSE),
      (51,335,E'Ben',E'Bergman',E'70 Walker Road',E'Heathcote',E'VIC',E'3523',NULL,NULL,NULL,E'pedropete_93@hotmail.com',TRUE,FALSE),
      (52,51,E'Tony',E'Mifsud',E'52 Woodlands Drive',E'Ocean Grove',E'VIC',E'3226',E'0422375045',NULL,E'0422375045',E'greg.mills@rendine.com.au',TRUE,FALSE),
      (53,51,E'Scott',E'Bibby',E'52 Woodlands Drive',E'Ocean Grove',E'VIC',E'3226',E'0422375045',NULL,NULL,E'greg.mills@rendine.com.au',TRUE,FALSE),
      (54,54,E'POKOL',E'SO',E'31 DUNNINGS RD ',E'POINT COOK',E'VIC',E'3030',NULL,NULL,E'0423402999',E'pokol.so1957@gmail.com',TRUE,FALSE),
      (55,54,E'TORIAN',E'SO',E'31 DUNNINGS RD ',E'POINT COOK',E'VIC',E'3030',NULL,NULL,E'0412783093',E'pokolso@gmail.com',TRUE,FALSE),
      (56,56,E'Kevin',E'Callow',E'171 hilton st',E'Glenroy',E'VIC',E'3046',E'0430966464',NULL,NULL,E'kieran.m91@hotmail.com',TRUE,FALSE),
      (57,57,E'Myles',E'Green',E'145 Keegan road',E'Lauriston',E'VIC',E'3444',NULL,NULL,E'0425849212',E'myles.green74@bigpond.com',TRUE,FALSE),
      (58,58,E'Mark',E'Thomas',E'40 Iona Drive',E'Sebastopol',E'VIC',E'3356',E'0420782396',NULL,NULL,E'tomo242@gmail.com',TRUE,FALSE),
      (59,58,E'Tracey',E'Ridley',E'40 Iona Drive',E'Sebastopol',E'VIC',E'3356',NULL,NULL,E'0419388486',E'tomo242@gmail.com',TRUE,FALSE),
      (60,58,E'Bill',E'Redmond',E'40 Iona Drive',E'Sebastopol',E'VIC',E'3356',NULL,NULL,E'0409883106',E'tomo242@gmail.com',TRUE,FALSE),
      (61,61,E'Steven',E'Peirce',E'64 Finlay Rd',E'Thurgoona ',E'NSW',E'2640',NULL,NULL,E'0427 799 006',E's.peirce@hotmail.com',TRUE,FALSE),
      (62,62,E'Mick',E'Daykin',E'C/O  22 McIvor Forest Drive',E'Junortoun',E'VIC',E'3551',NULL,NULL,E'0438 243 432',E'bendigopoolcare@bigpond.com',TRUE,FALSE),
      (63,62,E'Paul',E'Wheelhouse',E'22 McIvor Forest Drive',E'Junortoun',E'VIC',E'3551',NULL,NULL,E'0427 353 093',E'bendigopoolcare@bigpond.com',TRUE,FALSE),
      (64,64,E'Steven',E'Oliver',E'9 Tununga Circuit',E'Kangaroo Flat',E'VIC',E'3555',E'\'+61400204013',NULL,NULL,E'soliver1401@gmail.com',TRUE,FALSE),
      (65,64,E'Fiona',E'Oliver',E'9 Tununga Circuit',E'Kangaroo Flat',E'VIC',E'3555',E'\'+61400204013',NULL,NULL,E'soliver1401@gmail.com',TRUE,FALSE),
      (66,66,E'WAYNE',E'DETTMANN',E'41 CLIVE RD',E'HAWTHORN EAST',E'VIC',E'3123',NULL,NULL,E'0413456205',E'WDETTMANN@ADVANCEDROOFSAFETY.COM.AU',TRUE,FALSE),
      (67,67,E'DAVE',E'CARTER',E'42 poole st',E'maryborough',E'VIC',E'3465',NULL,NULL,E'0488408400',E'daveonsite4@gmail.com',TRUE,FALSE),
      (68,68,E'Tristin',E'Rhodes',E'16 fantail way',E'BROOKFIELD',E'VIC',E'3338',E'0451474314',NULL,E'0451474314',E'Twisty245@hotmail.com',TRUE,FALSE),
      (69,69,E'Peter',E'Shay',E'116 Queens Avenue',E'Maryborough',E'VIC',E'3465',NULL,NULL,E'0427612790',E'prandhjshay@bigpond.com',TRUE,FALSE),
      (70,70,E'Bryan',E'Streader',E'109 Lakeview St',E'Boort',E'VIC',E'3537',NULL,NULL,E'0428506562',E'hps3537@gmail.com',TRUE,FALSE),
      (71,70,E'Gilli',E'Bruni',E'302 Pipers Creek Rd',E'Kyneton ',E'VIC',E'3444',E'54221284',NULL,E'0458322695',E'hps3537@gmail.com',TRUE,FALSE),
      (72,72,E'Shane',E'Stacey',E'9 Victoria Pl',E'Echuca',E'VIC',E'3564',E'0457779695',NULL,E'0457779695',E'shanestacey@hotmail.com',TRUE,FALSE),
      (73,73,E'Lyle',E'Dettmann',E'13 Rob Roy Court Echuca ',E'Echuca ',E'VIC',E'3564',NULL,NULL,E'0409027344',E'ljdetteng@bigpond.com',TRUE,FALSE),
      (74,74,E'Daryl',E'carter',E'44 spring street',E'maryborough',E'VIC',E'3465',E'\'+61354605775',NULL,E'0428613741',E'cartersengineering@gmail.com',TRUE,FALSE),
      (75,75,E'sothan',E'koy',E'3 finchley road',E'point cook ',E'VIC',E'3030',NULL,NULL,E'0434448155',E'mikgm@bigpond.com',TRUE,FALSE),
      (76,75,E'sokhun',E'nuon',E'2/780 point cook road',E'point cook',E'VIC',E'3030',NULL,NULL,E'0422837610',E'mikgm@bigpond.com',TRUE,FALSE),
      (77,77,E'John',E'Danson',E'Koondrook Road ',E'Murrabit ',E'VIC',E'3579',E'54572266',NULL,E'0459972266',E'asurv@bigpond.com',TRUE,FALSE),
      (78,77,E'Wes',E'Danson',E'Koondrook Road',E'Murrabit',E'VIC',E'3579',NULL,NULL,E'0499995362',E'asurv@bigpond.com',TRUE,FALSE),
      (79,77,E'Aaron',E'Danson',E'Koondrook Road ',E'Murrabit',E'VIC',E'3579',NULL,NULL,E'0474201440',E'asurv@bigpond.com',TRUE,FALSE),
      (80,77,E'Andrew',E'Leahy',E'131 Murrabit West Road',E'Murrabit',E'VIC',E'3579',NULL,NULL,E'0408500875',E'asurv@bigpond.com',TRUE,FALSE),
      (81,81,E'Mike',E'Cassidy',E'29 Clydebank Road',E'Essendon West ',E'VIC',E'3040',NULL,NULL,E'0409767885',E'cassface69@hotmail.com',TRUE,FALSE),
      (82,82,E'Terry',E'Stacey',E'100 Lilac Avenue',E'Kerang',E'VIC',E'3579',E'0354522205',NULL,E'0428503377',E'kbradde@hotmail.com',TRUE,FALSE),
      (83,83,E'Eddie',E'Wright',E'5 hampton court',E'Wodonga ',E'VIC',E'3690',NULL,NULL,E'0407480665',E'eddie.wright@effem.com',TRUE,FALSE),
      (84,83,E'Josef',E'Wenselowski',E'2 romsey court',E'Wodonga',E'VIC',E'3690',NULL,NULL,E'0423506140',E'josejwenselowski27@gmail.com',TRUE,FALSE),
      (85,85,E'Arron',E'Sutton',E'17 Fortress Rd',E'Doreen',E'VIC',E'3754',E'404839207',NULL,E'404839207',E'arron.sutton@premiumbeverages.com.au',TRUE,FALSE),
      (86,86,E'Jesse',E'Evans',E'58 Morrison Street',E'KANGAROO FLAT',E'VIC',E'3555',E'0412900282',NULL,NULL,E'jesseevans_@hotmail.com',TRUE,FALSE),
      (87,86,E'Zach',E'Alford',E'6 Parklands Way',E'Maiden Gully',E'VIC',E'3551',NULL,NULL,NULL,E'Zachalford@hotmail.com',TRUE,FALSE),
      (88,88,E'Glenn',E'Solomano',E'PO Box 287',E'Eaglehawk',E'VIC',E'3556',NULL,NULL,E'0418459985',E'glenns2502@gmail.com',TRUE,FALSE),
      (89,88,E'Steve',E'Kelson',E'3/2 Smalley Street',E'California Gully',E'VIC',E'3556',NULL,NULL,E'0419884993',E'stkel1@hotmail.com',TRUE,FALSE),
      (90,90,E'Damon',E'Bath',E'35 Fraser street ',E'Clunes',E'VIC',E'3370',E'0459416425',NULL,NULL,E'damo_90@outlook.com',TRUE,FALSE),
      (91,90,E'William',E'Quinlivan',E'35 Fraser street ',E'Clunes',E'VIC',E'3370',E'0459416425',NULL,NULL,E'damo_90@outlook.com',TRUE,FALSE),
      (92,92,E'Jim',E'Danson',E'174 Dunbar Road',E'MURRABIT',E'VIC',E'3579',E'0354572367',NULL,E'0427572367',E'bradley.hein@bigpond.com',TRUE,FALSE),
      (93,93,E'Leonard',E'Johnson',E'24 Majorca Rd',E'Maryborough',E'VIC',E'3465',E'0354613482',NULL,NULL,E'johnsoncaravans@tpg.com.au',TRUE,FALSE),
      (94,94,E'Tom',E'Wood',E'49 Pakenham St ',E'Echuca',E'VIC',E'3564',NULL,NULL,E'0438871180',E'twood87@hotmail.com',TRUE,FALSE),
      (95,94,E'Caleb',E'Gillie',E'46 Blair St',E'Moama',E'NSW',E'2731',NULL,NULL,E'0424704998',E'caleb.gillie@denniscorp.com.au',TRUE,FALSE),
      (96,96,E'James',E'Keogh',E'37 Broard Gully',E'Diamond Creek',E'VIC',E'3089',NULL,NULL,E'0448028336',E'jamesk87@live.com.au',TRUE,FALSE),
      (97,96,E'Christian',E'Mitchell',E'1/377 High St',E'Echuca',E'VIC',E'3564',NULL,NULL,E'0439764462',E'mitcheb88@gmail.com',TRUE,FALSE),
      (98,98,E'Lee',E'Ross',E'66 Mcgeorge Road',E'Gisborne south',E'VIC',E'3437',NULL,NULL,E'0423298499',E'lee@outlook.co.nz',TRUE,FALSE),
      (99,98,E'James',E'Grover',E'66 McGeorge Road',E'Gisborne South',E'VIC',E'3437',NULL,NULL,E'0466509285',E'james.grover@anz.com',TRUE,FALSE),
      (100,100,E'Bradley',E'Hocking',E'42 Tisdall Road',E'Kyabram',E'VIC',E'3620',NULL,NULL,E'0476377905',E'bradleyhocking30@gmail.com',TRUE,FALSE),
      (101,101,E'Tim',E'Woods',E'1 bayfield dr ',E'Eltham',E'VIC',E'3095',NULL,NULL,E'0432347604',E'timwoodscarpentry@hotmail.com',TRUE,FALSE),
      (102,102,E'Ben',E'Romeril',E'30 John st',E'Eltham',E'VIC',E'3095',NULL,NULL,E'0400606939',E'benromers@gmail.com',TRUE,FALSE),
      (103,103,E'Joe',E'Gilhooley',E'35 John Street',E'Eltham',E'VIC',E'3095',NULL,NULL,NULL,E'joe.gilhooley1990@outlook.com',TRUE,FALSE),
      (104,104,E'Anthony',E'Bryce',E'4 Landra place',E'Greensborough ',E'VIC',E'3088',E'0431184316',NULL,E'0431184316',E'abryce_92@hotmail.com',TRUE,FALSE),
      (105,105,E'Lachy',E'Pearson',E'11',E'MONTMORENCY',E'VIC',E'3094',E'0407567076',NULL,E'0407567076',E'lachy.pearson@gmail.com',TRUE,FALSE),
      (106,106,E'Nathan',E'Woods',E'1, Bayfield Drive',E'Eltham',E'VIC',E'3095',E'\'+61408163091',NULL,E'\'+61408163091',E'nathan-woods93@hotmail.com',TRUE,FALSE),
      (107,107,E'Sam',E'Gatt',E'140 river avenue',E'Plenty',E'VIC',E'3090',NULL,NULL,E'0439986141',E'samgattlandscaping@gmail.com',TRUE,FALSE),
      (108,107,E'Xavier',E'Enright',E'140 river avenue',E'Plenty',E'VIC',E'3090',NULL,NULL,E'0468 325 653',E'samgattlandscaping@gmail.com',TRUE,FALSE),
      (109,109,E'Michael',E'Woods',E'1 Bayfield Drive',E'Eltham',E'VIC',E'3095',E'0427184794',NULL,E'0427184794',E'admin@hookem.com.au',TRUE,FALSE),
      (110,109,E'Jim',E'Anderson',E'50 BUDBURST DRIVE',E'SUNBURY',E'VIC',E'3429',E'0414552753',NULL,E'0414552753',E'jim@anderwoods.com.au',TRUE,FALSE),
      (111,109,E'John',E'Gloury',E'1 Bayfield Dr',E'Eltham',E'VIC',E'3095',E'0407090238',NULL,E'0407090238',E'admin@hookem.com.au',TRUE,FALSE),
      (112,112,E'Jordan',E'McNeil',E'918 Myall Road',E'Myall',E'VIC',E'3579',NULL,NULL,E'0419561126',E'smcneilelectrical@bigpond.com',TRUE,TRUE),
      (113,113,E'Nev',E'Hunt',E'6 Louey Drive',E'White Hills',E'VIC',E'3551',E'54484892',NULL,E'0418 539 925',E'nhunt@powercor.com.au',TRUE,FALSE),
      (114,114,E'Geoff',E'Hepworth',E'5 Haines St',E'Creswick ',E'VIC',E'3363',NULL,NULL,E'0418370224',E'geoff@wideband.net.au',TRUE,FALSE),
      (115,114,E'Simon',E'Hepworth',E'2 Locksley St',E'Wendouree',E'VIC',E'3335',NULL,NULL,E'0400702852',NULL,TRUE,FALSE),
      (116,117,E'Des',E'Stakelum',E'168 Aspinall St',E'Kangaroo Flat',E'VIC',E'3555',NULL,NULL,E'0407 877 315',E'dstakelum@me.com',TRUE,FALSE),
      (117,117,E'Adam',E'Beardon',E'Napier St',E'Epsom',E'VIC',E'3550',NULL,NULL,E'0427 234 054',E'abeardon@powercor.com.au',TRUE,FALSE),
      (118,118,E'Gerard',E'Van Oostveen',E'5 Elizabeth road ',E'Creswick ',E'VIC',E'3363',NULL,NULL,NULL,E'gerardvo44@gmail.com',TRUE,FALSE),
      (119,118,E'Aaron',E'Sedgwick',E'1 Davies street ',E'Creswick ',E'VIC',E'3363',NULL,NULL,NULL,E'aaronsedgwick6@gmail.com',TRUE,FALSE),
      (120,120,E'Damian',E'Cooper',E'153 Bobs st',E'White Hills ',E'VIC',E'3551',NULL,NULL,E'0409951264',E'Damiancooper1970@gmail.com',TRUE,FALSE),
      (121,121,E'Douglas',E'Tanner',E'57 Fairway Grove',E'Rosebud',E'VIC',E'3939',E'0359865492',NULL,E'0418323436',E'd.tan1955@bigpond.com',TRUE,FALSE),
      (122,122,E'Tim',E'Broad',E'34 Pidgeon Gully Road',E'Maryborough',E'VIC',E'3465',E'0354612375',NULL,E'0427301119',E'sharon.broad@bigpond.com',TRUE,FALSE),
      (123,122,E'Matthew',E'Johnson',E'Logan Street',E'Maryborough',E'VIC',E'3465',NULL,NULL,E'0409235358',E'sharon.broad@bigpond.com',TRUE,FALSE),
      (124,124,E'Ross',E'Stanton',E'1610 Cohuna-Koondrook Rd',E'Cohuna',E'VIC',E'3568',E'0417 515 769',NULL,NULL,E'ross.stanton@gmwater.com.au',TRUE,FALSE),
      (125,124,E'Darby',E'Stanton',E'1610 Cohuna-Koondrook Rd',E'Cohuna',E'VIC',E'3568',NULL,NULL,NULL,E'stanno3131@gmail.com',TRUE,FALSE),
      (126,126,E'Graham',E'Collicoat',E'20 Tullaroop Road',E'Maryborough  ',E'VIC',E'3465',NULL,NULL,E'0417851202',E'grahamcollicoat@gmail.com',TRUE,FALSE),
      (127,127,E'Jarrod',E'Ayres',E'3 Alfred Way',E'Strathfieldsaye ',E'VIC',E'3551',NULL,NULL,E'0400878265',E'jayres@powercor.com.au',TRUE,FALSE),
      (128,128,E'Peter',E'Ladgrove',E'PO Box 114',E'Eaglehawk',E'VIC',E'3556',E'0478225861',NULL,E'0478225861',E'helenladgrove@hotmail.com',TRUE,FALSE),
      (129,129,E'Jeffrey',E'Gillingham',E'68 Lake Charm East Road',E'Lake Charm',E'VIC',E'3581',NULL,NULL,NULL,E'jeffgillingham10@gmail.com',TRUE,FALSE),
      (130,130,E'Anthony',E'Harmer',E'4 falcon circuit ',E'Wodonga ',E'VIC',E'2640',E'0459800856',NULL,NULL,E'anthony.harmer10@gmail.com',TRUE,FALSE),
      (131,131,E'STEPHEN',E'O\'DONOGHUE',E'277 Murrabit West Road',E'Murrabit',E'VIC',E'3579',E'0354572264',NULL,E'0418577238',E'burrpark@bigpond.com',TRUE,FALSE),
      (132,131,E'LEIGH',E'FORSTER',E'92 VICTORIA STREET',E'PYRAMID HILL',E'VIC',E'3575',E'54557554',NULL,E'0427847033',E'leighanddebby@bigpond.com',TRUE,FALSE),
      (133,133,E'Brent',E'Holmes',E'7 Ross St',E'Malmsbury',E'VIC',E'3446',E'0418396103',NULL,NULL,E'flozzie33@hotmail.com',TRUE,FALSE),
      (134,133,E'Jalna',E'Holmes',E'7 Ross St',E'Malmsbury',E'VIC',E'3446',NULL,NULL,E'0438586518',E'flozzie33@hotmail.com',TRUE,FALSE),
      (135,135,E'Tige (Wayne)',E'Neville',E'53 Nugget Street',E'Kerang',E'VIC',E'3579',NULL,NULL,E'0407557335',E'tigenev@hotmail.com',TRUE,FALSE),
      (136,136,E'Barry',E'Tanner',E'2730 Bacchus Marsh/Baliang Road',E'Rowsley',E'VIC',E'3340',E'\'+61400222824',NULL,E'\'+61400222824',E'barrytanner1@bigpond.com',TRUE,FALSE),
      (137,137,E'Drew',E'Shotton',E'5 Stanson Place ',E'Maiden Gully ',E'VIC',E'3551',NULL,NULL,E'0428506228',E'shotto@iinet.net.au',TRUE,FALSE),
      (138,137,E'Anthony',E'Anderson',E'5 Stanson Place ',E'Maiden Gully ',E'VIC',E'3551',NULL,NULL,E'0448321537',E'andocodman@gmail.com',TRUE,FALSE),
      (139,139,E'Mick',E'McKenna',E'37 Stephenson street ',E'Huntly ',E'VIC',E'3551',E'0407539559',NULL,E'0407539559',E'mmckenna@powercor.com.au',TRUE,FALSE),
      (140,139,E'Greg',E'Maher',E'37 Stephenson street ',E'Huntly ',E'VIC',E'3551',NULL,NULL,E'0407539559',E'gmaher@powercor.com.au',TRUE,FALSE),
      (141,141,E'Greg',E'Henry',E'324 Murrabit West Road',E'GonnCrossing',E'VIC',E'3579',E'0418511953',NULL,E'0418511953',E'greghenry5@bigpond.com',TRUE,FALSE),
      (142,142,E'Sam',E'Randall',E'64 Loop rd',E'Koondrook ',E'VIC',E'3580',NULL,NULL,E'0409174827',E'stephenrandall12@gmail.com',TRUE,FALSE),
      (143,142,E'Kelly',E'Smith',E'64 loop rd',E'Koondrook ',E'VIC',E'3580',NULL,NULL,E'0437001945',E'kelleylheffer@gmail.com',TRUE,FALSE),
      (144,142,E'Jack',E'Randall',E'64 loop road',E'Koondrook',E'VIC',E'3580',NULL,NULL,E'0428668860',E'jackrandall800@gmail.com',TRUE,FALSE),
      (145,145,E'David',E'Anderson',E'13 Glenscott Crescent',E'Strathmore Heights',E'VIC',E'3041',NULL,NULL,E'0412 369 361',E'oosh@bigpond.net.au',TRUE,FALSE),
      (146,146,E'Ethan',E'Coulson',E'Station rd',E'Epsom',E'VIC',E'3551',NULL,NULL,E'0488224955',E'topcatcoulson@icloud.com',TRUE,FALSE),
      (147,146,E'Toby',E'Coulson',E'Station rd',E'Epsom',E'VIC',E'3551',NULL,NULL,NULL,E'topcatcoulson@icloud.com',TRUE,FALSE),
      (148,146,E'Rob',E'Mccracken',E'Station rd',E'Epsom ',E'VIC',E'3551',NULL,NULL,NULL,E'topcatcoulson@icloud.com',TRUE,FALSE),
      (149,146,E'Jason',E'Coulson',E'Station rd',E'Epsom ',E'VIC',E'3551',NULL,NULL,NULL,E'topcatcoulson@icloud.com',TRUE,FALSE),
      (150,146,E'Brenden',E'Backer',E'Station rd',E'Epsom ',E'VIC',E'3551',NULL,NULL,NULL,E'topcatcoulson@icloud.com',TRUE,FALSE),
      (151,146,E'Taije',E'Pringle',E'Station rd',E'Epsom ',E'VIC',E'3551',NULL,NULL,NULL,E'topcatcoulson@icloud.com',TRUE,FALSE),
      (152,146,E'Brian',E'Moyle',E'Station rd',E'Epsom ',E'VIC',E'3551',NULL,NULL,NULL,E'topcatcoulson@icloud.com',TRUE,FALSE),
      (153,146,E'Gary',E'Wilson',E'Station rd',E'Epsom',E'VIC',E'3551',NULL,NULL,NULL,E'topcatcoulson@icloud.com',TRUE,FALSE),
      (154,154,E'Peter',E'Davis',E'PO Box 193',E'Eltham',E'VIC',E'3095',E'0407090238',NULL,E'0407090238',E'admin@hookem.com.au',TRUE,FALSE),
      (155,155,E'Joel',E'Wilson',E'1 Bayfield Dr',E'ELTHAM',E'VIC',E'3095',E'0407090238',NULL,E'0407090238',E'admin@hookem.com.au',TRUE,FALSE),
      (156,156,E'Jamie',E'Semmler',E'22 Emu Road',E'Shelbourne',E'VIC',E'3515',NULL,NULL,E'0411585716',E'semmcofarms@westnet.com.au',TRUE,FALSE),
      (157,157,E'brian',E'smith',E'514 murrabit west rd',E'murrabit',E'VIC',E'3579',NULL,NULL,E'0417 522 060',E'briansmith1950@bigpond.com',TRUE,FALSE),
      (158,157,E'korii',E'lokeni',E'514 murrabit west rd',E'murrabit',E'VIC',E'3579',NULL,NULL,E'0476 461 392',E'briansmith1950@bigpond.com',TRUE,FALSE),
      (159,159,E'Dan',E'Keath',E'Po box 246',E'Koondrook ',E'VIC',E'3580',NULL,NULL,E'0427151178',E'dantrans78@hotmail.com',TRUE,FALSE),
      (160,159,E'Shane',E'Matho',E'Pobox 246',E'Koondrook ',E'VIC',E'3580',NULL,NULL,NULL,E'dantrans78@hotmail.com',TRUE,FALSE),
      (161,159,E'Gary',E'Dern',E'Po box 246',E'Koondrook ',E'VIC',E'3580',NULL,NULL,NULL,E'dantrans78@hotmail.com',TRUE,FALSE),
      (162,159,E'Kody',E'Dern',E'Po box 246',E'Koondrook ',E'VIC',E'3580',NULL,NULL,NULL,E'dantrans78@hotmail.com',TRUE,FALSE),
      (163,163,E'Noah',E'Shea',E'21 whirlpool lane ',E'Murrabit ',E'VIC',E'3579',NULL,NULL,E'0407868743',E'evanlukeshea@gmail.com',TRUE,TRUE),
      (164,164,E'Patrick',E'Ring',E'105 Caldwell street',E'Heatjcote',E'VIC',E'3523',NULL,NULL,E'0459292999',E'pringa29@hotmail.com',TRUE,FALSE),
      (165,164,E'Joel',E'Condon',E'64 day street',E'East Bendigo',E'VIC',E'3550',NULL,NULL,E'0403973923',E'joel.condon@bendigoadelaide.com.au',TRUE,FALSE),
      (166,164,E'Corey',E'Gilmore',E'4 Lincoln place',E'East Bendigo',E'VIC',E'3550',NULL,NULL,E'0435914362',E'corka37@gmail.com',TRUE,FALSE),
      (167,167,E'Jack',E'Campbell',E'781 clarkes road',E'Anakie',E'VIC',E'3213',NULL,NULL,NULL,E'cambo_j@hotmail.com',TRUE,FALSE),
      (168,167,E'Monique',E'Hynes',E'781 clarkes road',E'Anakie',E'VIC',E'3213',NULL,NULL,NULL,E'monique_hynes@hotmail.com',TRUE,FALSE),
      (169,167,E'Darcy',E'Campbell',E'235 hamilton highway',E'Fyansford ',E'VIC',E'3221',NULL,NULL,NULL,E'darcy_cam@hotmail.com',TRUE,FALSE),
      (170,167,E'Dylan',E'Burns',E'4 design drive',E'Point cook ',E'VIC',E'3030',NULL,NULL,NULL,E'dylburns24@gmail.com',TRUE,FALSE),
      (171,171,E'Dylan',E'Fox',E'4148 Donald Swan Hill Rd',E'Goschen',E'VIC',E'3585',E'0429797926',NULL,NULL,E'dylan.fox@agrivision.net.au',TRUE,FALSE),
      (172,171,E'Tony',E'Fox',E'4148 Donald Swan Hill Rd',E'Goschen',E'VIC',E'3585',E'0427225487',NULL,NULL,E'dylan.fox@agrivision.net.au',TRUE,FALSE),
      (173,171,E'Ben',E'Fox',E'4148 Donald Swan Hill Rd',E'Goschen',E'VIC',E'3585',E'0447834232',NULL,NULL,E'dylan.fox@agrivision.net.au',TRUE,FALSE),
      (174,174,E'Murray',E'James',E'4 Pegler Ave',E'Mildura',E'VIC',E'3500',E'0428627982',NULL,E'0428627982',E'debi.james62@bigpond.com',TRUE,FALSE),
      (175,175,E'Mark',E'Briggs',E'3 Stocia place',E'Woodend ',E'VIC',E'3442',E'03 54272499',NULL,E'0497168907',E'markwbriggs@bigpond.com',TRUE,FALSE),
      (176,176,E'Josh',E'Simms',E'21 Pascoe Street ',E'Rochester ',E'VIC',E'3561',NULL,NULL,E'0409520485',E'kylie_josh@bigpond.com',TRUE,FALSE),
      (177,176,E'Phillip',E'Penny',E'6769 Northern Hwy',E'Rochester ',E'VIC',E'3561',E'0354841218',NULL,NULL,E'kylie_josh@bigpond.com',TRUE,FALSE),
      (178,178,E'Darren',E'Smith',E'80 Mitchell street',E'Kyneton ',E'VIC',E'3444',E'0488002972',NULL,E'0488002972',E'Darrensmith0916@outlook.com',TRUE,FALSE),
      (179,179,E'Merv',E'Miller',E'98 Nelson street',E'Maryborough',E'VIC',E'3465',NULL,NULL,E'0417100057',E'Hueg.arse76@gmail.com',TRUE,FALSE),
      (180,180,E'Nick',E'Hein',E'346 Guilmartin rd',E'Myall',E'VIC',E'3579',NULL,NULL,E'0409533253',E'nhe40472@bigpond.net.au',TRUE,FALSE),
      (181,181,E'Neil',E'Hopkins',E'WHITER ST',E'MURRABIT',E'VIC',E'3579',E'54572428',NULL,E'0490830641',E'neilhop57@gmail.com',TRUE,FALSE),
      (182,181,E'DANNY',E'KING',E'BOWLES RD',E'EPSOM',E'VIC',E'3551',E'0490830641',NULL,E'0417552148',E'neilhop57@gmail.com',TRUE,FALSE),
      (183,181,E'Steve',E'Christenson',E'21 londonderry way',E'EPSOM',E'VIC',E'3551',E'0416034290',NULL,NULL,E'christenson.stephen.l@edumail.vi.gov.au',TRUE,FALSE),
      (184,184,E'Matthew',E'Penny',E'58 Taylor St',E'Ascot',E'VIC',E'3551',NULL,NULL,E'0457864795',E'mpenny@powercor.com.au',TRUE,FALSE),
      (185,185,E'Daniel',E'Whitehead',E'2 Caulfield drive ',E'Ascot',E'VIC',E'3551',NULL,NULL,E'0409184183',E'dawhitehead@powercor.com.au',TRUE,FALSE),
      (186,186,E'Jordan',E'Edelsten',E'4 Sebastian close',E'Swan Hill ',E'VIC',E'3585',E'0427398519',NULL,E'0427398519',E'edo_06@hotmail.com',TRUE,FALSE),
      (187,186,E'James',E'Bannam',E'101 Goynes road',E'Epsom',E'VIC',E'3551',E'0422218280',NULL,E'0422218280',E'jamesbannam@gmail.com',TRUE,FALSE),
      (188,188,E'Lindsay',E'Oliver',E'3 Hocking Drive ',E'Swanhill ',E'VIC',E'3585',E'50323316',NULL,E'0428533861',E'l.oliver@cfa.vic.gov.au',TRUE,FALSE),
      (189,189,E'DARREN',E'SCHULTZ',E'105 Ironstone Rd',E'EPSOM',E'VIC',E'3551',NULL,NULL,E'0400853810',E'bigdazza50@gmail.com',TRUE,FALSE),
      (190,189,E'JAMES',E'BELL',E'15 Atherton St',E'HUNTLY',E'VIC',E'3551',NULL,NULL,E'0424015550',E'hermit.james@gmail.com',TRUE,FALSE),
      (191,191,E'Kylie',E'Brooks',E'2 Caddy Drive ',E'Creswick ',E'VIC',E'3363',NULL,NULL,E'0427058032',E'kylo2273@gmail.com',TRUE,FALSE),
      (192,191,E'Glenn',E'Brooks',E'2 Caddy Drive ',E'Creswick ',E'VIC',E'3363',NULL,NULL,E'0427058032',E'kylo2273@gmail.com',TRUE,FALSE),
      (193,193,E'Colin',E'Thompson',E'673 River Road',E'Murrabit West ',E'VIC',E'3579',NULL,NULL,E'0407865276',E'ccthommo@hotmail.com',TRUE,FALSE),
      (194,194,E'Zac',E'Cole',E'63 Lavender Park Road ',E'Eltham ',E'VIC',E'3095',E'0430059255',NULL,NULL,E'zaccole@live.com.au',TRUE,FALSE),
      (197,197,E'Ben',E'Lavey',E'787 River Road ',E'Murrabit West ',E'VIC',E'3579',E'0403260745',NULL,E'0403260744',E'roseben2010@live.com.au',TRUE,FALSE),
      (198,198,E'Greg',E'Randall',E'958 fish point rd',E'Fish point',E'VIC',E'3586',E'50372732',NULL,NULL,E'stephenrandall12@gmail.com',TRUE,FALSE),
      (199,199,E'Jesse',E'Howell',E'14 moray streer',E'Diamond Creek ',E'VIC',E'3089',NULL,NULL,NULL,E'jesse_howell_24@hotmail.com',TRUE,FALSE),
      (200,200,E'Benjamin',E'Croxford',E'116 Murray rd',E'Diamond creek ',E'VIC',E'3089',E'0421852340',NULL,E'0421852340',E'ben.croxford@billingslong.com.au',TRUE,FALSE),
      (201,200,E'Matthew',E'Mcphee',E'18 nungeroo crt',E'Eltham north',E'VIC',E'3095',E'0428049516',NULL,E'0428049516',E'matthew.mcphee@billingslong.com.au',TRUE,FALSE),
      (202,202,E'Jake',E'Hepworth',E'7 Broomfield rd',E'Creswick ',E'VIC',E'3363',NULL,NULL,E'0408318100',E'hepworth86@live.com.au',TRUE,FALSE),
      (203,203,E'Sam',E'Gerdes',E'18 Phillips st',E'Creswick',E'VIC',E'3363',E'0458110392',NULL,NULL,E'bessie-18@hotmail.com',TRUE,FALSE),
      (204,204,E'Bryden',E'Morison',E'49 Wyndham st',E'Kerang',E'VIC',E'3579',E'0408895398',NULL,NULL,E'bryden_123@hotmail.com',TRUE,FALSE),
      (205,204,E'Brad',E'Morison',E'118 Boundary st',E'Kerang',E'VIC',E'3579',E'0407451440',NULL,NULL,E'bryden_123@hotmail.com',TRUE,FALSE),
      (206,206,E'Ryan',E'Pompe',E'22 king street ',E'Creswick',E'VIC',E'3363',E'0458999186',NULL,NULL,E'ryanpompe1@hotmail.com',TRUE,FALSE),
      (207,206,E'Billy',E'Marshman',E'22 king street ',E'Creswick',E'VIC',E'3363',NULL,NULL,E'0458999186',E'ryanpompe1@hotmail.com',TRUE,FALSE),
      (208,294,E'Andrew',E'Every',E'63 Maldon Road',E'Castlemaine ',E'VIC',E'3450',NULL,NULL,E'0418381537',E'garage63@dodo.com.au',TRUE,FALSE),
      (209,209,E'Matt',E'Coxall',E'43 Victoria st',E'Creswick',E'VIC',E'3363',NULL,NULL,E'0447695711',E'c_o_x_y_3@hotmail.com',TRUE,FALSE),
      (210,210,E'John',E'Parsons',E'13 Arbuthnot Street',E'Koondrook',E'VIC',E'3580',NULL,NULL,E'0427605726',E'sumharri2@gmail.com',TRUE,FALSE),
      (211,211,E'Daniel',E'Widgery',E'90 Ascot Gardens Drive',E'Delacombe',E'VIC',E'3356',NULL,NULL,E'0437686549',E'daniel.widgery@hotmail.com',TRUE,FALSE),
      (212,212,E'Allan',E'Duckett',E'52 Woodlands Drive',E'Ocean Grove',E'VIC',E'3226',NULL,NULL,E'0422375045',E'greg.mills@rendine.com.au',TRUE,FALSE),
      (213,213,E'Caleb',E'Hepworth',E'1 Hyde Park Road',E'Creswick',E'VIC',E'3363',NULL,NULL,E'0407539019',E'Caleb_Hepworth91@hotmail.com',TRUE,FALSE),
      (214,213,E'Liam',E'Hepworth',E'1 Hyde Park Road',E'Creswick',E'VIC',E'3363',NULL,NULL,E'0447025985',E'Liam_hepworth13@hotmail.com',TRUE,FALSE),
      (215,213,E'Matt',E'Antonio',E'69b Dyson drive',E'Alfredton ',E'VIC',E'3350',NULL,NULL,NULL,E'Matt_Antonio90@live.com',TRUE,FALSE),
      (216,216,E'Darren',E'Thomson',E'9 luka court',E'Sebastopol ',E'VIC',E'3356',NULL,NULL,E'0409339329',E'darrent1962@hotmail.com',TRUE,FALSE),
      (217,217,E'Cameron',E'Place',E'2 Brushwood Ct',E'Ocean Grove',E'VIC',E'3226',NULL,NULL,E'0400451166',E'cameron.place@bendigobank.com.au',TRUE,FALSE),
      (218,218,E'William',E'Booth',E'1 Fitzgerald st',E'Creswick ',E'VIC',E'3363',NULL,NULL,E'0456779333',E'wallybooth13@gmail.com',TRUE,FALSE),
      (219,219,E'Riley',E'Mcdonald',E'Cobramunga road',E'Via murrabit',E'VIC',E'3579',E'54572207',NULL,E'0488781467',E'jenmac65@gmail.com',TRUE,FALSE),
      (220,219,E'Will',E'Archard',E'Co mcdonalds...cobramunga road',E'Via murrabit',E'VIC',E'3579',E'54572207',NULL,E'0488781467',E'jenmac65@gmail.com',TRUE,FALSE),
      (221,221,E'Matt',E'Ginnivan',E'255 Mackenzie St',E'Golden Square',E'VIC',E'3555',E'0418 770 982',NULL,NULL,E'mginnivan@gmail.com',TRUE,FALSE),
      (222,222,E'Kent',E'McNeil',E'P.O. Box 35 ',E'Murrabit ',E'VIC',E'3579',NULL,NULL,NULL,E'kmcneil@mawsons.com.au',TRUE,FALSE),
      (224,224,E'Nicholas',E'Briggs',E'3 Scotia Place ',E'Woodend ',E'VIC',E'3442',E'0434767174',NULL,NULL,E'nic_briggs@hotmail.com',TRUE,FALSE),
      (225,225,E'Luke',E'Bell',E'N/A',E'N/A',E'VIC',E'N/A',NULL,NULL,E'0459 188 999',E'mginnivan@fairbrother.com.au',TRUE,FALSE),
      (226,226,E'Hayden',E'Barby',E'56 mariners reef rd ',E'Maryborough ',E'VIC',E'3465',E'0477853186',NULL,NULL,E'haydenb18@hotmail.com',TRUE,FALSE),
      (227,227,E'Matthew',E'Potter',E'191 Balaclava Road',E'Maryborough ',E'VIC',E'3465',NULL,NULL,E'0418573860',E'matthew.potter9@live.com',TRUE,FALSE),
      (228,228,E'Billy',E'Williams',E'Unit 3 7 Rowlands street',E'Sebastopol ',E'VIC',E'3356',NULL,NULL,E'0448549761',E'billycwilliams1995@hotmail.com',TRUE,FALSE),
      (229,229,E'Jack',E'Shay',E'75 Balaclava Road',E'Maryborough',E'VIC',E'3465',NULL,NULL,E'0488027688',E'jack_shay@hotmail.com',TRUE,FALSE),
      (230,230,E'Dylan',E'Rendell',E'37 Burns St ',E'Maryborough ',E'VIC',E'3465',NULL,NULL,E'0447108359',E'dylan.j.rendell@gmail.com',TRUE,FALSE),
      (231,231,E'David',E'Mooney',E'4 Wilson crt',E'Kerang',E'VIC',E'3579',E'\'+61427572411',NULL,E'\'+61427572411',E'davidmooney2@bigpond.com',TRUE,FALSE),
      (232,232,E'Cameron',E'Davies',E'2 Beischer Street',E'Bendigo',E'VIC',E'3550',E'0497199415',NULL,E'0497199415',E'camo_d95@hotmail.com',TRUE,FALSE),
      (233,233,E'Angus and Jed',E'McDonald',E'207 Rosedale ',E'Myall',E'VIC',E'3579',E'0247 346 340',NULL,E'0247 346 340',E'Pistolmac@gmail.com',TRUE,FALSE),
      (234,234,E'Darren',E'Antonio',E'27 king street',E'Creswick',E'VIC',E'3363',NULL,NULL,E'0400188941',E'darren@countryfasteners.com.au',TRUE,FALSE),
      (235,235,E'Peter',E'Bergman',E'97 Bates court',E'Heathcote',E'VIC',E'3523',NULL,NULL,E'0432083505',E'pedropete_93@hotmail.com',TRUE,FALSE),
      (236,235,E'Jordan',E'Tracey',E'97 Bates court ',E'Heathcote',E'VIC',E'3523',NULL,NULL,E'0432083505',E'pedropete_93@hotmail.com',TRUE,FALSE),
      (237,237,E'Guy',E'Taylor',NULL,NULL,E'VIC',NULL,NULL,NULL,NULL,NULL,TRUE,FALSE),
      (238,238,E'Hayden',E'Gillingham',E'33 Panton Street',E'Golden Square',E'VIC',E'3555',NULL,NULL,E'0457151404',E'hayden_kyleg@mail.com',TRUE,FALSE),
      (239,239,E'Jack',E'Challis',E'Murrabit ',E'Murrabit',E'VIC',E'3579',E'0427570309',NULL,NULL,E'jackandjillchallis@yahoo.com',TRUE,FALSE),
      (240,239,E'Chris',E'Wagner',E'473 tannery lane ',E'Strathfieldsay',E'VIC',E'3551',NULL,NULL,E'0427413795',E'jackandjillchallis@yahoo.com',TRUE,FALSE),
      (241,241,E'Ben',E'Gillingham',E'392 Benjeroop-Lake road ',E'Lake Charm ',E'VIC',E'3581',NULL,NULL,E'0409368585',E'bengillingham6@gmail.com',TRUE,FALSE),
      (242,242,E'Kristian',E'Bray',E'161 Boundary st',E'Kerang',E'VIC',E'3579',NULL,NULL,NULL,E'eggbray@hotmail.com',TRUE,FALSE),
      (243,243,E'Tom',E'Rogers',E'3 goroke crt ',E'Eltham',E'VIC',E'3095',NULL,NULL,E'0434165649',E'tomrogers1@hotmail.com',TRUE,FALSE),
      (244,244,E'Nev',E'Murray',E'287 Lower Loddon Road',E'Kerang ',E'VIC',E'3579',E'0354503034',NULL,E'0427 346 235',E'nevjo@westnet.com.au',TRUE,FALSE),
      (245,245,E'Garry',E'Collier',E'23 Burnett street ',E'Koondrook ',E'VIC',E'3580',NULL,NULL,E'0408511447',E'gcollier@mawsons.com.au',TRUE,FALSE),
      (246,246,E'Jason',E'Booth',E'3 Bissell drive ',E'Golden square ',E'VIC',E'3555',NULL,NULL,E'0438372556',E'jason.stacka@hotmail.com',TRUE,FALSE),
      (247,246,E'James',E'Kirsten',E'3 Watt Avenue',E'Oak Park',E'VIC',E'3046',NULL,NULL,E'0431285699',E'jason.stacka@hotmail.com',TRUE,FALSE),
      (248,248,E'David',E'Millard',E'3 Station Street',E'Kangaroo Flat',E'VIC',E'3555',E'\'+61437072404',NULL,E'\'+61437072404',E'david@ecowisehomes.com.au',TRUE,FALSE),
      (249,249,E'Bailey',E'McNeil',E'918 Myall rd',E'Myall',E'VIC',E'3579',E'0354570304',NULL,E'0418135541',E'baileymcneil1608@gmail.com',TRUE,FALSE),
      (250,250,E'Dennis',E'Horrigan',E'5 Castlemaine Rd',E'Maldon',E'VIC',E'3463',NULL,NULL,E'0419169168',E'dennishorrigan@bigpond.com',TRUE,FALSE),
      (251,251,E'LEANNE',E'WALSH',E'6 gould crt',E'kangaroo flat',E'VIC',E'3555',NULL,NULL,E'0421592105',E'leanne.forcare@gmail.com',TRUE,FALSE),
      (252,251,E'Jeff',E'mcgregor',E'6 gould crt',E'kangaroo flat',E'VIC',E'3555',NULL,NULL,E'0448755811',E'jmcgregor62@outlook.com',TRUE,FALSE),
      (253,253,E'Peter',E'Parker',E'Back Road',E'Benjeroop',E'VIC',E'3584',E'0427880949',NULL,NULL,E'mcfarlane.robert.a@bigpond.com',TRUE,FALSE),
      (254,253,E'Robert',E'McFarlane',E'18 Lalbert Road',E'Lake Boga',E'VIC',E'3584',E'0428557450',NULL,NULL,E'mcfarlane.robert.a@bigpond.com',TRUE,FALSE),
      (255,255,E'Debi',E'James',E'4 Pegler Ave',E'Mildura',E'VIC',E'3500',NULL,NULL,E'0409384184',NULL,TRUE,FALSE),
      (256,256,E'Mick',E'Coobs',E'92 Shadforth Street',E'Kerang',E'VIC',E'3579',E'0488521643',NULL,E'0488521643',E'vickicoobs@bigpond.com',TRUE,FALSE),
      (257,257,E'Mitchell',E'Grime',E'41 pinnacle crescent ',E'Melton',E'VIC',E'3337',E'97476851',NULL,E'0400637765',E'sandkgrimes1@bigpond.com',TRUE,FALSE),
      (258,258,E'Lachlan',E'Sheriff',E'5 Dundas st',E'Miners Rest',E'VIC',E'3352',E'0412320972',NULL,E'0412320972',E'lachysheriff@hotmail.com',TRUE,FALSE),
      (259,259,E'Mitchell',E'Gervasoni',E'9-11 creswick street',E'Miners rest',E'VIC',E'3352',NULL,NULL,E'0447648885',E'mitchellgervasoni@hotmail.com',TRUE,FALSE),
      (260,260,E'Nathan',E'Wilson',E'5 Pyramid Crescent',E'Kerang',E'VIC',E'3579',NULL,NULL,E'0400870140',E'nwilson414@gmail.com',TRUE,FALSE),
      (261,261,E'Colin',E'Prior',E'69 lambert street',E'Ararat ',E'VIC',E'3377',NULL,NULL,E'0409371297',E'colprior@bigpond.com',TRUE,FALSE),
      (262,261,E'Shane',E'Jenkins',E'11 Baird street',E'Ararat',E'VIC',E'3377',NULL,NULL,E'0408170420',E'reggieandbilly@gmail.com',TRUE,FALSE),
      (263,263,E'Leigh',E'Mcdonald',E'47 cobramunga rd',E'Cobramunga ',E'NSW',E'2732',NULL,NULL,E'0447813203',E'leighmcdonald0@gmail.com',TRUE,FALSE),
      (264,264,E'Toby',E'Gray',E'2 Coronation Street ',E'Kerang',E'VIC',E'3579',NULL,NULL,E'0435218834',E'graytoby19@gmail.com',TRUE,FALSE),
      (265,265,E'Jordan',E'Roberts',E'328 midland highway epsom',E'BENDIGO ',E'VIC',E'3551',NULL,NULL,E'0497071888',E'jr2000@live.com.au',TRUE,FALSE),
      (266,266,E'Joe',E'O\'Reilly',E'8 river oaks drive ',E'Swan Hill ',E'VIC',E'3585',NULL,NULL,E'0427329911',E'joreilly@brcagents.com.au',TRUE,FALSE),
      (267,267,E'Max',E'Hartley',E'232 Hannah lane',E'Gonn Crossing ',E'VIC',E'3579',NULL,NULL,NULL,E'maxhartley1407@gmail.com',TRUE,FALSE),
      (268,267,E'Dale',E'Hartley',E'232 Hannah lane',E'Gonn Crossing ',E'VIC',E'3579',NULL,NULL,NULL,E'dalehartley150@gmail.com',TRUE,FALSE),
      (269,269,E'Ian',E'Gervasoni',E'9-11 creswick street',E'Miners rest',E'VIC',E'3352',NULL,NULL,E'0401700323',E'gerva148@bigpond.com.au',TRUE,FALSE),
      (270,269,E'Phil',E'Judd',E'9-11 creswick street',E'Miner Rest',E'VIC',E'3353',NULL,NULL,E'0438355402',E'gerva148@bigpond.com.au',TRUE,FALSE),
      (271,271,E'John',E'Fuller',E'24 Tennyson Street ',E'Woodend ',E'VIC',E'3442',NULL,NULL,E'0427529059',E'cjfuller@bigpond.com.au',TRUE,FALSE),
      (272,272,E'Nicholas',E'Bonavia',E'101 Fox street',E'St Albans',E'VIC',E'3021',E'0414 213 594',NULL,E'0414 213 594',E'nickbonavia@gmail.com',TRUE,FALSE),
      (273,273,E'Hayden',E'Bladier',E'8 Leonie court ',E'Cardigan village ',E'VIC',E'3352',NULL,NULL,E'0427965860',E'haydo3383@hotmail.com',TRUE,FALSE),
      (274,273,E'Ryan',E'White',E'8 dellar court ',E'Swan hill',E'VIC',E'3585',NULL,NULL,NULL,E'haydo3383@hotmail.com',TRUE,FALSE),
      (275,275,E'Jeff',E'Parker',E'1 Airey St',E'Huntly',E'VIC',E'3551',NULL,NULL,E'045808860201',E'grandview3537@gmail.com',TRUE,FALSE),
      (276,275,E'Trevor',E'Sleeman',E'Marong Rd',E'Myers Flat',E'VIC',E'3550',NULL,NULL,NULL,E'grandview3537@gmail.com',TRUE,FALSE),
      (277,275,E'Geoff',E'Rumbold',E'Kerang/Boort Rd',E'Leaghur',E'VIC',E'3537',NULL,NULL,NULL,E'grandview3537@gmail.com',TRUE,FALSE),
      (278,278,E'Nathan',E'Condely',E'P.O. Box 1614',E'Swan Hill',E'VIC',E'3585',E'0408335174',NULL,E'0408335174',E'nathan@condelyhomes.com.au',TRUE,FALSE),
      (279,279,E'Brendan',E'Johnson',E'4 trafelga st',E'Maryborough',E'VIC',E'3465',NULL,NULL,E'0439341815',E'johnsoncaravans@tpg.com.au',TRUE,FALSE),
      (280,279,E'Jason',E'Partridge',E'4 trafelga st',E'maryborough',E'VIC',E'3465',NULL,NULL,E'0408178810',E'johnsoncaravans@tpg.com.au',TRUE,FALSE),
      (281,281,E'Shannon',E'Crofts',E'72 Jude st',E'Howlong',E'NSW',E'2643',NULL,NULL,E'0491071960',E'shannoncrofts007@gmail.com',TRUE,FALSE),
      (282,281,E'Leona',E'Stephen',E'72 Jude st',E'Howlong',E'NSW',E'2643',NULL,NULL,E'0400998835',E'lee.butterfly@hotmail.com',TRUE,FALSE),
      (283,283,E'Ray',E'McNeil',E'730 Myall Road',E'Myall',E'VIC',E'3579',NULL,NULL,NULL,E'smcneilelectrical@bigpond.com',TRUE,FALSE),
      (284,284,E'Keith',E'Simmonds',E'123 Fenton lane ',E'Budgerum East ',E'VIC',E'3579',NULL,NULL,E'0448238823',E'keithsimmonds01@gmail.com',TRUE,FALSE),
      (285,284,E'Gary',E'Bergman',E'123 Fenton Lane ',E'Budgerum East ',E'VIC',E'3579',NULL,NULL,E'0481764973',E'shorty3266@icloud.com',TRUE,FALSE),
      (286,286,E'Dean',E'Collicoat',E'39 neil st kangaroo flat ',E'Kangaroo flat ',E'VIC',E'3555',NULL,NULL,E'0473986951',E'dean.collicoat@gmail.com',TRUE,FALSE),
      (287,286,E'Ian',E'Collicoat',E'42 sutton rd',E'Maryborough ',E'VIC',E'3465',NULL,NULL,E'0417200391',E'dean.collicoat@gmail.com',TRUE,FALSE),
      (288,288,E'Daniel',E'Lavey',E'401 woorinen road',E'Swan hill',E'VIC',E'3585',E'0412618259',NULL,E'0412618259',E'daniellavey1991@gmail.com',TRUE,FALSE),
      (289,289,E'Daniel',E'Buckland',E'8 ayres st',E'Creswick ',E'VIC',E'3363',NULL,NULL,E'0408657668',E'jackclarke332@outlook.com',TRUE,FALSE),
      (290,290,E'Jeremy',E'Boag',E'40, Metcalfe Drive',E'Romsey',E'VIC',E'3434',E'0438109717',NULL,NULL,E'jeremyboag@gmail.com',TRUE,FALSE),
      (291,291,E'Brendan',E'Fletcher',E'4 Sweeny St',E'Bendigo',E'VIC',E'3550',E'5442 8853',NULL,NULL,E'timwmillard@gmail.com',TRUE,FALSE),
      (292,292,E'David',E'Semmler',E'106 Begelhole Rd',E'Murrabit',E'VIC',E'3579',NULL,NULL,E'0427 575 255',E'timwmillard@gmail.com',TRUE,FALSE),
      (293,293,E'Rusty',E'Anderson',E'Ashwin Rd',E'Murrabit',E'VIC',E'3579',NULL,NULL,NULL,E'timwmillard@gmail.com',FALSE,FALSE),
      (294,294,E'Jenny',E'Larsen',E'63 Molden Rd',E'Castlemain',E'VIC',E'3450',NULL,NULL,E'0457050444',NULL,TRUE,FALSE),
      (295,295,E'Dale',E'Laursen',E'Grigg Rd',E'Koondrook',E'VIC',E'3580',NULL,NULL,NULL,E'timwmillard@gmail.com',TRUE,FALSE),
      (296,296,E'Bill',E'Hollard',E'N/A',E'Koondrook',E'VIC',E'3580',NULL,NULL,NULL,E'timwmillard@gmail.com',TRUE,FALSE),
      (297,297,E'Bill',E'Hazen',E'N/A',E'Murrabit',E'VIC',E'3579',NULL,NULL,NULL,E'timwmillard@gmail.com',TRUE,FALSE),
      (298,298,E'Rob',E'Evans',E'13 Browning Ave',E'Murrabit',E'VIC',E'3579',NULL,NULL,NULL,NULL,TRUE,FALSE),
      (299,299,E'Mick',E'O\'Toole',E'N/A',E'Koondrook',E'VIC',E'3580',NULL,NULL,NULL,E'timwmillard@gmail.com',TRUE,FALSE),
      (300,114,E'Darko',E'Juresic',E'194 Addiscott Rd',E'Bellbrae',E'VIC',E'3228',NULL,NULL,E'0410557076',E'darko.juresic@bigpond.com',TRUE,FALSE),
      (1001,301,E'Archer',E'McKnight',E'36 Borough drive',E'kerang',E'VIC',E'3579',NULL,NULL,E'0428572377',E'brent@mcknightbray.com.au',TRUE,TRUE),
      (1002,6,E'Aaron',E'Collicoat',E'28 Newton st',E'Maryborough',E'VIC',E'3465',NULL,NULL,NULL,E'speedycollicoat@gmail.com',TRUE,TRUE),
      (1003,6,E'Jake',E'Howard',E'3 Maher\'s rd',E'Bowenvale',E'VIC',E'3465',NULL,NULL,NULL,E'speedycollicoat@gmail.com',TRUE,TRUE),
      (1004,49,E'Harry',E'Hooper',E'4 Riverina parade',E'Echuca',E'VIC',E'3564',NULL,NULL,E'0429991875',E'mhhooper@bigpond.com',TRUE,TRUE),
      (1005,54,E'ANDREW',E'SO',E'1 CENTENARY DRIVE',E'PORT MELBOURNE',E'VIC',E'3207',NULL,NULL,E'0401782262',E'pacca_2007@hotmail.com',TRUE,TRUE),
      (1006,54,E'RAIDEN',E'SO',E'31 DUNNINGS RD ',E'POINT COOK',E'VIC',E'3030',NULL,NULL,E'0406975060',E'susanaso@outlook.com.au',TRUE,TRUE),
      (1007,57,E'Charlie',E'Green',E'145 Keegan road',E'Lauriston',E'VIC',E'3444',NULL,NULL,E'0425849211',E'myles.green74@bigpond.com',TRUE,TRUE),
      (1008,61,E'Joel',E'Peirce',E'64 Finlay Rd',E'Thurgoona ',E'NSW',E'2640',NULL,NULL,NULL,E's.peirce@hotmail.com',TRUE,TRUE),
      (1009,67,E'KYNAN',E'CARTER',E'42 poole st ',E'maryborough',E'VIC',E'3465',NULL,NULL,E'0488408400',E'daveonsite4@gmail.com',TRUE,TRUE),
      (1010,67,E'KAYLA',E'CARTER',E'42 pool st ',E'maryborough',E'VIC',E'3465',NULL,NULL,E'0488408400',E'daveonsite4@gmail.com',TRUE,TRUE),
      (1011,70,E'Hannah',E'Streader',E'109 Lakeview St',E'Boort',E'VIC',E'3537',NULL,NULL,E'0484339018',E'hps3537@gmail.com',TRUE,TRUE),
      (1012,77,E'Thomas',E'Leahy',E'131 Murrabit west road',E'Murrabit',E'VIC',E'3579',NULL,NULL,NULL,E'asurv@bigpond.com',TRUE,TRUE),
      (1013,77,E'Clancy',E'Leahy',E'131 Murrabit west Road ',E'Murrabit ',E'VIC',E'3579',NULL,NULL,NULL,E'asurv@bigpond.com',TRUE,TRUE),
      (1014,130,E'Ryan',E'Harmer',E'4 falcon circuit ',E'Wodonda',E'VIC',E'3690',E'0459800856',NULL,NULL,E'anthony.harmer10@gmail.com',TRUE,TRUE),
      (1015,133,E'Macey',E'Holmes',E'7 Ross St',E'Malmsbury',E'VIC',E'3446',NULL,NULL,NULL,E'flozzie33@hotmail.com',TRUE,TRUE),
      (1016,133,E'Oliver',E'Holmes',E'7 Ross St',E'Malmsbury',E'VIC',E'3446',NULL,NULL,NULL,E'flozzie33@hotmail.com',TRUE,TRUE),
      (1017,156,E'Alister',E'Semmler',E'22 Emu road',E'Shelbourne',E'VIC',E'3515',NULL,NULL,NULL,E'semmcofarms@westnet.com.au',TRUE,TRUE),
      (1018,156,E'Harry',E'Semmler',E'22 Emu road',E'Shelbourne ',E'VIC',E'3515',NULL,NULL,NULL,E'semmcofarms@westnet.com.au',TRUE,TRUE),
      (1019,159,E'Jack',E'Keath',E'Po box 246',E'Koondrook ',E'VIC',E'3580',NULL,NULL,NULL,E'dantrans78@hotmail.com',TRUE,TRUE),
      (1020,159,E'Cruise',E'Dern',E'Po box 246',E'Koondrook ',E'VIC',E'3580',NULL,NULL,NULL,E'dantrans78@hotmail.com',TRUE,TRUE),
      (1021,178,E'Makyla',E'Smith',E'80 Mitchell street',E'Kyneton ',E'VIC',E'3444',NULL,NULL,E'0488002972',E'Darrensmith0916@outlook.com',TRUE,TRUE),
      (1022,180,E'Cooper',E'Hein',E'346 Guilmartin rd',E'Myall',E'VIC',E'3579',NULL,NULL,NULL,E'nhe40472@bigpond.net.au',TRUE,TRUE),
      (1023,191,E'Maggie Rose',E'Brooks',E'2 Caddy Drive ',E'Creswick ',E'VIC',E'3363',NULL,NULL,E'0427058032',E'kylo2273@gmail.com',TRUE,TRUE),
      (1024,210,E'Harrison',E'Parsons',E'13 Arbuthnot Street',E'Koondrook',E'VIC',E'3580',NULL,NULL,E'0429 902 519',E'sumharri2@gmail.com',TRUE,TRUE),
      (1025,261,E'Reggie',E'Jenkins',E'11 Baird street',E'Ararat',E'VIC',E'3377',NULL,NULL,NULL,E'reggieandbilly@gmail.com',TRUE,TRUE),
      (1026,326,E'william',E'king',E'160 strickland road',E'East Bendigo',E'VIC',E'3551',E'54440511',NULL,E'0417552148',E'danny@dpkmechanical.com.au',TRUE,TRUE),
      (1027,266,E'Shannon',E'O\'Reilly',E'8 river oaks drive ',E'Swan Hill ',E'VIC',E'3585',NULL,NULL,E'0427329911',E'joreily@brcagents.com.au',TRUE,TRUE),
      (1028,266,E'Max',E'O\'Reilly',E'8 river oaks drive ',E'Swan Hill ',E'VIC',E'3585',NULL,NULL,E'0427329911',E'joreilly@brcagents.com.au',TRUE,TRUE),
      (1029,273,E'Harley',E'Bladier',E'8 Leonie court ',E'Cardigan village',E'VIC',E'3352',NULL,NULL,NULL,E'haydo3383@hotmail.com',TRUE,TRUE),
      (1030,278,E'Blake',E'Condely',E'P.O. Box 1614',E'Swan Hil;',E'VIC',E'3585',NULL,NULL,E'0408335174',E'nathan@condelyhomes.com.au',TRUE,TRUE),
      (1031,331,E'Austin',E'Coulson',E'Station street',E'Epsom',E'VIC',E'3551',NULL,NULL,E'0488224955',E'topcatcoulson@icloud.com',TRUE,TRUE),
      (1032,279,E'Mitchell',E'Johnson',E'4 Trafelga st',E'maryborough',E'VIC',E'3465',NULL,NULL,NULL,E'johnsoncaravans@tpg.com.au',TRUE,TRUE),
      (1033,279,E'Cowan',E'Partridge',E'4 trafelga st',E'Maryborough ',E'VIC',E'3465',NULL,NULL,NULL,E'johnsoncaravans@tpg.com.au',TRUE,TRUE),
      (1034,334,E'Jackson',E'Fletcher',E'4 Sweeny St',E'Bendigo',E'VIC',E'3550',NULL,NULL,NULL,E'timwmillard@gmail.com',TRUE,TRUE),
      (1035,114,E'Thomas',E'Juresic',E'194 Addiscott Rd',E'Bellbrae',E'VIC',E'3228',NULL,NULL,E'0410557076',E'darko.juresic@bigpond.com',TRUE,TRUE),
      (1036,301,E'Cooper',E'Meehan',E'6 Wilson Court',E'Kerang',E'VIC',E'3579',E'0427573318',NULL,E'0427573318',E'kelash5@bigpond.com',TRUE,TRUE);


-- Move to legacy schema
CREATE SCHEMA IF NOT EXISTS legacy_2019;
ALTER TABLE boat SET SCHEMA legacy_2019;
ALTER TABLE catch SET SCHEMA legacy_2019;
ALTER TABLE competitor SET SCHEMA legacy_2019;
