-- SQL Dump of murrabit-cod-challenge-2014.accdb
-- generated by MDB Viewer 2.2.7
-- optimized for PostgreSQL

SET NAMES 'UTF8';



DROP TABLE IF EXISTS "boat";

CREATE TABLE "boat" (
    "boat_id" INTEGER PRIMARY KEY,
    "name" TEXT,
    "registration_no" TEXT
);

INSERT INTO "boat"("boat_id","name","registration_no")
VALUES(70,E'Rodaughan',E'QO 379'),
      (71,E'Ritchie/Mason',E'KB 728'),
      (72,E'Bish',E'GN 871'),
      (73,E'Hollard/Laursen',NULL),
      (74,E'Tanner',E'QD 379'),
      (75,E'Carter',E'GS 301'),
      (76,E'Maher',NULL),
      (77,E'Colville',NULL),
      (78,E'Hunt/Forster',E'MW 766'),
      (79,E'O\'Donoghue/Forster',E'PY 802'),
      (80,E'White/McLennan',E'AGO116N'),
      (81,E'Hein/Millard',NULL),
      (82,E'Mooney',E'EU 344'),
      (83,E'Place/Jobling',E'JA 778'),
      (84,E'Brazzale/Pearson',NULL),
      (85,E'McGowan',NULL),
      (86,E'Dignan/Hoenig',E'KW 689'),
      (87,E'Bollard',NULL),
      (88,E'Tanaskovic/Duivoisin',E'KF 403'),
      (89,E'Malone/Munroe',NULL),
      (90,E'Neivandt',NULL),
      (91,E'Cook',NULL),
      (92,E'Wren',NULL),
      (93,E'Bowles',NULL),
      (94,E'McGavock/Clarke/Frank',E'GN 296'),
      (95,E'Pearce/Hutcheson',E'PE 717'),
      (96,E'Bagg',NULL),
      (97,E'Maher/McCann',NULL),
      (98,E'McCluskey',E'EX 338'),
      (99,E'Condely/Rich',E'AFP210N'),
      (100,E'McKay',NULL),
      (101,E'Carolle/Ferret',NULL),
      (102,E'Parker/Crow',NULL),
      (103,E'Prosser/Laverty',E'VX663N'),
      (104,E'Lawler/Mitchell',E'AFF613N'),
      (105,E'Mathers/Bolch',E'NV 465'),
      (106,E'McCarthy/Steiger',NULL),
      (107,E'Stakelum/Beardon',E'QK 344'),
      (108,E'Johnson/Brown/Broad',E'MJ 30'),
      (109,E'Johnson/Graham/Partridge',E'MT 658'),
      (110,E'Gray/Hicks',NULL),
      (111,E'Spitty/Stevenson',NULL),
      (112,E'McKerrow',NULL),
      (113,E'O\'Brien',E'GQ 781'),
      (114,E'Thompson/Oliver',E'PQ 325'),
      (115,E'The Aristocrafs',NULL),
      (116,E'White',NULL),
      (117,E'S.T.P.M',E'GX 9008'),
      (118,E'Webb/Carter',NULL),
      (119,E'Hunter',NULL),
      (120,E'All the Kings Men',NULL),
      (121,E'Bray',NULL),
      (122,E'Spiteri',E'NV 305'),
      (123,E'Inness',E'BK 454'),
      (124,E'Heritage',E'KT 674'),
      (125,E'Bray/Greenwood',NULL),
      (126,E'Johns/Brown',E'IB 123'),
      (127,E'Dick',NULL),
      (128,E'Norton',NULL),
      (129,E'Fitt/van Groen',E'PB 874'),
      (130,E'Cook/Williams',NULL),
      (131,E'McNeil',NULL),
      (132,E'Stanton',NULL),
      (133,E'Stanton/McKenzie',NULL),
      (134,E'Battle',NULL),
      (135,E'Hartley',NULL),
      (136,E'Gray/Cowan',E'LW 752'),
      (137,E'Bowen/Herbert',E'MV 409'),
      (139,E'Hetherington',NULL),
      (140,E'Healey',E'QV 365'),
      (141,E'Deppeler/Kelly',E'EY 617'),
      (142,E'Mills/Simmonds',E'FK 939'),
      (143,E'Moore',NULL),
      (144,E'Broadhurst',NULL),
      (145,E'Henery',NULL),
      (146,E'Sharp',NULL),
      (147,E'McNeil',NULL),
      (148,E'Landers',NULL),
      (149,E'Martin/Kelly',E'LV 853'),
      (150,E'Fitz/Hill',E'NW 999'),
      (151,E'Sharp/Norris',E'FN 713'),
      (152,E'Yard',E'PN 674'),
      (153,E'Anderson/Monahan',NULL),
      (154,E'Ellis',E'HN 577'),
      (155,E'Parker/Rumbold',E'PY 823'),
      (156,E'Neville',NULL),
      (157,E'Philipps',NULL),
      (158,E'Buckland',NULL),
      (159,E'O\'Brien',NULL),
      (160,E'O\'Brien',NULL),
      (161,E'Carter',NULL),
      (162,E'Blake/Howlett',NULL),
      (1,E'Rowland',NULL),
      (2,E'Nethercote',E'DO 676'),
      (3,E'Gillingham/Ladgrove',E'MD 392'),
      (4,E'Matheson/Hogan',E'GD 542'),
      (5,E'Dixon',E'NV 889'),
      (6,E'Danson',NULL),
      (7,E'Leahy/Danson',NULL),
      (8,E'Burt/Boyle',E'DT 364'),
      (9,E'Dixon/Coles',E'NV 889'),
      (10,E'Nyholt',E'TBA'),
      (11,E'Frankling',E'UE 516'),
      (12,E'Waddell/Bluck',E'MH 420'),
      (13,E'Danson',E'N/A'),
      (14,E'Hazen',E'GS 871'),
      (15,E'Stubbs/Crane',E'CV'),
      (16,E'McKenzie/Hazen',NULL),
      (17,E'Fawcett',E'PX 669'),
      (18,E'McBeath',E'HP 855'),
      (19,E'Schembri',E'QG 675'),
      (20,E'Williams/McGowan',E'PW 810'),
      (21,E'Bray',NULL),
      (22,E'Hamlyn-Harris/McKenzie',E'PS 448'),
      (23,E'Hosken/Bibby',E'LN 560'),
      (24,E'Height/Goulding',E'LB 790'),
      (25,E'Peirce',E'ABE237N'),
      (26,E'Stubbs/Moon',E'MX 904'),
      (27,E'Mitchell',E'PH 706'),
      (28,E'Connell/Joyce',E'QX 310'),
      (29,E'Fletcher',NULL),
      (30,E'Stacey/Whinfield',NULL),
      (31,E'Malone',E'JJ 596'),
      (32,E'Fauaro/Bailey',E'PM 396'),
      (33,E'Grumont/Ficnerski',E'MT 643'),
      (34,E'Roberts/Cummings/Reid',E'AN 000'),
      (35,E'Rosser/Woods',E'NZ 626'),
      (36,E'Dunstan/Munter',E'NZ 626'),
      (37,E'Woods/Anderson',E'NZ 626'),
      (38,E'Turvey/Leggett',E'JS 765'),
      (39,E'Henry',NULL),
      (40,E'Buckell/Dillon',E'QL 834'),
      (41,E'den Houting',NULL),
      (42,E'Coobs',NULL),
      (43,E'Collicoat/Collier',E'HS 873'),
      (44,E'Shay/Johnson',E'VE 193'),
      (45,E'Bluck/Hobbs',E'JW 726'),
      (46,E'Gilbert',E'JW 726'),
      (47,E'Wilson',NULL),
      (48,E'Collicoat',E'QJ 575'),
      (49,E'Semmler/Faint',NULL),
      (50,E'Neville',E'UN 264'),
      (51,E'McKerrow',NULL),
      (52,E'Harvey',E'QK 848'),
      (53,E'Morgan/Francis',NULL),
      (54,E'McKenzie',NULL),
      (55,E'Challis/Wagner',E'PX 590'),
      (56,E'Ridley/Redmond',E'CS 533'),
      (57,E'Coles/Allan',E'FN 444'),
      (58,E'Pryor',E'FP 929'),
      (59,E'Solomano/Kelson',E'GF 920'),
      (60,E'McNeil',NULL),
      (61,E'Patterson',NULL),
      (62,E'Petzke/Peel',E'CV 635'),
      (63,E'Heffer/Smtih',E'GU 368'),
      (64,E'Sarre',NULL),
      (65,E'Malseed/Micallef/Ward',E'DG 132'),
      (66,E'Thompson',NULL),
      (67,E'Semmler',E'ET 451'),
      (68,E'Daykin/Wheelhouse',E'PQ 609'),
      (69,E'Phillips/Brown',E'QT 853');



DROP TABLE IF EXISTS "catch";

CREATE TABLE "catch" (
    "catch_id" INTEGER PRIMARY KEY,
    "fish_type" TEXT,
    "competitor_id" INTEGER,
    "size" DOUBLE PRECISION,
    "date" TIMESTAMP,
    "time" TIMESTAMP,
    "marshall" TEXT,
    "bait" TEXT,
    "location" DOUBLE PRECISION
);

INSERT INTO "catch"("catch_id","fish_type","competitor_id","size","date","time","marshall","bait","location")
VALUES(2,E'Yellowbelly',244,47.5,E'2014-03-15 00:00:00',E'1899-12-30 11:20:00',E'Scott McNeil',E'Worms',5),
      (3,E'Yellowbelly',195,39.5,E'2014-03-15 00:00:00',E'1899-12-30 12:45:00',E'Scott McNeil',E'Shrimp',4),
      (4,E'Yellowbelly',63,36.5,E'2014-03-15 00:00:00',E'1899-12-30 15:30:00',E'Scott McNeil',E'Yabby',4),
      (5,E'Yellowbelly',150,30,E'2014-03-15 00:00:00',E'1899-12-30 15:50:00',E'Ryan Edward',E'Worms',6),
      (6,E'Yellowbelly',111,35,E'2014-03-15 00:00:00',E'1899-12-30 16:17:00',E'Ryan Edwards',E'Shrimp',5),
      (7,E'Carp',122,68.5,E'2014-03-15 00:00:00',E'1899-12-30 16:26:00',E'Ryan Edwards',E'Chicken',6),
      (8,E'Carp',43,46.5,E'2014-03-15 00:00:00',E'1899-12-30 08:32:00',E'Nathan Henry',E'Shrimp',6.5),
      (9,E'Yellowbelly',224,31.5,E'2014-03-15 00:00:00',E'1899-12-30 10:30:00',E'Travis McMahon',E'Shrimp',9),
      (10,E'Murray Cod',101,75,E'2014-03-15 00:00:00',E'1899-12-30 11:50:00',E'Travis McMahon',E'Grub',9),
      (11,E'Yellowbelly',4,33.5,E'2014-03-15 00:00:00',E'1899-12-30 14:55:00',E'Brent McKnight',E'Shrimp',7),
      (12,E'Yellowbelly',124,47,E'2014-03-15 00:00:00',E'1899-12-30 16:14:00',E'Daniel Nethicoate',E'Yabby',7),
      (13,E'Yellowbelly',3,40.5,E'2014-03-15 00:00:00',E'1899-12-30 08:56:00',E'Rhys Neville',E'Worms',4),
      (14,E'Yellowbelly',302,30,E'2014-03-15 00:00:00',E'1899-12-30 09:03:00',E'Rhys Neville',E'Worms',3),
      (15,E'Carp',77,41.5,E'2014-03-15 00:00:00',E'1899-12-30 09:10:00',E'Rhys Neville',E'Steak',2),
      (16,E'Yellowbelly',94,30,E'2014-03-15 00:00:00',E'1899-12-30 09:30:00',E'Rhys Neville',E'Shrimp',5),
      (17,E'Yellowbelly',255,30,E'2014-03-15 00:00:00',E'1899-12-30 09:45:00',E'Rhys Neville',E'Worms/Shrimp',4),
      (18,E'Yellowbelly',204,46,E'2014-03-15 00:00:00',E'1899-12-30 10:46:00',E'Rhys Neville',E'Yabby',4),
      (19,E'Carp',272,46,E'2014-03-15 00:00:00',NULL,E'Kristian Bray',E'Lure',2),
      (21,E'Yellowbelly',255,39.5,E'2014-03-15 00:00:00',E'1899-12-30 14:30:00',E'Kristian Bray',E'Worms/Shrimp',2),
      (22,E'Yellowbelly',302,37,E'2014-03-15 00:00:00',E'1899-12-30 15:00:00',E'Kristian Bray',E'Worms/Shrimp',1),
      (23,E'Murray Cod',31,71.5,E'2014-03-15 00:00:00',E'1899-12-30 16:00:00',E'Peter McDonald',E'Grub',2),
      (24,E'Yellowbelly',132,47,E'2014-03-15 00:00:00',E'1899-12-30 17:30:00',E'Peter McDonald',E'Shrimp',6),
      (25,E'Murray Cod',233,82.5,E'2014-03-15 00:00:00',E'1899-12-30 08:10:00',E'Sam Harvey',E'Grub',10),
      (26,E'Yellowbelly',25,31.5,E'2014-03-15 00:00:00',E'1899-12-30 08:30:00',E'Sam Harvey',E'Worms/Shrimp',12),
      (27,E'Carp',122,57,E'2014-03-15 00:00:00',E'1899-12-30 08:45:00',E'Sam Harvey',E'Shrimp',11),
      (28,E'Yellowbelly',25,32,E'2014-03-15 00:00:00',E'1899-12-30 09:10:00',E'Sam Harvey',NULL,10),
      (29,E'Yellowbelly',25,30,E'2014-03-15 00:00:00',E'1899-12-30 09:15:00',E'Sam Harvey',NULL,10),
      (30,E'Yellowbelly',201,32.5,E'2014-03-15 00:00:00',E'1899-12-30 10:00:00',E'Sam Harvey',E'Yabby',10),
      (31,E'Yellowbelly',238,38,E'2014-03-15 00:00:00',E'1899-12-30 10:55:00',E'Sam Harvey',E'Worms',12),
      (32,E'Yellowbelly',180,32,E'2014-03-15 00:00:00',E'1899-12-30 11:15:00',E'Sam Harvey',NULL,11),
      (33,E'Murray Cod',167,68,E'2014-03-15 00:00:00',E'1899-12-30 13:46:00',E'Matthew Webb',E'Grub',10),
      (34,E'Yellowbelly',36,49,E'2014-03-15 00:00:00',E'1899-12-30 15:29:00',E'Matthew Webb',E'Worms',11),
      (35,E'Yellowbelly',25,41.5,E'2014-03-15 00:00:00',E'1899-12-30 17:30:00',E'Nick Hein',E'Worms/Shrimp',11),
      (36,E'Yellowbelly',171,39,E'2014-03-15 00:00:00',E'1899-12-30 12:25:00',E'Matthew Webb',E'Worms',11),
      (37,E'Yellowbelly',6,37,E'2014-03-16 00:00:00',E'1899-12-30 11:00:00',E'Sam Harvey',E'Lure',11),
      (38,E'Yellowbelly',255,30.5,E'2014-03-16 00:00:00',E'1899-12-30 10:00:00',E'Nathan McKnight',E'Worms/Shrimp',9),
      (39,E'Carp',22,58,E'2014-03-16 00:00:00',E'1899-12-30 10:30:00',E'Nathan McKnight',E'Shrimp',12),
      (40,E'Yellowbelly',170,38,E'2014-03-16 00:00:00',E'1899-12-30 09:15:00',E'Scott McNeil',E'Worms/Shrimp',5.5),
      (41,E'Yellowbelly',37,38,E'2014-03-16 00:00:00',E'1899-12-30 09:30:00',E'Scott McNeil',E'Shrimp',4),
      (42,E'Murray Cod',260,67,E'2014-03-16 00:00:00',E'1899-12-30 10:40:00',E'Neil Hopkins',E'Cheese',7),
      (43,E'Carp',84,69,E'2014-03-16 00:00:00',E'1899-12-30 09:23:00',E'Daniel Nethicoate',E'Shrimp',8.5);



DROP TABLE IF EXISTS "competitor";

CREATE TABLE "competitor" (
    "competitor_id" INTEGER PRIMARY KEY,
    "boat_id" INTEGER,
    "firstname" TEXT,
    "surname" TEXT,
    "address" TEXT,
    "suburb" TEXT,
    "state" TEXT,
    "postcode" TEXT,
    "phone" TEXT,
    "fax" TEXT,
    "mobile" TEXT,
    "email" TEXT,
    "paid" BOOLEAN,
    "junior" BOOLEAN
);

INSERT INTO "competitor"("competitor_id","boat_id","firstname","surname","address","suburb","state","postcode","phone","fax","mobile","email","paid","junior")
VALUES(40,25,E'Steven',E'Peirce',E'64 Finlay Rd',E'Thurgoona',E'NSW',E'2640',NULL,NULL,E'0427 799 006',E'speirce@hotmail.com',TRUE,FALSE),
      (41,26,E'David',E'Stubbs',E'PO Box 226',E'Kerang',E'VIC',E'3579',E'5452 2525',NULL,E'0407 506 002',NULL,TRUE,FALSE),
      (42,26,E'Kevin',E'Moon',E'PO Box 306',E'Kerang',E'VIC',E'3579',NULL,NULL,E'0458 420 511',NULL,TRUE,FALSE),
      (43,27,E'Caine',E'Mitchell',E'32 Tyler Cres',E'Tarneit',E'VIC',E'3029',NULL,NULL,E'0448 987 047',E'caine_mitchell76@hotmail.com',TRUE,FALSE),
      (44,28,E'Daniel',E'Connell',E'2 Tulloch Crt',E'Bacchus Marsh',E'VIC',E'3340',NULL,NULL,E'0431 249 933',E'danieltconnell89@gmail.com',TRUE,FALSE),
      (45,28,E'Greg',E'Joyce',E'2 Warain Crt',E'Werribee',E'VIC',E'3030',NULL,NULL,E'0413 463 695',E'lordrataxes@hotmail.com',TRUE,FALSE),
      (46,29,E'Brenden',E'Fletcher',E'4 Sweeney St',E'Bendigo',E'VIC',E'3550',NULL,NULL,NULL,NULL,TRUE,FALSE),
      (47,30,E'Terry',E'Stacey',E'PO Box 182',E'Kerang',E'VIC',E'3579',E'54522205',NULL,E'0428 503 377',NULL,TRUE,FALSE),
      (48,30,E'Philip',E'Whinfield',E'Unit 1 20 Hawthorne Drive',E'Hoppers Crossing',E'VIC',E'3029',E'9748 5448',NULL,NULL,NULL,TRUE,FALSE),
      (49,31,E'Cameron',E'Malone',E'96 Redbank Rd',E'Seymour',E'VIC',E'3660',E'03 5792 3002',E'03 5792 3002',E'0400 591 332',E'cammi_76@hotmail.com',TRUE,FALSE),
      (50,31,E'Damian',E'Malone',E'219 High St',E'Nagambie',E'VIC',E'3608',NULL,NULL,E'0438 923 002',E'damiangregorymalone@hotmail.com',TRUE,FALSE),
      (51,32,E'Daniel',E'Fauaro',E'26 Farrell St',E'New Gisborne',E'VIC',E'3438',NULL,NULL,E'0434 552 640',NULL,TRUE,FALSE),
      (52,32,E'James',E'Bailey',E'209 Sheedy Rd',E'Gisborne',E'VIC',E'3437',NULL,NULL,E'0437 035 180',NULL,TRUE,FALSE),
      (53,33,E'William',E'Grumont',E'14 Pleasant View Ct',E'Gisborne',E'VIC',E'3437',NULL,NULL,E'0416 155 334',E'will_grumont@yahoo.com.au',TRUE,FALSE),
      (54,33,E'Ben',E'Ficnerski',E'Unit 2/56 Goode St',E'Gisborne',E'VIC',E'3437',NULL,NULL,E'0410 668 407',E'benny1277@hotmail.com',TRUE,FALSE),
      (55,34,E'Ben',E'Roberts',E'42 Kilmore Rd',E'Gisborne',E'VIC',E'3437',NULL,NULL,E'0401 542 496',E'brobertsplumbing@bigpond.com',TRUE,FALSE),
      (56,34,E'Dean',E'Cummings',E'PO Box 947',E'Gisborne',E'VIC',E'3437',NULL,NULL,E'0400 052 901',E'reelhomes@gmail.com',TRUE,FALSE),
      (57,35,E'Paul',E'Rosser',E'9 Honour St',E'Craigieburn',E'VIC',E'3064',NULL,NULL,E'0437 729 906',NULL,TRUE,FALSE),
      (58,35,E'Tim',E'Woods',E'1 Bayfield Drive',E'Elthem',E'VIC',E'3095',NULL,NULL,E'0432 347 604',NULL,TRUE,FALSE),
      (59,36,E'Bruce',E'Dunstan',E'1 Nyora Road',E'Eltham',E'VIC',E'3095',NULL,NULL,E'0413 949 027',NULL,TRUE,FALSE),
      (60,36,E'Rob',E'Munter',NULL,NULL,NULL,NULL,NULL,NULL,E'0409 350 175',NULL,TRUE,FALSE),
      (61,37,E'Michael',E'Woods',E'1 Bayfield Drive',E'Eltham',E'VIC',E'3095',NULL,NULL,E'0427 184 794',NULL,TRUE,FALSE),
      (62,37,E'Jim',E'Anderson',E'2 Macdonald Place',E'Sunbury',E'VIC',E'3429',NULL,NULL,E'0414 552 753',NULL,TRUE,FALSE),
      (63,38,E'Harry',E'Turvey',E'5 Lyall Ave',E'Kerang',E'VIC',E'3579',E'5452 1945',NULL,E'0427 521 945',NULL,TRUE,FALSE),
      (64,38,E'Heath',E'Leggett',E'95 Lilac Ave',E'Kerang',E'VIC',E'3579',NULL,NULL,E'0402 800 324',NULL,TRUE,FALSE),
      (1065,39,E'Greg',E'Henry',E'324 Murrabit West Rd',E'Gonn Crossing',E'VIC',E'3579',NULL,NULL,E'0418 511 953',NULL,TRUE,FALSE),
      (66,40,E'Peter',E'Buckell',E'10 Botany Drive',E'Junortown',E'VIC',E'3551',NULL,NULL,E'0401 429 382',NULL,TRUE,FALSE),
      (67,40,E'Damien',E'Dillon',E'290 Woodward Rd',E'Golden Square',E'VIC',E'3550',NULL,NULL,E'0406 099 744',NULL,TRUE,FALSE),
      (68,41,E'Greg',E'den Houting',E'17 Penglase Street',E'Koondrook',E'VIC',E'3580',E'03 5453 1542',NULL,NULL,NULL,TRUE,FALSE),
      (69,42,E'Mick',E'Coobs',E'1 Shannon Rd',E'Kerang',E'VIC',E'3579',E'5452 1650',NULL,E'0400 874 233',NULL,TRUE,FALSE),
      (70,43,E'Greame',E'Collicoat',E'20 Tullaroop Rd',E'Maryborough',E'VIC',E'3465',NULL,NULL,E'0417 851 202',NULL,TRUE,FALSE),
      (71,43,E'Sandra',E'Collier',E'20 Tullaroop Rd',E'Maryborough',E'VIC',E'3465',NULL,NULL,E'0417 851 202',NULL,TRUE,FALSE),
      (72,44,E'Peter',E'Shay',E'116 Queens Ave',E'Maryborough',E'VIC',E'3465',NULL,NULL,E'0427 612 790',NULL,TRUE,FALSE),
      (73,44,E'Len',E'Johnson',E'24 Majorca Rd',E'Maryborough',E'VIC',E'3465',E'03 5461 3482',NULL,NULL,NULL,TRUE,FALSE),
      (74,12,E'Kevin',E'Bluck',E'18 Hadley Drv',E'Wallan',E'VIC',E'3756',E'03 5783 1872',NULL,E'0438 447 103',E'kbluck@bigpond.net.au',TRUE,FALSE),
      (75,45,E'Jessica',E'Bluck',E'18 Hadley Drv',E'Wallan',E'VIC',E'3756',E'03 5783 1872',NULL,E'0424 285 448',NULL,TRUE,FALSE),
      (76,45,E'Matt',E'Altschwager',E'52 Murraboor',E'Lake Boga',E'VIC',E'3584',NULL,NULL,E'0412487855',NULL,TRUE,FALSE),
      (77,46,E'Garry',E'Gilbert',E'5 Lisa Place',E'Wallan',E'VIC',E'3756',NULL,NULL,E'0458 230 615',E'g.a.bilbert@bigpond.com',TRUE,FALSE),
      (309,46,E'Nathan',E'Gilbert',E'5 Lisa Place',E'Wallan',E'VIC',E'3756',NULL,NULL,E'0458 230 615',NULL,FALSE,TRUE),
      (79,47,E'Scott',E'Wilson',E'9 David Ave',E'East Keilor',E'VIC',E'3033',E'9336 0121',NULL,E'0431 628 064',E'marbig30@bigpond.com',TRUE,FALSE),
      (80,48,E'Dean',E'Collicoat',E'42 Sutton Rd',E'Maryborough',E'VIC',E'3465',E'5461 3274',NULL,E'0417 200 391',NULL,TRUE,FALSE),
      (81,48,E'Jayden',E'Collicoat',E'42 Sutton Rd',E'Maryborough',E'VIC',E'3465',E'5461 3274',NULL,E'0417 200 391',NULL,TRUE,TRUE),
      (82,48,E'Ian',E'Collicoat',E'42 Sutton Rd',E'Maryborough',E'VIC',E'3465',E'5461 3274',NULL,E'0417 200 391',NULL,TRUE,FALSE),
      (83,34,E'Shamus',E'Reid',E'28 Goode St',E'Gisborne',E'VIC',E'3437',NULL,NULL,E'0431 289 545',E'shamus@rangesplumbing.com.au',TRUE,FALSE),
      (84,49,E'Jamie',E'Semmler',E'1751 Koondrook Murrabit Rd',E'Murrabit',E'VIC',E'3579',E'5457 2295',NULL,E'0411 585 716',NULL,TRUE,FALSE),
      (85,49,E'Justin',E'Faint',E'RSD',E'Waterloo',E'SA',E'5413',NULL,NULL,E'0428 884 238',NULL,TRUE,FALSE),
      (86,50,E'Wayne',E'Neville',E'53 Nugget St',E'Kerang',E'VIC',E'3579',E'5452 1125',NULL,E'0407 557 335',E'tigenev@hotmail.com',TRUE,FALSE),
      (87,50,E'Ryan',E'Neville',E'15 Midas Court',E'Strathfieldsaye',E'VIC',E'3551',NULL,NULL,E'0427 121 125',E'nevsta@gmail.com',TRUE,FALSE),
      (1088,NULL,E'Rowan',E'McKerrow',E'174 McKerrow Rd',E'Benjeroop',E'VIC',E'3579',NULL,NULL,NULL,NULL,FALSE,FALSE),
      (1089,52,E'Ron',E'Harvey',E'29 Yarrien St',E'Barham',E'NSW',E'2732',E'5453 2179',NULL,NULL,NULL,TRUE,FALSE),
      (90,53,E'Michael',E'Morgan',E'18 Heysen Drive',E'Sunbury',E'VIC',E'3429',NULL,NULL,E'0433 972 760',NULL,TRUE,FALSE),
      (91,53,E'Bruce',E'Francis',E'21 Eureka Road',E'Diggers Rest',E'VIC',E'3427',NULL,NULL,E'0432 451 484',E'sunpowder@bigpond.com',TRUE,FALSE),
      (92,54,E'Sharon',E'McKenzie',E'36 Park Road',E'Lake Charm',E'VIC',E'3581',NULL,NULL,E'0400 960 314',NULL,TRUE,FALSE),
      (93,55,E'Jack',E'Challis',E'PO Box 37',E'Murrabit',E'VIC',E'3579',E'5457 2494',E'5457 2494',E'0427 570 309',NULL,TRUE,FALSE),
      (94,55,E'Chris',E'Wagner',E'473 Tannery Lane',E'Strathfieldsaye',E'VIC',E'3551',NULL,NULL,E'0427 413 795',NULL,TRUE,FALSE),
      (95,56,E'Tracey',E'Ridley',E'52 Sussex St',E'Linton',E'VIC',E'3360',E'5344 7213',NULL,E'0419 388 486',NULL,TRUE,FALSE),
      (96,56,E'Bill',E'Redmond',E'c/o 52 Sussex St',E'Linton',E'VIC',E'3360',NULL,NULL,E'0409 883 106',NULL,TRUE,FALSE),
      (97,57,E'Nick',E'Coles',E'16 Mill St',E'Wycheproof',E'VIC',E'3527',NULL,NULL,E'0439 662 550',E'nickcoles21@hotmail.com',TRUE,FALSE),
      (98,57,E'Phillip',E'Allan',E'Chapel St',E'Wycheproof',E'VIC',E'3527',NULL,NULL,E'0429 881 328',NULL,TRUE,FALSE),
      (99,58,E'Steve',E'Pryor',E'27 Lawson Drive',E'Moama',E'NSW',E'2781',NULL,NULL,E'0407 509 023',E'steve.pryor52@gmail.com',TRUE,FALSE),
      (100,58,E'Peter',E'Pryor',E'12 Wilson Street',E'Swan Hill',E'VIC',E'3485',NULL,NULL,E'029 336 014',E'poider49bigpond.com',TRUE,FALSE),
      (101,59,E'Glenn',E'Solomano',E'73 Eaglehawk Rd',E'Bendigo',E'VIC',E'3550',NULL,NULL,E'0418 459 985',E'glenns2502@gmail.com',TRUE,FALSE),
      (102,59,E'Steve',E'Kelson',E'3/2 Smally St',E'Cal Gully',E'VIC',E'3550',NULL,NULL,E'0419 884 993',E'stkeli@hotmail.com',TRUE,FALSE),
      (103,12,E'Ian',E'Levitt',E'47 Borrack Crescent',E'Mernda',E'VIC',E'3754',NULL,NULL,E'0403 991 867',NULL,TRUE,FALSE),
      (1104,NULL,E'Ray',E'McNeil',E'730 Myall Road',E'Myall',E'VIC',E'3579',E'5457 0252',E'5457 0314',E'0458 108 028',E'hawkes.dale@bigpond.com',TRUE,FALSE),
      (105,61,E'Stephen',E'Patterson',E'28 Bayshore Avenue',E'Clipton Spring',E'VIC',E'3222',NULL,NULL,E'0406 239 166',E'sjpatterson007@bigpond.com',TRUE,FALSE),
      (106,62,E'Wayne',E'Petzke',E'7 Frances Court',E'Sale',E'VIC',E'3850',E'03 5146 7282',E'03 5146 7188',E'0438 306 211',E'wayne.petzke@defence.gov.au',TRUE,FALSE),
      (107,62,E'James',E'Peel',E'30 Flannery Rd',E'Lockwood',E'VIC',E'3551',E'5435 3535',NULL,E'0428 353 535',E'toto95@bigpond.com',TRUE,FALSE),
      (1,1,E'Graham',E'Rowland',E'20 Prominence Bvd',E'Tarneit',E'VIC',E'3029',NULL,NULL,E'0429 372 534',E'growland2009@hotmail.com',TRUE,FALSE),
      (1002,2,E'Daniel',E'Nethercote',E'1095 Lake Charm Rd',E'Benjeroop',E'VIC',E'3579',NULL,NULL,E'0439 396 670',E'rabjen1@bigpond.com',TRUE,FALSE),
      (3,3,E'Jeff',E'Gillingham',E'Lake Charm East Rd',E'Lake Charm',E'VIC',E'3581',NULL,NULL,E'0428 500 702',NULL,TRUE,FALSE),
      (4,3,E'Peter',E'Ladgrove',E'7 Cullen St',E'Kerang',E'VIC',E'3579',E'5452 2724',NULL,NULL,NULL,TRUE,FALSE),
      (5,4,E'Nigel',E'Matheson',E'PO Box 38',E'Wycheproof',E'VIC',E'3527',E'5493 7748',E'5493 7748',E'0407 977 748',NULL,TRUE,FALSE),
      (6,4,E'John',E'Hogan',E'PO Box 38',E'Wycheproof',E'VIC',E'3527',E'5493 7748',E'5493 7748',E'0407 977 748',NULL,TRUE,FALSE),
      (7,5,E'Kris',E'Dixon',E'14 Waugh St',E'Charlton',E'VIC',E'3525',E'(03) 54 911 153',NULL,E'0427 364 566',E'kris.dixon@landmark.com.au',TRUE,FALSE),
      (312,5,E'Bailey',E'Dixon',E'14 Waugh St',E'Charlton',E'VIC',E'3525',E'(03) 54 911 153',NULL,NULL,NULL,TRUE,TRUE),
      (9,6,E'Wes',E'Danson',E'48 Forest Street',E'Barham',E'NSW',E'2732',NULL,NULL,E'0427 887 949',E'wes.danson@hotmail.com',TRUE,FALSE),
      (301,6,E'Aaron',E'Danson',E'48 Forest Street',E'Barham',E'NSW',E'2732',NULL,NULL,NULL,NULL,TRUE,TRUE),
      (11,7,E'Andrew',E'Leahy',NULL,E'Murrabit',E'VIC',E'3579',NULL,NULL,NULL,NULL,TRUE,FALSE),
      (12,7,E'Snow',E'Danson',E'2368',E'Murrabit',E'VIC',E'3579',NULL,NULL,NULL,NULL,TRUE,FALSE),
      (13,8,E'David',E'Burt',E'23 Janelle Drive',E'Maiden Gully',E'VIC',E'3551',E'5449 7078',NULL,E'0439 712 258',NULL,TRUE,FALSE),
      (14,8,E'Adam',E'Boyle',E'23 Janelle Drive',E'Maiden Gully',E'VIC',E'3551',E'5449 7078',NULL,NULL,NULL,TRUE,FALSE),
      (15,9,E'Ossie',E'Dixon',E'17 Kathleen Tce',E'Maiden Gully',E'VIC',E'3551',E'5449 6310',NULL,NULL,E'ossiedix@bigpond.com',TRUE,FALSE),
      (16,9,E'Graeme',E'Coles',E'8 Prospect St',E'Wycheproof',E'VIC',E'3527',E'5493 7513',NULL,E'0408 937 480',NULL,TRUE,FALSE),
      (17,10,E'Dominic',E'Nyholt',E'2 Martine Court',E'Hoppers Crossing',E'VIC',E'3029',NULL,NULL,E'0411 606 192',NULL,TRUE,FALSE),
      (18,11,E'Rowan',E'Frankling',E'335 Cobramunga Rd',E'Murrabit',E'VIC',E'3579',E'5457 2344',E'5457 2355',E'0428 841 699',E'juliefrankling@bigpond.com',TRUE,FALSE),
      (19,11,E'Todd',E'Frankling',E'335 Cobramunga Rd',E'Murrabitc',E'VIC',E'3579',NULL,NULL,E'0487 270 742',NULL,TRUE,FALSE),
      (20,12,E'Dave',E'Waddell',E'65 Station St',E'Wallan',E'VIC',E'3756',NULL,NULL,E'0400 669 002',E'frog.1974@hotmail.com',TRUE,FALSE),
      (21,13,E'Jim',E'Danson',E'174 Dunbar Road',E'Murrabit',E'VIC',E'3579',E'03 5457 2367',E'03 5457 2367',E'0427 572 367',NULL,TRUE,FALSE),
      (22,16,E'Bill',E'Hazen',E'c/o Murrabit PO',E'Murrabit',E'VIC',E'3579',E'5457 2213',NULL,NULL,NULL,TRUE,FALSE),
      (23,15,E'Colin',E'Stubbs',E'18 Moore St',E'Hamilton',E'VIC',E'3300',NULL,NULL,E'0428 528 614',E'coldawm1@bigpond.com',TRUE,FALSE),
      (24,15,E'Peter',E'Crane',E'Kent Road',E'Hamilton',E'VIC',E'3300',E'03 5572 5194',NULL,NULL,NULL,TRUE,FALSE),
      (25,16,E'Rick',E'McKenzie',E'511 River Road',E'Murrabit',E'VIC',E'3579',E'5457 2232',NULL,E'0427 989 236',NULL,TRUE,FALSE),
      (26,17,E'Cameron',E'Fawcett',E'601 Nullawil-Lalbert Rd',E'Kalpienung',E'VIC',E'3529',E'03 5493 5211',E'03 5493 5211',E'0409 696 799',E'angcam1@bigpond.com',TRUE,FALSE),
      (27,17,E'Jack',E'Fawcett',E'1370 Nullawil-Quambatook Rd',E'Towaninnie',E'VIC',E'3527',E'03 5493 5200',NULL,E'0407 935 201',NULL,TRUE,FALSE),
      (28,18,E'Malcolm',E'McBeath',E'21 Katunga Nth Rd',E'Katunga',E'VIC',E'3640',NULL,NULL,E'0427 096 520',NULL,TRUE,FALSE),
      (29,135,E'Patrick',E'Joyce',E'171 Nashs Road',E'Yea',E'VIC',E'3717',NULL,NULL,E'0434 559 101',E'pjoyce89@icloud.com',TRUE,FALSE),
      (30,19,E'Chris',E'Schembri',E'9 Francis Cresent',E'Gisborne',E'VIC',E'3437',NULL,NULL,E'0417 338 604',E'chrisjschembri',TRUE,FALSE),
      (31,20,E'Luke',E'Williams',E'31 Willoughby St',E'Murchison',E'VIC',E'3610',NULL,NULL,E'0447 520 810',NULL,TRUE,FALSE),
      (32,20,E'Daniel',E'McGowan',E'5 Fletcher Avenue',E'Mooroopna',E'VIC',E'3629',NULL,NULL,E'0401 024 377',NULL,TRUE,FALSE),
      (1033,21,E'Kristian',E'Bray',E'161 Boundary St',E'Kerang',E'VIC',E'3579',NULL,NULL,E'0427 421 018',NULL,TRUE,FALSE),
      (34,22,E'Shane',E'Hamlyn-Harris',E'PO Box 65',E'Quambatook',E'VIC',E'3540',E'5457 1393',E'5457 1393',E'0488 577 153',NULL,TRUE,FALSE),
      (35,22,E'Darryl',E'McKenzie',E'18 Kerang Rd',E'Quambatook',E'VIC',E'3540',E'5457 1204',NULL,E'0429 809 745',NULL,TRUE,FALSE),
      (36,23,E'Darren',E'Hosken',E'19 Raitt Rd',E'Stawell',E'VIC',E'3380',E'03 5358 3898',NULL,E'0408 768 186',E'djmjhosken6@bigpond.com',TRUE,FALSE),
      (37,23,E'Scott',E'Bibby',E'223 Thacker St',E'Ocean Grove',E'VIC',E'3226',E'5256 1904',NULL,E'0408 386 351',NULL,TRUE,FALSE),
      (38,24,E'Peter',E'Height',E'269 Brown Road',E'Echuca',E'VIC',E'3564',E'5483 5306',NULL,E'0408 505 426',E'height1@bigpond.com',TRUE,FALSE),
      (39,24,E'James',E'Goulding',E'R. Peaces Rd',E'Leitchville',E'VIC',E'3567',NULL,NULL,E'0418 568 969',E'ailsaree@bigpond.com',TRUE,FALSE),
      (108,63,E'Peter',E'Heffer',E'516 Murrabit West Rd',E'Murrabit',E'VIC',E'3579',E'03 5457 2278',NULL,E'0408 054 880',NULL,TRUE,FALSE),
      (109,63,E'Brian',E'Smith',E'514 Murrabit West Rd',E'Murrabit',E'VIC',E'3579',NULL,NULL,E'0417 522 060',NULL,TRUE,FALSE),
      (302,63,E'Tyson',E'Heffer',E'516 Murrabit West Rd',E'Murrabit',E'VIC',E'3579',E'03 5457 278',NULL,NULL,NULL,TRUE,TRUE),
      (111,64,E'Rick',E'Sarre',E'PO Box',E'Lake Charm',E'VIC',E'3581',NULL,NULL,E'0429 091 295',NULL,TRUE,FALSE),
      (112,65,E'Rob',E'Malseed',E'4 Church St',E'Murrabit',E'VIC',E'3579',NULL,NULL,E'0400 533 460',NULL,TRUE,FALSE),
      (113,65,E'Mathew',E'Micallef',NULL,NULL,NULL,NULL,NULL,NULL,NULL,NULL,TRUE,FALSE),
      (114,65,E'Shane',E'Ward',E'4 Church St',E'Murrabit',E'VIC',E'3579',NULL,NULL,NULL,NULL,TRUE,FALSE),
      (115,114,E'David',E'Thompson',E'456 River Rd',E'Gonn Crossing',E'VIC',E'3579',NULL,NULL,E'0428 463 054',NULL,TRUE,FALSE),
      (116,67,E'David',E'Semmler',E'106 Begelhole Rd',E'Murrabit',E'VIC',E'3579',E'03 5457 2470',NULL,E'0427 575 255',NULL,TRUE,FALSE),
      (117,68,E'Mick',E'Daykin',E'80 Burgoyne St',E'Huntly',E'VIC',E'3550',NULL,NULL,E'0438 243 432',NULL,TRUE,FALSE),
      (118,68,E'Paul',E'Wheelhouse',E'22 McIvor Forest Dve',E'Junortoun',E'VIC',E'3551',NULL,NULL,E'0427 353 093',NULL,TRUE,FALSE),
      (119,69,E'Darrell',E'Phillips',E'PO Box 1077',E'Echuca',E'VIC',E'3564',NULL,NULL,E'0413 126 442',NULL,TRUE,FALSE),
      (120,69,E'Trevor',E'Brown',E'581 Looker Rd',E'Echuca Village',E'VIC',E'3564',NULL,NULL,E'0448 835 241',NULL,TRUE,FALSE),
      (121,70,E'Paul',E'Rodaughan',E'22 Aquarius Avenue',E'Torquay',E'VIC',E'3228',NULL,NULL,E'0409 605 604',E'paul.rodaughan@anytimefitness.com.au',TRUE,FALSE),
      (122,71,E'Peter',E'Ritchie',E'13 Dellar St',E'Swan Hill',E'VIC',E'3585',NULL,NULL,E'0417 573 021',E'peterwritchie@mail.com',TRUE,FALSE),
      (123,71,E'Paul',E'Mason',E'c/- 13 Dellar St',E'Swan Hill',E'VIC',E'3585',E'5037 6623',NULL,E'0409 808 367',NULL,TRUE,FALSE),
      (124,72,E'Daryl',E'Bish',E'34 Jubilee St',E'Wycheproof',E'VIC',E'3527',E'5493 7595',NULL,E'0457 883 170',NULL,TRUE,FALSE),
      (125,73,E'Bill',E'Hollard',E'4 Station St',E'Koondrook',E'VIC',E'3580',E'5453 2786',NULL,E'0447 546 680',NULL,TRUE,FALSE),
      (126,73,E'Dale',E'Laursen',E'Grigg Rd',E'Koondrook',E'VIC',E'3580',E'5453 1232',NULL,NULL,NULL,TRUE,FALSE),
      (127,74,E'Barry',E'Tanner',E'2730 Bacchus Marsh/Balliang Road',E'Baccush Marsh',E'VIC',E'3340',E'03 5369 2263',NULL,E'0400 222 824',E'barry@boatcatch.com',TRUE,FALSE),
      (128,75,E'Daryl',E'Carter',E'49 Argile Road',E'Maryborough',E'VIC',E'3465',E'03 5460 5775',E'03 5460 5775',E'0428 613 741',E'catersengineering@gmail.com',TRUE,FALSE),
      (1129,NULL,E'Greg',E'Maher',E'20 Gonn Ave',E'Murrabit',E'VIC',E'3579',NULL,E'5457 2293',E'0408 500 988',NULL,FALSE,FALSE),
      (1130,NULL,E'Ricky',E'Maher',E'Murrabit West Road',E'Murrabit',E'VIC',E'3579',NULL,NULL,E'0408 596 704',NULL,FALSE,FALSE),
      (131,77,E'Peter',E'Colville',NULL,NULL,NULL,NULL,NULL,NULL,NULL,NULL,TRUE,FALSE),
      (132,78,E'Neville',E'Hunt',E'6 Lovey Drive',E'White Hills',E'VIC',E'3551',E'5448 4892',NULL,E'0418 539 925',E'nhunt@powercor.com.au',TRUE,FALSE),
      (133,78,E'Mathew',E'Forster',E'Egans Rd',E'Huntly',E'VIC',E'3551',E'5448 8910',NULL,E'0400 998 411',NULL,TRUE,FALSE),
      (134,79,E'Stephen',E'O\'Donoghue',E'277 Murrabit West Road',E'Murrabit',E'VIC',E'3579',E'5457 2264',NULL,E'0418 577 238',E'burrpark@bigpond.com',TRUE,FALSE),
      (141,79,E'Leigh',E'Forster',E'92 Victoria Street',E'Pyramid Hill',E'VIC',E'3575',E'5455 7554',NULL,E'0427 847 033',E'leighanddebby@bigpond.com',TRUE,FALSE),
      (135,80,E'Rory',E'White',E'4 Akins Rise',E'Golden Square',E'VIC',E'3555',NULL,NULL,E'0400 051 029',E'r.white@bendigo.vic.gov.au',TRUE,FALSE),
      (136,80,E'Rhys',E'McLennan',E'66 Norelle Cresent',E'Golden Square',E'VIC',E'3555',NULL,NULL,E'0419 774 226',NULL,TRUE,FALSE),
      (137,81,E'Tim',E'Millard',E'75 Cassidy Lane',E'Koondrook',E'VIC',E'3580',E'03 5453 3717',NULL,E'0417 346 431',E'timwmillard@gmail.com',TRUE,FALSE),
      (138,82,E'Dave',E'Mooney',E'13 Vistarini Road',E'Murrabit West',E'VIC',E'3579',NULL,NULL,E'0427 572 411',E'davidmooney2@bigpond.com',TRUE,FALSE),
      (139,83,E'Cameron',E'Place',E'69 Shetland Drive',E'Moama',E'NSW',E'2731',NULL,NULL,E'0400 451 166',E'cameron.place@bendigobank.com.au',TRUE,FALSE),
      (140,83,E'Nathan',E'Jobling',E'1/9 Collier St',E'Echuca',E'VIC',E'3564',NULL,NULL,E'0401 088 902',NULL,TRUE,FALSE),
      (142,84,E'Andrew',E'Bazzale',E'14 Echidna Road',E'Eltham',E'VIC',E'3095',NULL,NULL,E'0401 796 756',NULL,TRUE,FALSE),
      (143,84,E'Lachlan',E'Pearson',E'28 Nyora Road',E'Eltham',E'VIC',E'3095',NULL,NULL,E'0407 567 076',NULL,TRUE,FALSE),
      (144,85,E'Scott',E'McGowan',E'Jamieson Ave',E'Barham',E'NSW',E'2732',E'03 5453 1164',NULL,E'0428 532 456',NULL,TRUE,FALSE),
      (145,72,E'Max',E'Dillon',E'1437 Birchip/Wycheproof Rd',E'Narraport',E'VIC',E'3483',NULL,NULL,E'0417 381 830',E'max.dillon1@bigpond.com',TRUE,FALSE),
      (146,86,E'Jamie',E'Dignan',E'846 Ballan/Greendale Road',E'Greendale',E'VIC',E'3341',E'9743 7711',E'9743 7722',E'0410 605 960',E'wraps@wrapyourboat.com.au',TRUE,FALSE),
      (147,86,E'Nick',E'Hoenig',E'58 Elsie Jones Drive',E'Mooroopna',E'VIC',E'3629',NULL,NULL,E'0415 065 270',E'nhoenig@y7mail.com',TRUE,FALSE),
      (148,87,E'Danny',E'Bollard',E'42 MacDougall Rd',E'Bendigo',E'VIC',E'3550',E'5444 3404',NULL,E'0488 162 891',E'dannybollard@gmail.com',TRUE,FALSE),
      (303,87,E'Tayne',E'Bollard',E'42 MacDougall Rd',E'Bendigo',E'VIC',E'3550',E'5444 3404',NULL,NULL,NULL,TRUE,TRUE),
      (151,88,E'Robert',E'Tanaskovic',E'5 Druid Street',E'Golden Square',E'VIC',E'3555',E'03 5447 9190',NULL,E'0427 599 864',E'tank29@bigpond.com',TRUE,FALSE),
      (33,88,E'Dion',E'Duvoisin',E'50 Sailors Gully Rd',E'Eaglehawk',E'VIC',E'3550',NULL,NULL,NULL,NULL,TRUE,FALSE),
      (129,89,E'Adam',E'Malone',E'1 Datsun Place',E'Junorton',E'VIC',E'3551',NULL,NULL,E'0480 907 008',NULL,FALSE,FALSE),
      (130,89,E'Cameron',E'Munroe',NULL,NULL,NULL,NULL,NULL,NULL,NULL,NULL,FALSE,FALSE),
      (88,90,E'Paul',E'Neivandt',NULL,NULL,E'VIC',NULL,NULL,NULL,NULL,NULL,TRUE,FALSE),
      (209,91,E'Nathan',E'Woods',E'1 Bayfield Drive',E'Eltham',E'VIC',E'3095',NULL,NULL,E'0408 163 091',NULL,FALSE,FALSE),
      (249,92,E'Chris',E'Wren',E'Po Box 502',E'Mildura',E'VIC',E'3502',NULL,NULL,E'0419036396',NULL,FALSE,FALSE),
      (232,92,E'Brad',E'Wren',E'1621 Bearii East Rd',E'Strathmerton',E'VIC',E'3641',NULL,NULL,E'0427 572 413',NULL,FALSE,FALSE),
      (104,93,E'Neil',E'Bowles',E'43 Tampion Ave',E'Lalbert',E'VIC',E'3542',NULL,NULL,E'0427 515 589',NULL,TRUE,FALSE),
      (157,93,E'Nick',E'Bowles',E'43 Tampion Ave',E'Lalbert',E'VIC',E'3542',NULL,NULL,E'0427 515 589',NULL,TRUE,FALSE),
      (152,121,E'Bill',E'McGavock',E'20 Triplet Av',E'Epsom',E'VIC',E'3551',E'03 5434 9530',E'03 5434 9533',E'0419 704 378',E'bill.mcgavock@auspost.com.au',TRUE,FALSE),
      (153,94,E'Peter',E'Clarke',E'PO Box 2817',E'Bendigo',E'VIC',E'3550',NULL,NULL,E'0438 530 885',E'clarkes@graytech.com.au',TRUE,FALSE),
      (154,95,E'Craig',E'Pearce',E'66 Old Bridgewater Rd',E'Maiden Gully',E'VIC',E'3551',E'5435 2169',NULL,E'0418 511 483',NULL,TRUE,FALSE),
      (155,95,E'Peter',E'Hutcheson',E'66 Old Bridgewater Rd',E'Maiden Gully',E'VIC',E'3551',NULL,NULL,E'0409 235 250',NULL,TRUE,FALSE),
      (156,94,E'Cameron',E'Frank',E'1 Bowles Rd',E'Epsom',E'VIC',E'3551',NULL,NULL,E'0413 561 091',NULL,TRUE,FALSE),
      (1157,NULL,E'Geoff',E'McNeil',E'128 Westblade Rd Myall Via',E'Kerang',E'VIC',E'3579',E'03 5457 0282',E'03 5457 0363',E'0428 570 282',NULL,TRUE,FALSE),
      (158,96,E'Greg',E'Bagg',NULL,NULL,NULL,NULL,NULL,NULL,E'0438 525 032',NULL,TRUE,FALSE),
      (159,97,E'Vincent',E'Maher',NULL,E'Murrabit',E'VIC',E'3579',NULL,NULL,E'0408 596 703',NULL,TRUE,FALSE),
      (160,97,E'Peter',E'McCann',E'c/- PO',E'Murrabit',E'VIC',E'3579',NULL,NULL,NULL,NULL,TRUE,FALSE),
      (161,98,E'Garry',E'McCluskey',E'99 Victoria St',E'Kerang',E'VIC',E'3579',NULL,NULL,E'0438 522 705',NULL,TRUE,FALSE),
      (162,98,E'Craig',E'McCluskey',E'23 Sorrell Ct',E'Baranduda',E'VIC',E'3691',NULL,NULL,E'0409 503 244',NULL,TRUE,FALSE),
      (163,99,E'Mitch',E'Condely',E'73 Boundary Street',E'Kerang',E'VIC',E'3579',E'5452 2014',E'5452 2014',E'0447 731 981',NULL,TRUE,FALSE),
      (165,99,E'Russel',E'Rich',E'690 Davis Road',E'Tarneit',E'VIC',E'3029',E'9748 1287',E'5452 2014',E'0422 046 577',NULL,TRUE,FALSE),
      (164,99,E'Darren',E'Rich',E'690 Davis Road',E'Tarneit',E'VIC',E'3029',E'9748 1287',E'5452 2014',E'0423 522 531',NULL,TRUE,FALSE),
      (166,100,E'Graham',E'McKay',E'PO Box 51',E'Koondrook',E'VIC',E'3580',NULL,NULL,E'0428 667 749',NULL,TRUE,FALSE),
      (167,101,E'Max',E'Carroll',E'25 mackay Street',E'Essendon',E'VIC',E'3040',NULL,NULL,E'0412549152',NULL,TRUE,FALSE),
      (168,101,E'Ross',E'D\'Elton',E'25 Mckay street',E'Essendon',E'VIC',E'3040',NULL,NULL,NULL,NULL,TRUE,FALSE),
      (169,101,E'Peter',E'Hemmens',E'25 Mckay street',E'Essendon',E'VIC',E'3040',NULL,NULL,NULL,NULL,TRUE,FALSE),
      (170,102,E'Simon',E'Parker',E'1 Gemini Crt',E'Golden Square',E'VIC',E'3555',NULL,NULL,E'0404 516 700',E'simon841@live.com',TRUE,FALSE),
      (171,102,E'Peter',E'Crowe',E'24 Aspinall St',E'Golden Square',E'VIC',E'3555',NULL,NULL,E'0448 049 135',NULL,TRUE,FALSE),
      (172,103,E'Brodie',E'Prosser',E'2 Heritage Drive',E'Broadford',E'VIC',E'3658',NULL,NULL,E'0413 541 513',E'brodie_yz250@hotmail.com',TRUE,FALSE),
      (173,103,E'Troy',E'Laverty',E'2 Heritage Drive',E'Broadford',E'VIC',E'3658',NULL,NULL,E'0411 430 201',E'startrucker_69@hotmail.com',TRUE,FALSE),
      (174,104,E'Peter',E'Lawler',E'5 Endeavour Drive',E'Balranald',E'NSW',E'2715',E'03 5020 1687',NULL,E'0488 728 986',E'pjlawler@exemail.com.au',TRUE,FALSE),
      (175,104,E'Kevin',E'Mitchell',E'Mungo St',E'Balranald',E'NSW',E'2715',E'03 5020 1478',NULL,NULL,NULL,TRUE,FALSE),
      (176,105,E'Brady',E'Mathers',E'30 Jacka Rd',E'Cohuna',E'VIC',E'3568',E'5456 2473',NULL,E'0458 584 495',NULL,TRUE,FALSE),
      (177,105,E'Mat',E'Bolch',E'11 Kerang Rd',E'Cohuna',E'VIC',E'3568',NULL,NULL,E'0488 104 446',NULL,TRUE,FALSE),
      (178,106,E'Andrew',E'McCarthy',E'2 Wattle St',E'Alexandra',E'VIC',E'3714',E'5772 2194',NULL,E'0404 848 083',E'ajmpainting@bigpond.com',TRUE,FALSE),
      (179,106,E'Jake',E'Steiger',E'10 Wattle View Crt',E'Alexandra',E'VIC',E'3714',NULL,NULL,E'0488 589 762',NULL,TRUE,FALSE),
      (180,107,E'Des',E'Stakelum',E'168 Aspinal St',E'Kangaroo Flat',E'VIC',E'3555',NULL,NULL,E'0409 877 315',E'dstakelum@powercor.com.au',TRUE,FALSE),
      (181,107,E'Adam',E'Beardon',E'65 Dyson Rd',E'Manourang',E'VIC',E'3551',NULL,NULL,E'0427 234 054',E'adbeardon@powercor.com.au',TRUE,FALSE),
      (182,108,E'Matt',E'Johnson',E'30 Logan St',E'Maryborough',E'VIC',E'3465',NULL,NULL,E'0409 235 358',E'mattyjohnson77@hotmail.com',TRUE,FALSE),
      (183,108,E'Jason',E'Brown',NULL,E'Maryborough',E'VIC',E'3465',NULL,NULL,E'0407 501 077',NULL,TRUE,FALSE),
      (184,109,E'Brendan',E'Johnson',E'92 Nelson St',E'Maryborough',E'VIC',E'3465',NULL,E'5460 4129',E'0439 341 815',NULL,TRUE,FALSE),
      (185,109,E'Aaron',E'Graham',E'92 Nelson St',E'Maryborough',E'VIC',E'3465',NULL,NULL,E'0458 626 636',NULL,TRUE,FALSE),
      (187,109,E'Jason',E'Partridge',E'92 Nelson St',E'Maryborough',E'VIC',E'3465',NULL,NULL,NULL,NULL,TRUE,FALSE),
      (186,108,E'Tim',E'Broad',E'34 Pidgeon Gully Rd',E'Maryborough',E'VIC',E'3465',E'03 5461 2375',NULL,E'0427 301 119',NULL,TRUE,FALSE),
      (188,110,E'Andy',E'Gray',E'PO Box 168',E'Kerang',E'VIC',E'3579',NULL,NULL,E'0419 400 450',NULL,TRUE,FALSE),
      (189,110,E'Steve',E'Hicks',E'2 Boland Close',E'Congupna',E'VIC',E'3633',NULL,NULL,E'0438 312 749',NULL,TRUE,FALSE),
      (190,111,E'Andrew',E'Spitty',NULL,NULL,NULL,NULL,NULL,NULL,NULL,NULL,TRUE,FALSE),
      (191,111,E'Joe',E'Stevenson',NULL,NULL,NULL,NULL,NULL,NULL,NULL,NULL,TRUE,FALSE),
      (192,112,E'Ashley',E'McKerrow',E'16 Kennewell St',E'White Hills',E'VIC',E'3550',NULL,NULL,E'0400 807 385',E'argte1@bigpond.com',TRUE,FALSE),
      (305,112,E'Tom',E'McKerrow',E'16 Kennewell St',E'White Hills',E'VIC',E'3550',NULL,NULL,NULL,NULL,TRUE,TRUE),
      (194,38,E'Alannah',E'Turvey',E'95 Lilac Ave',E'Kerang',E'VIC',E'3570',NULL,NULL,E'0422 414 834',E'alannah.la@hotmail.com',TRUE,FALSE),
      (195,113,E'Peter',E'O\'Brien',E'24 Vaughan St',E'Kerang',E'VIC',E'3579',E'5452 1230',E'5450 3893',E'0418 539 202',E'kerangrefrig@westnet.com.au',TRUE,FALSE),
      (196,113,E'Grady',E'O\'Brien',E'24 Vaughan St',E'Kerang',E'VIC',E'3579',E'5452 1230',NULL,NULL,NULL,TRUE,FALSE),
      (197,114,E'Colin',E'Thompson',E'673 River Rd',E'Murrabit West',E'VIC',E'3579',E'5457 2225',NULL,E'0407 865 276',NULL,TRUE,FALSE),
      (198,114,E'Lindsey',E'Oliver',E'Box 1589',E'Swan Hill',E'VIC',E'3585',E'5032 3316',NULL,E'0428 533 861',NULL,TRUE,FALSE),
      (199,115,E'Geoff',E'Dixon',E'76 Patas Road',E'Maiden Gully',E'VIC',E'3551',NULL,NULL,E'0409 913 666',NULL,TRUE,FALSE),
      (200,115,E'Dean',E'Gordon',E'18 Fletchers Creek Road',E'Marong',E'VIC',E'3515',NULL,NULL,E'0400 504 849',E'dgordon@vmgaccounting.com.au',TRUE,FALSE),
      (201,116,E'Brett',E'White',E'521 Gonn Rd',E'Barham',E'NSW',E'2732',NULL,NULL,E'0427 829 306',NULL,TRUE,FALSE),
      (306,116,E'Max',E'White',E'521 Gonn Rd',E'Barham',E'NSW',E'2732',E'03 5453 7172',NULL,NULL,NULL,TRUE,TRUE),
      (203,117,E'Ashley',E'Madden',E'PO Box 802',E'Red Cliffs',E'VIC',E'3496',NULL,NULL,E'0439 898 174',E'sunraysiatpm@gmail.com',TRUE,FALSE),
      (204,117,E'Jakob',E'Hartshorn',E'89 Ontario Ave',E'Mildura',E'VIC',E'3501',NULL,NULL,E'0457 047 911',E'sunraysiatpm@gmail.com',TRUE,FALSE),
      (205,117,E'Brett',E'Tresize',E'199 Guys Hill Rd',E'Strathfieldsaye',E'VIC',E'3551',NULL,NULL,E'0419 890 162',E'sunraysiatpm@gmail.com',TRUE,FALSE),
      (206,118,E'Matthew',E'Webb',E'14 Lyall Ave',E'Kerang',E'VIC',E'3579',E'5452 2964',NULL,E'0417 318 768',NULL,TRUE,FALSE),
      (207,118,E'Dean',E'Carter',E'24 Leslie St',E'Marong',E'VIC',E'3515',NULL,NULL,E'0403 049 528',NULL,TRUE,FALSE),
      (208,119,E'Chris',E'Hunter',E'6 Dunlop St',E'Kerang',E'VIC',E'3579',NULL,NULL,E'0428 171 519',E'dubhunter@bigpond.com',TRUE,FALSE),
      (1209,NULL,E'Melissa',E'Hunter',E'6 Dunlop St',E'Kerang',E'VIC',E'3579',NULL,NULL,E'0438 381 482',E'fowlzdub@bigpond.com',TRUE,FALSE),
      (210,120,E'Neil',E'Hopkins',E'1 Whiter St',E'Murrabit',E'VIC',E'3579',NULL,NULL,NULL,NULL,TRUE,FALSE),
      (211,120,E'Danny',E'King',E'10 Bowles Rd',E'Epsom',E'VIC',E'3551',NULL,NULL,E'0417 552 148',NULL,TRUE,FALSE),
      (212,120,E'Grant',E'Pascoe',E'15 Alison Bve',E'Epsom',E'VIC',E'3551',NULL,NULL,E'0429 361 222',NULL,TRUE,FALSE),
      (213,121,E'Stephen',E'Bray',E'15 Howell Cre',E'Kangaroo Flat',E'VIC',E'3555',NULL,NULL,NULL,NULL,TRUE,FALSE),
      (214,122,E'Kev',E'Spiteri',E'33 Bakewell Street',E'Bendigo',E'VIC',E'3550',NULL,E'03 5444 3503',E'0438 428 714',E'spiteriplumbing@hotmail.com',TRUE,FALSE),
      (215,122,E'Mark',E'Blink',E'220 Eaglehawk Rd',E'Long Gully',E'VIC',E'3550',NULL,NULL,E'0437 431 191',E'mebfiftyw@gmail.com',TRUE,FALSE),
      (216,123,E'John',E'Inness',E'43 Davidson St',E'Broadford',E'VIC',E'3658',NULL,NULL,E'0410 200 797',E'wendy1@centralford.com.au',TRUE,FALSE),
      (217,123,E'Joel',E'Inness',E'43 Davidson St',E'Broadford',E'VIC',E'3658',E'5484 3239',NULL,E'0435 946 442',E'wendy1@centralford.com.au',TRUE,FALSE),
      (218,124,E'Bruce',E'Heritage',E'243 Ashwin Rd',E'Murrabit',E'VIC',E'3579',E'5457 0300',NULL,E'0428 862 218',NULL,TRUE,FALSE),
      (219,125,E'Darryl',E'Bray',NULL,E'Murrabit',NULL,NULL,NULL,NULL,NULL,NULL,TRUE,FALSE),
      (220,NULL,E'Glen',E'Bartels',E'47 Victoria',E'Pyramid Hill',E'VIC',E'3575',NULL,NULL,E'0427557342',NULL,TRUE,FALSE),
      (221,126,E'Lakarra',E'Johns',E'3/22 Chapel Street',E'Kangaroo Flat',E'VIC',E'3555',NULL,NULL,E'0459 981 671',E'lrose-annetj@live.com.au',TRUE,FALSE),
      (222,126,E'Aaron',E'Brown',E'3/22 Chapel Street',E'Kangaroo Flat',E'VIC',E'3555',NULL,NULL,E'0412 508 340',NULL,TRUE,FALSE),
      (223,126,E'Ian',E'Brown',E'670 Calder Alt Hwy',E'Lockwood South',E'VIC',E'3551',E'5435 3598',NULL,NULL,NULL,TRUE,FALSE),
      (246,126,E'Sally',E'Brown',E'670 Calder Alt Hwy',E'Lockwood South',E'VIC',E'3551',E'5435 3598',NULL,E'0428 171 172',NULL,TRUE,FALSE),
      (224,81,E'Nick',E'Hein',E'346 Guilmartin Rd',E'Myall',E'VIC',E'3579',NULL,NULL,E'0409 533 153',NULL,TRUE,FALSE),
      (225,127,E'Colin',E'Dick',E'28 Mulberry Pass',E'Cragieburn',E'VIC',E'3064',NULL,NULL,E'0401 954 970',NULL,TRUE,FALSE),
      (226,128,E'Jason',E'Norton',E'Po Box 317',E'Lake Boga',E'VIC',E'3584',NULL,NULL,E'0427558645',NULL,TRUE,FALSE),
      (227,128,E'Chris',E'Norton',NULL,NULL,NULL,NULL,NULL,NULL,NULL,NULL,TRUE,FALSE),
      (228,129,E'Gleen',E'Fitt',E'18 Woodend Avenue',E'Eynesbury',E'VIC',E'3338',NULL,NULL,E'0408 522 416',NULL,TRUE,FALSE),
      (229,129,E'Troy',E'van Groen',E'18 Woodend Avenue',E'Eynesbury',E'VIC',E'3338',NULL,NULL,E'0428 903 850',NULL,TRUE,FALSE),
      (230,130,E'Michael',E'Cook',E'Browning Ave',E'Murrabit',E'VIC',E'3579',E'5457 2256',NULL,NULL,NULL,TRUE,FALSE),
      (231,131,E'Bailey & Jordan',E'McNeil',E'918 Myall Road',E'Myall',E'VIC',E'3579',E'03 5457 0304',NULL,E'0419 561 126',NULL,TRUE,TRUE),
      (1232,NULL,E'Peter',E'McDonald',NULL,NULL,NULL,NULL,NULL,NULL,NULL,NULL,TRUE,FALSE),
      (233,132,E'Ross',E'Stanton',E'1610 Cohuna Koondrook Rd',E'Cohuna',E'VIC',E'3568',NULL,NULL,E'0417 515 769',NULL,TRUE,FALSE),
      (234,133,E'Darby',E'Stanton',E'1610 Cohuna Koondrook Rd',E'Cohuna',E'VIC',E'3568',NULL,NULL,E'0457 247 993',NULL,TRUE,FALSE),
      (235,133,E'Joel',E'McKenzie',E'289 River Road Gonn Crossing',E'Murrabit',E'VIC',E'3579',NULL,NULL,E'0457 559 588',NULL,TRUE,FALSE),
      (236,134,E'Paul',E'Battle',E'196 West Rd',E'Kerang',E'VIC',E'3579',NULL,NULL,E'0448 601 480',NULL,TRUE,FALSE),
      (237,134,E'Sharon',E'Battle',E'196 West Rd',E'Kerang',E'VIC',E'3579',NULL,NULL,E'0448 601 480',NULL,TRUE,FALSE),
      (238,135,E'Dale',E'Hartley',E'232 Hannah Lane',E'Gonn Crossing',E'VIC',E'3579',E'5457 2336',NULL,E'0429 173 889',NULL,TRUE,FALSE),
      (239,135,E'Willen',E'Hartley',E'232 Hannah Lane',E'Gonn Crossing',E'VIC',E'3579',NULL,NULL,E'0490 176 661',NULL,TRUE,TRUE),
      (240,135,E'Maxen',E'Hartley',E'232 Hannah Lane',E'Gonn Crossing',E'VIC',E'3579',NULL,NULL,E'0490 530 159',NULL,TRUE,TRUE),
      (241,136,E'Drew',E'Gray',E'579 Midland Highway',E'Huntly',E'VIC',E'3551',NULL,E'03 5446 9614',E'0407 419 814',E'winnie_ang@hotmail.com',TRUE,FALSE),
      (242,136,E'Jack',E'Cowan',E'579 Midland Highway',E'Huntly',E'VIC',E'3551',NULL,NULL,E'0404 061 347',NULL,TRUE,FALSE),
      (243,137,E'Steven',E'Bowen',E'35 Racecourse Rd',E'Riddells Creek',E'VIC',E'3431',NULL,NULL,E'0409 287 116',E'toddyofriddle11@bigpond.com',TRUE,FALSE),
      (244,137,E'Brett',E'Herbert',E'109 South Circular Road',E'Gladstone Park',E'VIC',E'3043',NULL,NULL,E'0415 145 427',E'herbie2323@hotmail.com',TRUE,FALSE),
      (245,114,E'Geoff',E'Fullford',E'230 Myall Rd',E'Kerang',E'VIC',E'3579',E'5457 0205',NULL,E'0427 570 205',E'jfullford@dodo.com.au',TRUE,FALSE),
      (247,139,E'Tom',E'Hetherington',NULL,NULL,NULL,NULL,NULL,NULL,NULL,NULL,TRUE,FALSE),
      (248,139,E'Dean',E'Radnedge',E'67 Howey St',E'Gisboure',E'VIC',E'3437',NULL,NULL,E'0431 633 474',NULL,TRUE,FALSE),
      (1249,NULL,E'Sarah',E'Perry',NULL,NULL,NULL,NULL,NULL,NULL,NULL,NULL,FALSE,FALSE),
      (250,0,E'Craig',E'Weston',NULL,NULL,NULL,NULL,NULL,NULL,NULL,NULL,FALSE,FALSE),
      (251,140,E'Gwynne',E'Healey',E'565 Headworks Rd',E'Torrumbarry',E'VIC',E'3562',E'5487 7308',NULL,E'0427 654 454',E'gwynnehealey@gmail.com',TRUE,FALSE),
      (252,140,E'Annette',E'Healey',E'565 Headwords Rd',E'Torrumbarry',E'VIC',E'3562',E'5487 7308',NULL,E'0427 654 454',NULL,TRUE,FALSE),
      (253,141,E'Adrian',E'Deppeler',E'Lake William Rd',E'Mystic Park',E'VIC',E'3579',NULL,NULL,E'0409 405 720',NULL,TRUE,FALSE),
      (254,141,E'Nick',E'Kelly',E'Naretha St',E'Swan Hill',E'VIC',E'3585',NULL,NULL,NULL,NULL,TRUE,FALSE),
      (255,130,E'Geoff',E'Williams',NULL,NULL,NULL,NULL,NULL,NULL,NULL,NULL,TRUE,FALSE),
      (256,142,E'Neville',E'Mills',E'24 Tantalla St',E'Wedderburn',E'VIC',E'3518',E'03 5494 3416',NULL,E'0407 827 246',E'jandnmills@bigpond.com',TRUE,FALSE),
      (257,142,E'Mark',E'Simmonds',E'537 Wychitella Road',E'Korongvale',E'VIC',E'3520',E'03 5494 7361',NULL,E'0448 398 005',NULL,TRUE,FALSE),
      (258,143,E'Dean',E'Moore',E'68 Racecourse Rd',E'Ascot',E'VIC',E'3551',NULL,NULL,NULL,NULL,TRUE,FALSE),
      (259,144,E'Chris',E'Broadhurst',E'Po Box 262',E'Inverleigh',E'VIC',E'3321',NULL,NULL,E'0413828410',NULL,FALSE,FALSE),
      (260,145,E'Peter',E'Lucas',E'7 Davis Crt',E'Shepparton',E'VIC',E'3630',NULL,NULL,E'0421633308',NULL,TRUE,FALSE),
      (262,150,E'Wally',E'Sharp',E'83 Balmoral Cct',E'Sunbury',E'VIC',E'3429',NULL,NULL,E'0423 232 099',E'katebs@live.com.au',TRUE,FALSE),
      (261,147,E'Khane',E'McNeil',NULL,E'Myall',E'VIC',E'3579',NULL,NULL,E'0448 965 952',NULL,TRUE,FALSE),
      (263,148,E'Rachel',E'Landers',E'143 Dunbar Rd',E'Murrabit',E'VIC',E'3579',E'03 5457 2328',NULL,E'0427 194 147',NULL,TRUE,FALSE),
      (307,148,E'Haylee',E'Landers',E'143 Dunbar Rd',E'Murrabit',E'VIC',E'3579',E'03 5457 2328',NULL,E'03 5457 2328',NULL,TRUE,TRUE),
      (265,149,E'Stuart',E'Martin',E'140 Begelhole Rd',E'Murrabit',E'VIC',E'3579',E'5034 3533',E'5034 3533',NULL,NULL,TRUE,FALSE),
      (266,149,E'Jack',E'Kelly',NULL,NULL,NULL,NULL,NULL,NULL,NULL,NULL,TRUE,TRUE),
      (267,149,E'Tom',E'Kelly',NULL,NULL,NULL,NULL,NULL,NULL,NULL,NULL,TRUE,TRUE),
      (268,150,E'Matthew',E'Fitzpatrick',E'8 Rubicon Crt',E'Sunbury',E'VIC',E'3429',NULL,NULL,E'0434 688 450',NULL,TRUE,FALSE),
      (308,150,E'Harrison',E'Hill',E'8 Rubicon Crt',E'Sunbury',E'VIC',E'3429',NULL,NULL,E'0419 811 409',NULL,TRUE,TRUE),
      (270,151,E'Ben',E'Sharp',E'8 Brierly Crt',E'Sunbury',E'VIC',E'3429',NULL,NULL,E'0428 555 208',NULL,TRUE,FALSE),
      (271,151,E'Mark',E'Norris',E'54 Fullbrook Dve',E'Sunbury',E'VIC',E'3429',NULL,NULL,E'0407 548 788',E'fishonorris@gmail.com',TRUE,FALSE),
      (272,152,E'Gordon',E'Yard',E'Gonn Av',E'Murrabit',E'VIC',E'3579',E'5457 2375',NULL,E'0403 521 143',E'judith.gordon@aapt.net.au',TRUE,FALSE),
      (273,153,E'Rusty',E'Anderson',E'261 Ashwin Rd',E'Myall',E'VIC',E'3579',NULL,NULL,NULL,NULL,TRUE,FALSE),
      (274,153,E'Bernie',E'Monahan',E'11 Fehring Crt',E'Cohuna',E'VIC',E'3568',NULL,NULL,E'0427 217 672',NULL,TRUE,FALSE),
      (275,154,E'Stuart',E'Ellis',E'271 Kayleys Lane',E'Brewster',E'VIC',E'3352',E'5344 0524',NULL,E'0417 364 726',E'skellis@activ8.net.au',TRUE,FALSE),
      (10,154,E'Cameron',E'Ellis',E'271 Kayleys Lane',E'Brewster',E'VIC',E'3352',E'5344 0524',NULL,E'0417 364 726',E'skellis@activ8.net.au',TRUE,TRUE),
      (110,154,E'Brayden',E'Ellis',E'271 Kayleys Lane',E'Brewster',E'VIC',E'3352',E'5344 0524',NULL,E'0412 644 740',E'skellis@activ8.net.au',TRUE,FALSE),
      (149,154,E'Marcus',E'Ellis',E'271 Kayleys Lane',E'Brewster',E'VIC',E'3352',E'5344 0524',NULL,E'0418 405 409',E'skellis@activ8.net.au',TRUE,FALSE),
      (150,155,E'Jeff',E'Parker',E'PO Box 124',E'Boort',E'VIC',E'3537',NULL,NULL,E'0458 886 201',NULL,TRUE,FALSE),
      (193,155,E'Geoffrey',E'Rumbold',E'2175 Boort-Kerang Rd',E'Leaghur',E'VIC',E'3537',E'5455 4282',NULL,NULL,NULL,TRUE,FALSE),
      (202,156,E'Rhys',E'Neville',NULL,NULL,NULL,NULL,NULL,NULL,NULL,NULL,TRUE,FALSE),
      (65,157,E'Brett',E'Philipps',E'680 Bachaus Marsh Rd',E'Bullengarook',E'VIC',E'3437',NULL,NULL,E'0407 833 532',NULL,FALSE,FALSE),
      (264,162,E'Mathew',E'Howlett',E'28 Neptune Ave',E'Newcome',E'VIC',E'264',NULL,NULL,E'0438058758',NULL,TRUE,FALSE),
      (269,162,E'Jason',E'Blake',E'8 Williams',E'Creswick',NULL,NULL,NULL,NULL,E'0438438028',NULL,FALSE,FALSE),
      (78,158,E'Daniel',E'Buckland',E'8 Ayres St',E'Creswick',E'VIC',E'3363',NULL,NULL,E'0408 657 668',NULL,TRUE,FALSE),
      (310,97,E'Xander',E'Simpson',E'c\\- PO',E'Murrabit',E'VIC',E'3579',NULL,NULL,NULL,NULL,FALSE,TRUE),
      (89,159,E'Morris',E'O\'Brien',NULL,NULL,NULL,NULL,NULL,NULL,NULL,NULL,FALSE,FALSE),
      (8,159,E'Don',E'O\'Brien',NULL,NULL,NULL,NULL,NULL,NULL,NULL,NULL,FALSE,FALSE),
      (2,161,E'David',E'Carter',E'42 Poole St',E'Maryborough',E'VIC',E'3465',NULL,NULL,NULL,NULL,TRUE,FALSE),
      (313,161,E'Declan',E'Carter',E'42 Poole St',E'Maryborough',E'VIC',E'3465',NULL,NULL,NULL,NULL,TRUE,TRUE),
      (314,96,E'Tom',E'Bagg',NULL,NULL,NULL,NULL,NULL,NULL,NULL,NULL,TRUE,TRUE),
      (315,96,E'Jake',E'Bagg',NULL,NULL,NULL,NULL,NULL,NULL,NULL,NULL,TRUE,TRUE);


-- Move to legacy schema
CREATE SCHEMA IF NOT EXISTS legacy_2014;
ALTER TABLE boat SET SCHEMA legacy_2014;
ALTER TABLE catch SET SCHEMA legacy_2014;
ALTER TABLE competitor SET SCHEMA legacy_2014;
