-- SQL Dump of murrabit-cod-challenge-2016.accdb
-- generated by MDB Viewer 2.2.7
-- optimized for PostgreSQL

SET NAMES 'UTF8';



DROP TABLE IF EXISTS "boat";

CREATE TABLE "boat" (
    "boat_id" INTEGER PRIMARY KEY,
    "name" TEXT,
    "registration_no" TEXT
);

INSERT INTO "boat"("boat_id","name","registration_no")
VALUES(159,E'Sarre',NULL),
      (160,E'Finn',NULL),
      (161,E'Fell',NULL),
      (162,E'Hartley',E'HE 677'),
      (163,E'Edelsten & Sinapius',NULL),
      (164,E'Sinapius',NULL),
      (91,E'Millard & Siebert',NULL),
      (92,E'Brazzale',NULL),
      (93,E'Stacey',NULL),
      (94,E'Broad',NULL),
      (95,E'Dettmann',NULL),
      (96,E'Stacey',NULL),
      (97,E'Grover',NULL),
      (98,E'Ross',NULL),
      (99,E'Rosser',NULL),
      (100,E'Williams',NULL),
      (101,E'Irwin',NULL),
      (102,E'Adcock',NULL),
      (103,E'Irwin',NULL),
      (104,E'Hein & Millard',NULL),
      (105,E'Brad Hein',NULL),
      (106,E'Levy',NULL),
      (107,E'Cole',NULL),
      (108,E'Woods',NULL),
      (109,E'Atkin',NULL),
      (110,E'Parker',NULL),
      (111,E'Tanner',NULL),
      (112,E'Michael Cook',NULL),
      (113,E'Boag',NULL),
      (114,E'Baird',NULL),
      (115,E'Height',NULL),
      (116,E'Booth',NULL),
      (117,E'Rowan',NULL),
      (118,E'Swanborough',NULL),
      (119,E'Henry',NULL),
      (120,E'Boyd',NULL),
      (121,E'Stanton',NULL),
      (122,E'Place',NULL),
      (123,E'Gatt',NULL),
      (124,E'Bray',NULL),
      (125,E'McNeil',NULL),
      (126,E'Hastie',NULL),
      (127,E'Whitehead',NULL),
      (128,E'Watson',NULL),
      (129,E'Hunter',NULL),
      (130,E'Stanton',NULL),
      (131,E'Pontelandolfo',NULL),
      (132,E'Dick',NULL),
      (133,E'Daykin',NULL),
      (134,E'Eames',NULL),
      (135,E'Daly, Eames & Craddock',NULL),
      (136,E'Craddock',NULL),
      (137,E'Murray',NULL),
      (138,E'Mooney',NULL),
      (139,E'Keane & McNeil',NULL),
      (140,E'Edwards',NULL),
      (141,E'Viney',NULL),
      (142,E'Rooney',NULL),
      (143,E'Bujdoso',NULL),
      (144,E'Stacey',NULL),
      (145,E'Fletcher',NULL),
      (146,E'Shay',NULL),
      (147,E'Oliver',NULL),
      (148,E'Collicoat',NULL),
      (149,E'Gray',NULL),
      (150,E'Rumbold',NULL),
      (151,E'Carter',NULL),
      (152,E'Sleemen',NULL),
      (153,E'McKenzie',NULL),
      (154,E'Johnson',NULL),
      (155,E'Neivandt',NULL),
      (156,E'Buckland',NULL),
      (157,E'Thompson',NULL),
      (158,E'Lambert',NULL),
      (3,E'Webb & Carter',NULL),
      (4,E'Solomano & Kelson',NULL),
      (5,E'Collicoat',E'PC 74'),
      (6,E'Bowles & Edelsten',E'NU 300'),
      (7,E'Morison',NULL),
      (8,E'McKenna & Maher',NULL),
      (9,E'Team Risky',E'MX 514'),
      (10,E'Martin, Magalotti, Mayberry & Webster',E'KR 103'),
      (11,E'Battle',NULL),
      (12,E'Peirce & Harmer',NULL),
      (13,E'DPK Fishing',NULL),
      (14,E'Deppeler & Kelly',NULL),
      (15,E'Wood & Cornell',E'FE 986'),
      (16,E'Weston & Perry',NULL),
      (17,E'Aquaholic',E'MH 420'),
      (18,E'O\'Callaghan',E'RU 689'),
      (19,E'Bingham',E'LE 614'),
      (20,E'Holmberg & Reid',E'PQ 327'),
      (21,E'Gilbert',E'JW 726'),
      (22,E'Stubbs & Crane',NULL),
      (23,E'Heritage & Dick',NULL),
      (24,E'Tanner',E'NK 951'),
      (25,E'McKenna',NULL),
      (26,E'Booth & Dyer',NULL),
      (27,E'Hookem',NULL),
      (28,E'Lawrence & Flett',NULL),
      (29,E'Wenselowski & Wright',E'KG 768'),
      (30,E'Van Grogen & Macgregor',NULL),
      (31,E'Jabiru',E'QJ 575'),
      (32,E'Neville & Faliszewski',NULL),
      (33,E'Hookem',NULL),
      (34,E'Buttercup Express',E'RQ 514'),
      (35,E'Larenzen & Thomson',E'HW 568'),
      (36,E'Johnson, Graham & Patridge',E'BJ 01'),
      (37,E'Forster',E'ED 289'),
      (38,E'Fitt & Cooper',NULL),
      (39,E'Irwin & Cairncross',E'QW 808'),
      (40,E'McDonald & Charlton',NULL),
      (41,E'Madden & Harthorn',E'RO 327'),
      (42,E'Rose',E'MN 319'),
      (43,E'Thomson & Armstrong',E'OM 648Q'),
      (44,E'Rave on Richards',NULL),
      (45,E'Jason Olsson & Josh Parson',E'QN 643'),
      (46,E'Gilmore & Bloom',NULL),
      (47,E'Brown & Darrell',E'GB 219'),
      (48,E'Beardon & Stakelum',E'NR 714'),
      (49,E'Hearn',E'MH 555'),
      (50,E'Moorfoot & Beer',E'RC 808'),
      (51,E'Spitty & Stevenson',NULL),
      (52,E'Bramble & Roberts',E'RE 353'),
      (53,E'Gilhooley & Howell',NULL),
      (54,E'Ronchi & Miller',NULL),
      (55,E'O\'Donoghue & Forster',NULL),
      (56,E'Swanborough & Beagley',NULL),
      (57,E'Parker & McFarlane',NULL),
      (58,E'Ridley & Redmond',E'CS 355'),
      (59,E'Amos & Stacey',E'DH 364'),
      (60,E'David Semmler',E'ET 451'),
      (61,E'Hazen & McKenzie',E'GS 871'),
      (62,E'Heffer & Smith',E'GV 368L'),
      (63,E'Frichot & Lougoon',E'JB 934'),
      (64,E'Malone',E'JJ 596'),
      (65,E'Josh Martins',E'KN 939'),
      (66,E'Hollard & Laursen',E'LV 415'),
      (67,E'Martin & Kelly',E'LV 853'),
      (68,E'Gray & Cowan',E'LZ 461'),
      (69,E'Gillingham & Ladgrove',E'MD 392'),
      (70,E'Hunt & Hansford',E'MW 766'),
      (71,E'Bowles',E'NB 076'),
      (72,E'Spiteri & Blink',E'NV 305'),
      (73,E'Dixon',E'NV 889'),
      (74,E'Collier',E'OJ 610'),
      (75,E'Hamlyn-Harris & McKenzie',E'PN 688'),
      (76,E'Williams & Cox',E'PW 810'),
      (77,E'Flower Power',NULL),
      (78,E'Moffat & McNeil',NULL),
      (79,E'Dixon & Burt',NULL),
      (80,E'Carroll, Hemmens, Martin & D\'Elton',NULL),
      (81,E'Danson, Cunnington & Leahy',NULL),
      (82,E'Heritage & Chappel',NULL),
      (83,E'Challis & Wagner',NULL),
      (84,E'Carter',E'DC 336'),
      (85,E'Johnson & Brown',E'MJ 30'),
      (86,E'Coobs',E'KT 739'),
      (87,E'John Irwin',E'ED 682'),
      (88,E'Bowlzy',E'RD 964'),
      (89,E'Danson',E'MT 022'),
      (90,E'Semmler & Faint',NULL);



DROP TABLE IF EXISTS "catch";

CREATE TABLE "catch" (
    "catch_id" INTEGER PRIMARY KEY,
    "fish_type" TEXT,
    "competitor_id" INTEGER,
    "size" DOUBLE PRECISION,
    "date" TIMESTAMP,
    "time" TIMESTAMP,
    "marshall" TEXT,
    "bait" TEXT,
    "location" DOUBLE PRECISION
);

INSERT INTO "catch"("catch_id","fish_type","competitor_id","size","date","time","marshall","bait","location")
VALUES(1,E'Carp',1013,52,E'2016-03-19 00:00:00',E'1899-12-30 09:10:00',NULL,E'Worms',1),
      (2,E'Carp',150,54,E'2016-03-19 00:00:00',E'1899-12-30 09:50:00',NULL,E'Chicken Chip',4),
      (3,E'Carp',180,55,E'2016-03-19 00:00:00',E'1899-12-30 11:15:00',NULL,E'Worms',5),
      (5,E'Carp',144,60,E'2016-03-19 00:00:00',E'1899-12-30 12:39:00',NULL,E'Cheese',4),
      (6,E'Carp',28,63,E'2016-03-19 00:00:00',E'1899-12-30 17:50:00',NULL,E'Cheese',NULL),
      (7,E'Carp',93,60,E'2016-03-19 00:00:00',E'1899-12-30 08:43:00',NULL,E'Shrimp',10),
      (8,E'Yellowbelly',185,32,E'2016-03-19 00:00:00',NULL,NULL,NULL,10.5),
      (9,E'Murray Cod',52,55,E'2016-03-19 00:00:00',E'1899-12-30 09:49:00',NULL,E'Cheese',12),
      (10,E'Carp',70,44,E'2016-03-19 00:00:00',E'1899-12-30 08:40:00',NULL,E'Worms',NULL),
      (12,E'Carp',83,74,E'2016-03-19 00:00:00',E'1899-12-30 09:45:00',NULL,E'Cheese',2),
      (14,E'Carp',83,51,E'2016-03-19 00:00:00',E'1899-12-30 11:45:00',NULL,E'Cheese',3),
      (15,E'Murray Cod',281,64,E'2016-03-19 00:00:00',E'1899-12-30 13:20:00',NULL,E'Cheese',2),
      (16,E'Yellowbelly',241,41,E'2016-03-19 00:00:00',E'1899-12-30 14:10:00',NULL,E'Yabby',2),
      (17,E'Yellowbelly',267,42,E'2016-03-19 00:00:00',E'1899-12-30 14:35:00',NULL,E'Worms',2),
      (18,E'Yellowbelly',268,42,E'2016-03-19 00:00:00',E'1899-12-30 15:58:00',NULL,E'Worms',2),
      (19,E'Murray Cod',118,61.5,E'2016-03-19 00:00:00',E'1899-12-30 17:25:00',NULL,E'Yabby',1),
      (20,E'Murray Cod',69,62.5,E'2016-03-19 00:00:00',E'1899-12-30 17:25:00',NULL,E'Cheese',1),
      (21,E'Murray Cod',130,66,E'2016-03-19 00:00:00',E'1899-12-30 08:30:00',NULL,E'Lure',3),
      (22,E'Yellowbelly',100,37.5,E'2016-03-19 00:00:00',E'1899-12-30 09:06:00',NULL,E'Cheese',9),
      (23,E'Yellowbelly',12,39,E'2016-03-19 00:00:00',E'1899-12-30 10:00:00',NULL,E'Worms',8),
      (24,E'Murray Cod',25,56,E'2016-03-19 00:00:00',E'1899-12-30 11:45:00',NULL,E'Cheese',7),
      (25,E'Yellowbelly',211,45.5,E'2016-03-19 00:00:00',E'1899-12-30 16:46:00',NULL,E'Lure',8),
      (26,E'Murray Cod',157,60,E'2016-03-19 00:00:00',E'1899-12-30 14:26:00',NULL,E'Cheese',5),
      (27,E'Murray Cod',275,55,E'2016-03-19 00:00:00',E'1899-12-30 10:19:00',NULL,E'Cheese',9),
      (28,E'Yellowbelly',207,38.5,E'2016-03-19 00:00:00',E'1899-12-30 11:52:00',NULL,E'Worms/Shrimp',11),
      (29,E'Carp',269,55,E'2016-03-19 00:00:00',E'1899-12-30 12:47:00',NULL,E'Cheese',6),
      (30,E'Carp',107,48,E'2016-03-19 00:00:00',E'1899-12-30 13:05:00',NULL,E'Shrimp',10),
      (31,E'Yellowbelly',93,40,E'2016-03-20 00:00:00',E'1899-12-30 09:18:00',NULL,E'Shrimp',12),
      (32,E'Murray Cod',185,72.5,E'2016-03-20 00:00:00',E'1899-12-30 09:13:00',NULL,E'Cheese',2),
      (33,E'Carp',214,83,E'2016-03-20 00:00:00',E'1899-12-30 09:53:00',NULL,E'Grub',3);



DROP TABLE IF EXISTS "competitor";

CREATE TABLE "competitor" (
    "competitor_id" INTEGER PRIMARY KEY,
    "boat_id" INTEGER,
    "firstname" TEXT,
    "surname" TEXT,
    "address" TEXT,
    "suburb" TEXT,
    "state" TEXT,
    "postcode" TEXT,
    "phone" TEXT,
    "fax" TEXT,
    "mobile" TEXT,
    "email" TEXT,
    "paid" BOOLEAN,
    "junior" BOOLEAN
);

INSERT INTO "competitor"("competitor_id","boat_id","firstname","surname","address","suburb","state","postcode","phone","fax","mobile","email","paid","junior")
VALUES(252,159,E'Rick',E'Sarre',NULL,NULL,NULL,NULL,NULL,NULL,E'0429 091 295',NULL,TRUE,FALSE),
      (253,160,E'Garry',E'Finn',E'381 MacAuley St',E'Hay',E'NSW',E'2711',E'02 69933049',NULL,E'0428 833049',NULL,TRUE,FALSE),
      (254,161,E'Reg',E'Fell',E'381 MacAuley St',E'Hay',E'NSW',E'2711',NULL,NULL,NULL,NULL,TRUE,FALSE),
      (255,0,E'John',E'Mangano',E'12 Soudan St',E'Lake Boga',E'VIC',E'3584',E'03 5372655',NULL,E'0417 321 666',E'jhmangano@hotmail.com',TRUE,FALSE),
      (256,0,E'Phillip',E'Mangano',E'12 Soudan St',E'Lake Boga',E'VIC',E'3584',E'03 5037 2655',NULL,E'0419 640 922',E'jhmangano@hotmail.com',TRUE,FALSE),
      (257,0,E'Garry',E'Mowat',E'323 Ashwin Rd',E'Murrabit',E'VIC',E'3579',NULL,NULL,E'0418 932142',NULL,TRUE,FALSE),
      (258,0,E'Sam',E'Randall',E'64 Loop Rd',E'Koondrook',E'VIC',E'3580',E'0409 174 827',NULL,NULL,E'sarandall12@bigpond.com.au',TRUE,FALSE),
      (1013,0,E'Jack',E'Randall',E'64 Loop Rd',E'Koondrook',E'VIC',E'3580',NULL,NULL,NULL,NULL,TRUE,TRUE),
      (259,0,E'Vince',E'Maher',NULL,E'Murrabit',E'VIC',E'3579',NULL,NULL,NULL,NULL,TRUE,FALSE),
      (260,0,E'Luke',E'Dyer',E'20 Church St',E'Murrabit',E'VIC',E'3579',NULL,NULL,NULL,E'luko_450@hotmail.com',TRUE,FALSE),
      (261,0,E'Ellie',E'Scott',E'20 Church St',E'Murrabit',E'VIC',E'3579',NULL,NULL,NULL,E'ellie_scott1994@hotmail.com',TRUE,FALSE),
      (262,0,E'Bradley',E'Sheapard',E'7 Hawdon Court',E'Swan Hill',E'VIC',E'3585',E'0448822105',NULL,NULL,NULL,TRUE,FALSE),
      (263,0,E'Memphis',E'Scott',E'7 Hawdon Court',E'Swan Hill',E'VIC',E'3585',NULL,NULL,E'0437 092 279',E'memphisscott@hotmail.com',TRUE,FALSE),
      (1014,0,E'Joe',E'Scott',E'1926 Kerang Murrabit Rd',E'Murrabit',E'VIC',E'3579',NULL,NULL,E'0477 623 125',NULL,TRUE,TRUE),
      (264,0,E'Chris',E'Wren',E'16 Teal Drive',E'Mildura',E'VIC',E'3500',NULL,NULL,E'0419 036 396',NULL,TRUE,FALSE),
      (265,0,E'Matt',E'Penny',NULL,NULL,NULL,NULL,NULL,NULL,NULL,NULL,TRUE,FALSE),
      (266,0,E'Kelvin',E'Burt',NULL,NULL,NULL,NULL,NULL,NULL,NULL,NULL,TRUE,FALSE),
      (267,163,E'Darren',E'Sinapius',NULL,NULL,NULL,NULL,NULL,NULL,NULL,NULL,TRUE,FALSE),
      (268,163,E'Jordan',E'Edelsten',NULL,NULL,NULL,NULL,NULL,NULL,NULL,NULL,TRUE,FALSE),
      (269,0,E'Brenton',E'Gibbons',NULL,NULL,NULL,NULL,NULL,NULL,NULL,NULL,TRUE,FALSE),
      (270,0,E'David',E'Millard',E'27 Maginzine Blvd',E'Golden Square',E'VIC',E'3550',NULL,NULL,NULL,NULL,TRUE,FALSE),
      (271,0,E'Daniel',E'Keath',NULL,NULL,NULL,NULL,NULL,NULL,NULL,NULL,TRUE,FALSE),
      (272,0,E'Shane',E'Matheson',NULL,NULL,NULL,NULL,NULL,NULL,NULL,NULL,TRUE,FALSE),
      (273,0,E'Glen',E'Hutchins',NULL,NULL,NULL,NULL,NULL,NULL,NULL,NULL,TRUE,FALSE),
      (274,0,E'Mitch',E'Laursen',E'6 Danson St',E'Murrabit',E'VIC',E'3579',E'03 54572290',NULL,E'0458 188 771',E'mlarson47@gmail.com',TRUE,FALSE),
      (275,58,E'Mark',E'Thomas',E'c\\o 52 Sussex St',E'Linton',E'VIC',E'3360',NULL,NULL,E'0420782396',NULL,TRUE,FALSE),
      (276,0,E'Garry',E'Collier',E'23 Burnett St',E'Koondrook',E'VIC',E'3580',E'0408 511 447',NULL,NULL,NULL,TRUE,FALSE),
      (277,0,E'Tyson',E'Goggin',E'174 Baily Rd',E'Lake Boga',E'VIC',E'3584',E'0428 550 335',NULL,NULL,NULL,TRUE,FALSE),
      (279,0,E'Matt',E'Tuddenham',E'1256 Nathalia-Waaia Road',E'Waaia',E'VIC',E'3639',E'58641148',NULL,E'0428292242',NULL,TRUE,FALSE),
      (280,0,E'Dale',E'Hartley',E'232 Hannah Lane',E'Gonn Crossing',E'VIC',E'3579',NULL,NULL,E'0429 173 889',E'dalehartley@bigpond.com',TRUE,FALSE),
      (281,162,E'Max',E'Hartley',E'232 Hannah Lane',E'Gonn Crossing',E'VIC',E'3579',NULL,NULL,E'0490 530 159',E'dalehartley@bigpond.com',TRUE,FALSE),
      (282,0,E'Will',E'Hartley',E'232 Hannah Lane',E'Gonn Crossing',E'VIC',E'3579',NULL,NULL,E'0490 176 661',E'dalehartley@bigpond.com',TRUE,FALSE),
      (1006,0,E'Jack',E'Keath',NULL,NULL,NULL,NULL,NULL,NULL,NULL,NULL,TRUE,TRUE),
      (283,0,E'Tom',E'Hetherington',E'7 Afton St',E'North Bendigo',E'VIC',E'3550',NULL,NULL,E'0400 150 725',E'thomashetherington@outlook.com',TRUE,FALSE),
      (284,0,E'Tom',E'Holdstock',E'16 Allen St',E'Callifornia Gully',E'VIC',E'3556',NULL,NULL,E'0413 552 507',E'tom.holdstock77@gmail.com',TRUE,FALSE),
      (285,0,E'Kelly',E'Varloe',E'915 Lowe Rd',E'Bamaum',E'VIC',E'3561',NULL,NULL,E'0428 110 071',NULL,TRUE,FALSE),
      (286,0,E'Peter',E'McDoanld',E'207 Rosedale Rd',E'Myall',E'VIC',E'3579',NULL,NULL,E'0427 346 340',NULL,TRUE,FALSE),
      (287,0,E'Jed & Augus',E'McDonald',E'207 Rosedale Rd',E'Myall',E'VIC',E'3579',NULL,NULL,E'0427 346 340',NULL,TRUE,TRUE),
      (288,0,E'Russ',E'Anderson',NULL,E'Murrabit',E'VIC',E'3579',NULL,NULL,NULL,NULL,TRUE,FALSE),
      (289,0,E'Dean',E'Moore',E'68 Racecourse Rd',E'Ascot',E'VIC',E'3551',NULL,NULL,E'0413 000 384',NULL,TRUE,FALSE),
      (290,0,E'Noel',E'Robertson',E'17 Nugget St',E'Kerang',E'VIC',E'3579',NULL,NULL,E'04011 29 668',NULL,TRUE,FALSE),
      (291,0,E'Bernie',E'Monaghan',E'Ashwin Rd',E'Myall',E'VIC',E'3579',NULL,NULL,NULL,NULL,TRUE,FALSE),
      (292,0,E'Brendan',E'Hearps',E'64 Racecourse Rd',E'Bendigo',E'VIC',E'3550',NULL,NULL,E'0419 804 771',NULL,TRUE,FALSE),
      (293,0,E'Geoff',E'McNeil',E'128 Westblade Rd',E'Myall',E'VIC',E'3579',NULL,NULL,E'0428 570 282',NULL,TRUE,FALSE),
      (294,0,E'Nathan',E'Henry',E'129 Victoria St',E'Kerang',E'VIC',E'3579',NULL,NULL,E'0407 362 408',E'nats08@gmail.com',TRUE,FALSE),
      (295,0,E'Greg',E'Bagg',E'2420 Hamilton Hwy',E'Inverleigh',E'VIC',E'3321',NULL,NULL,E'0438 525 032',NULL,TRUE,FALSE),
      (296,0,E'Chris',E'Broadhurst',E'37 Rivergum Drive',E'Inverleigh',E'VIC',E'3321',NULL,NULL,E'0413 828 410',NULL,TRUE,FALSE),
      (1015,0,E'Jake',E'Bagg',E'2420 Hamilton Hwy',E'Inverleigh',E'VIC',E'3321',NULL,NULL,E'0438 525 032',NULL,TRUE,TRUE),
      (1016,0,E'Tom',E'Bagg',E'2420 Hamilton Hwy',E'Inverleigh',E'VIC',E'3321',NULL,NULL,E'0431 586 708',NULL,TRUE,TRUE),
      (297,0,E'Simon',E'Ettershank',E'PO Box 2',E'Murrabit',E'VIC',E'3579',NULL,NULL,NULL,NULL,TRUE,FALSE),
      (298,0,E'Ray',E'McNeil',E'730 Myall Rd',E'Myall',E'VIC',E'3579',E'5457 02 52',NULL,NULL,NULL,FALSE,FALSE),
      (299,0,E'Jill',E'Hein',E'245 Troy Rd',E'Myall',E'VIC',E'3579',NULL,NULL,NULL,NULL,TRUE,FALSE),
      (300,0,E'Nathan',E'McKnight',NULL,NULL,NULL,NULL,NULL,NULL,NULL,NULL,FALSE,FALSE),
      (1,91,E'Tim',E'Millard',E'75 Cassidy Lane',E'Koondrook',E'VIC',E'3580',E'03 54533717',NULL,E'0417346431',E'timwmillard@gmail.com',TRUE,FALSE),
      (2,17,E'Dave',E'Waddell',E'65 station st',E'Wallan East',E'VIC',E'3756',E'0400669002',NULL,E'0400669002',E'frog.1974@hotmail.com',TRUE,FALSE),
      (3,17,E'Graham',E'Rowland',E'20 Prominence Bvd',E'Tarneit',E'VIC',E'3020',NULL,NULL,E'0429372534',E'growland@hotmail.com',TRUE,FALSE),
      (4,17,E'Kevin',E'Bluck',E'18 Hadley dve',E'Wallan ',E'VIC',E'3756',NULL,NULL,E'0438447103',E'kbluck@bigpond.net.au',TRUE,FALSE),
      (5,5,E'Paul',E'Collicoat',E'28 newton st',E'Maryborough',E'VIC',E'3465',NULL,NULL,E'0417545149',E'pncollicoat1@bigpond.com',TRUE,FALSE),
      (6,5,E'Ivan',E'Collicoat',E'18 chaplins rd',E'Carisbrook',E'VIC',E'3464',E'54642300',NULL,NULL,E'pncollicoat1@bigpond.com',TRUE,FALSE),
      (7,92,E'Andrew',E'Brazzale',E'14 Echidna Rd',E'Eltham',E'VIC',E'3095',NULL,NULL,E'0401 796 756',E'braz_23@hotmail.com',TRUE,FALSE),
      (8,89,E'JIM',E'DANSON',E'174 DUNBAR ROAD',E'MURRABIT',E'VIC',E'3579',E'03 54572367',NULL,E'0427572367',E'bradley.hein@bigpond.com',TRUE,FALSE),
      (9,93,E'Dale',E'Stacey',E'56 Urquhart Street',E'Woodend',E'VIC',E'3442',NULL,NULL,E'0402054175',E'dale.stacey@elgas.com.au',TRUE,FALSE),
      (10,94,E'Timothy',E'Broad',E'34 Pidgeon Gully road',E'Maryborough',E'VIC',E'3465',E'354612375',NULL,E'0427301119',E'sharon.broad@bigpond.com',TRUE,FALSE),
      (11,34,E'bruce',E'francis',E'21 eureka rd',E'diggers rest',E'VIC',E'3427',NULL,NULL,E'0432451484',E'shadow4@dodo.com.au',TRUE,FALSE),
      (12,34,E'mick',E'morgan',E'18 heysen drive',E'sunbury',E'VIC',E'3429',NULL,NULL,E'0433972760',E'shadow4@dodo.com.au',TRUE,FALSE),
      (13,20,E'Rod',E'Holmberg',E'66 Murray Street',E'Kerang',E'VIC',E'3579',E'54521961',NULL,E'0439651859',E'rholmberg55@gmail.com',TRUE,FALSE),
      (14,20,E'Bruce',E'Reid',E'102 Gavin Street',E'Bright',E'VIC',E'3741',E'57562259',NULL,E'0429651475',E'bruce@travelncruise.com.au',TRUE,FALSE),
      (15,29,E'Joe',E'Wenselowski',E'2 Romsey court ',E'wodonga',E'VIC',E'3690',E'02 60242516',NULL,E'0421 165 285',E'wensejos@westnet.com.au',TRUE,FALSE),
      (16,29,E'Eddie',E'Wright',E'5 Hampton Court',E'wodonga',E'VIC',E'3690',E'02 60564851',NULL,E'0407 480 665',E'eddie.wright@effem.com',TRUE,FALSE),
      (17,21,E'Gary',E'Gilbert',E'5 Lisa Place ',E'Wallan',E'VIC',E'3756',E'0458230615',NULL,E'0458230615',E'g.a.gilbert@bigpond.com',TRUE,FALSE),
      (18,95,E'WAYNE',E'DETTMANN',E'22 COLLINS PARADE',E'SORRENTO',E'VIC',E'3943',NULL,NULL,E'0413456205',E'WAYNE.DETTMANN@ADVANCEDROOFSAFETY.COM.AU',TRUE,FALSE),
      (19,10,E'michael',E'martin',E'115 sunset views bvd',E'tarneit',E'VIC',E'3029',NULL,NULL,E'0402 788 241',E'mikgm@bigpond.com',TRUE,FALSE),
      (20,10,E'frank',E'martin',E'4 ormond rd',E'west footscray',E'VIC',E'3012',NULL,NULL,E'0411 063 770',E'fma34202@bigpond.net.au',TRUE,FALSE),
      (21,10,E'brian',E'martin',E'32 mitchell rd',E'melton south',E'VIC',E'3338',NULL,NULL,E'0402 043 856',E'brimar90@hotmail.com',TRUE,FALSE),
      (22,10,E'kieren',E'martin',E'32 mitchell rd',E'melton south',E'VIC',E'3338',E'03 9746 0003',NULL,NULL,E'brimar90@hotmail.com',TRUE,FALSE),
      (23,10,E'shannon',E'mckenzie',E'32 mitchell rd',E'melton south',E'VIC',E'3338',E'03 9746 0003',NULL,NULL,E'brimar90@hotmail.com',TRUE,FALSE),
      (24,10,E'peter',E'mayberry',E'11 taegtow way',E'altona meadows',E'VIC',E'3029',E'03 9315 6260',NULL,NULL,E'mikgm@bigpond.com',TRUE,FALSE),
      (25,10,E'peter',E'magalotti',E'1 belah ave',E'altona',E'VIC',E'3018',NULL,NULL,E'0468 928 523',E'mikgm@bigpond.com',TRUE,FALSE),
      (26,10,E'greg',E'webster',E'5 rosina drive',E'melton',E'VIC',E'3337',NULL,NULL,E'0403 255 832',E'mikgm@bigpond.com',TRUE,FALSE),
      (27,96,E'Shane',E'Stacey',E'PO Box 1035',E'Echuca',E'VIC',E'3564',E'0457779695',NULL,E'0457779695',E'shanestacey@hotmail.com',TRUE,FALSE),
      (28,13,E'NEIL',E'HOPKINS',E'1 WHITER ST',E'MURRABIT',E'VIC',E'3579',NULL,NULL,E'0439970029',E'hopkins.neil.r@edumail.vic.gov.au',TRUE,FALSE),
      (29,13,E'GRANT',E'PASCOE',E'16 ALLISON BVD',E'EPSOM',E'VIC',E'3551',NULL,NULL,E'0429361222',E'hopkins.neil.r@edumail.vic.gov.au',TRUE,FALSE),
      (30,13,E'DANNY',E'KING',E'10 BOWLES RD',E'EPSOM',E'VIC',E'3551',NULL,NULL,E'0417552148',E'hopkins.neil.r@edumail.vic.gov.au',TRUE,FALSE),
      (31,18,E'Simon',E'O\'Callaghan',E'16 Pryor Street',E'Echuca',E'VIC',E'3564',E'0457711427',NULL,E'0457711427',E'socallaghan@htroon.com.au',TRUE,FALSE),
      (32,97,E'James',E'Grover',E'2 seaview Crescent',E'Seaholme',E'VIC',E'3018',NULL,NULL,E'0466 509 285',E'james.grover@anz.com',TRUE,FALSE),
      (33,98,E'Lee',E'Ross',E'66 Mcgeorge Road',E'Gisborne South',E'VIC',E'3437',NULL,NULL,E'0423298499',E'lee@outlook.co.nz',TRUE,FALSE),
      (34,99,E'PAUL',E'ROSSER',E'9 HONOUR STREET',E'CRAIGIEBURN',E'VIC',E'3064',NULL,NULL,E'0437 729 906',E'paul.rosser69@gmail.com',TRUE,FALSE),
      (35,4,E'Glenn',E'Solomano',E'73 Eaglehawk rd',E'Ironbark',E'VIC',E'3550',NULL,NULL,E'0418459985',E'glenns2502@gmail.com',TRUE,FALSE),
      (36,4,E'Steve',E'Kelson',E'3/2 Smalley St',E'California Gully',E'VIC',E'3665',NULL,NULL,E'0419884993',E'stkel1@hotmail.com',TRUE,FALSE),
      (37,100,E'Geoffrey',E'Williams',E'67 forest street',E'Koondrook',E'VIC',E'3580',E'0447150965',NULL,E'0447150965',E'gkw@hotmail.com.au',TRUE,FALSE),
      (38,101,E'tony',E'irwin',E'PO Box 262',E'Mirchison',E'VIC',E'3610',NULL,NULL,E'0438215744',E'tirwin@wbhunter.com.au',TRUE,FALSE),
      (39,8,E'Mick',E'McKenna',E'37 Stephenson street',E'Huntly',E'VIC',E'3551',NULL,NULL,E'0407539559',E'mmckenna@powercor.com.au',TRUE,FALSE),
      (40,8,E'Greg',E'Maher',E'143 Resevoir road',E'Strathdale',E'VIC',E'3550',NULL,NULL,E'0418538897',E'gmaher@powercor.com.au',TRUE,FALSE),
      (41,27,E'Michael',E'Woods',E'1 Bayfield Drive',E'Eltham',E'VIC',E'3095',NULL,NULL,E'0427184794',E'mick@hookem.com.au',TRUE,FALSE),
      (42,27,E'Jim',E'Anderson',E'18 Strathearn Drive ',E'Sunbury',E'VIC',E'3429',NULL,NULL,E'0414 552 753',E'jim@anderwoods.com.au',TRUE,FALSE),
      (43,27,E'Robert',E'Munter',E'37 Cuthbert Street',E'Niddrie',E'VIC',E'3042',NULL,NULL,E'0409 350 175',E'munterr@gmail.com',TRUE,FALSE),
      (44,27,E'Arron',E'Sutton',E'15 Lexington Ave',E'Doreen',E'VIC',E'3754',NULL,NULL,E'0404 839 207',E'Arron.Sutton@premiumbeverages.com.au',TRUE,FALSE),
      (45,39,E'Matthew',E'Irwin',E'15 Goodenia Drive',E'Benalla',E'VIC',E'3672',E'57625092',NULL,E'0427970570',E'matt.irwin@y7mail.com',TRUE,FALSE),
      (46,39,E'Anthony',E'Cairncross',E'34 Thomas St',E'Benalla',E'VIC',E'3672',NULL,NULL,E'0427984790',E'anthony.cairncross@city-holdings.com.au',TRUE,FALSE),
      (47,42,E'Neil',E'Rose',E'71 Fernhill Road',E'Mount Evelyn',E'VIC',E'3796',E'04000047328',NULL,E'0400047328',E'neilandfrose@bigpond.com',TRUE,FALSE),
      (48,47,E'Darrell',E'Phillips',E'PO Box 1077',E'Echuca',E'VIC',E'3564',NULL,NULL,E'0413126442',E'dp-hdbuilders7@bigpond.com',TRUE,FALSE),
      (49,47,E'Trevor',E'Brown',E'PO Box 1077',E'Echuca',E'VIC',E'3564',NULL,NULL,E'0448835241',E'dp-hdbuilders7@bigpond.com',TRUE,FALSE),
      (50,87,E'John',E'Irwin',E'26 Arundel St ',E'Benalla',E'VIC',E'3672',NULL,NULL,E'0417156083',E'bigfella18@bigpond.com',TRUE,FALSE),
      (51,102,E'Lincoln',E'Adcock',E'2 Valiant Court',E'Golden Square',E'VIC',E'3555',NULL,NULL,E'0417398525',E'lincolnadcock@gmail.com',TRUE,FALSE),
      (52,55,E'Stephen',E'O\'Donoghue',E'277 Murrabit West Road',E'Murrabit',E'VIC',E'3579',E'354572264',NULL,E'0418577238',E'burrpark@bigpond.com',TRUE,FALSE),
      (53,55,E'Leigh',E'Forster',E'92 Victoria Street',E'Pyramid Hill',E'VIC',E'3575',E'354557554',NULL,E'0427847033',E'leighanddeb@bigpond.com',TRUE,FALSE),
      (54,33,E'Bruce',E'Dunstan',E'1 Nyora Road',E'Eltham',E'VIC',E'3095',NULL,NULL,E'0413 949 027',E'admin@hookem.com.au',TRUE,FALSE),
      (55,33,E'Mitch',E'Dunstan',E'1 Nyora Road',E'Eltham',E'VIC',E'3095',NULL,NULL,E'0413 949 027',E'admin@hookem.com.au',TRUE,FALSE),
      (56,44,E'Adam',E'Richards',E'14 firns lane',E'Amphitheatre',E'VIC',E'3468',NULL,NULL,E'0408649730',E'hayleybond@hotmail.com',TRUE,FALSE),
      (57,44,E'Hayley',E'Bond',E'14 firns lane',E'Amphitheate',E'VIC',E'3468',NULL,NULL,E'0412319489',E'hayleybond@hotmail.com',TRUE,FALSE),
      (58,44,E'Ross',E'Dowdy',E'80 Bailey st',E'Amphitheatre',E'VIC',E'3468',NULL,NULL,NULL,E'rldowdy@hotmail.com',TRUE,FALSE),
      (59,44,E'Louise',E'Dowdy',E'80 Bailey st',E'Amphitheatre',E'VIC',E'3468',NULL,NULL,NULL,E'rldowdy@hotmail.com',TRUE,FALSE),
      (60,103,E'Daniel',E'Irwin',E'511 Mary Ann Rd',E'Echuca',E'VIC',E'3564',E'54802586',NULL,E'0429869339',E'jodon027@gmail.com',TRUE,FALSE),
      (61,9,E'Anthony',E'Anderson',E'5 Stanson place ',E'Maiden Gully',E'VIC',E'3551',NULL,NULL,E'0448772223',E'anthony.anderson@simonds.com.au',TRUE,FALSE),
      (62,9,E'Andrew',E'Shotton',E'818 Lockington Rd ',E'Rochester',E'VIC',E'3561',NULL,NULL,E'0428506228',E'shotto@iinet.net.au',TRUE,FALSE),
      (63,104,E'Nick',E'Hein',E'346 Guilmartin Road',E'Myall',E'VIC',E'3579',NULL,NULL,E'0409 533 153',E'nhe40472@bigpond.net.au',TRUE,FALSE),
      (64,105,E'Brad',E'Hein',E'393 Myall Road',E'Myall',E'VIC',E'3579',NULL,NULL,E'0409 570241',E'skipp_04@hotmail.com',TRUE,FALSE),
      (65,6,E'Sam',E'Bowles',E'43 Tampion Ave',E'Lalbert',E'VIC',E'3542',E'(03) 5457 3243',NULL,E'04 2899 5424',E'bowlesie_392@hotmail.com',TRUE,FALSE),
      (66,6,E'Kyle',E'Edelsten',E'4 Sebastion Close',E'Swan Hill',E'VIC',E'3585',NULL,NULL,E'0474277813',E'eggy221@gmail.com',TRUE,FALSE),
      (67,28,E'daniel',E'lawrence',E'7 cooke drive ',E'pyalong',E'VIC',E'3521',E'0448027639',NULL,E'0448027639',E'nat.dan8@bigpond.com',TRUE,FALSE),
      (68,28,E'terry',E'flett',E'porcupine crescent',E'chintin',E'VIC',E'3756',E'0417770873',NULL,E'0417770873',E'terry.flett@superiorpak.com.au',TRUE,FALSE),
      (69,22,E'colin',E'stubbs',E'18 moore street',E'Hamilton',E'VIC',E'3300',NULL,NULL,E'0428 528614',E'colin.stubbs@cervusequipment.com.au',TRUE,FALSE),
      (70,22,E'Peter',E'Crane',E'Kent Road',E'Hamilton',E'VIC',E'3300',NULL,NULL,NULL,E'colin.stubbs@cervusequipment.com.au',TRUE,FALSE),
      (71,23,E'Ronald',E'Heritage',E'31 Hermitage Rd',E'MAIDEN GULLY',E'VIC',E'3551',NULL,NULL,E'0418 987 546',E'mareebrewer@hotmail.com',TRUE,FALSE),
      (72,106,E'Ken',E'Levy',E'1A',E'Salisbury St  Benalla',E'VIC',E'3672',NULL,NULL,E'0417010636',E'melevy@bigpond.net.au',TRUE,FALSE),
      (73,84,E'DAVID',E'CARTER',E'42 poole st',E'maryborough',E'VIC',E'3465',NULL,NULL,E'0488408400',E'daveonsite4@gmail.com',TRUE,FALSE),
      (74,54,E'Grant',E'Ronchi',E'12 lewana way',E'Strathfieldsaye',E'VIC',E'3551',NULL,NULL,E'0448768543',E'grant_ronchi@yahoo.com.au',TRUE,FALSE),
      (75,54,E'Ian',E'Miller',E'91 helpers road',E'Woodend',E'VIC',E'3442',NULL,NULL,E'0408271493',E'imi26518@bigpond.net.au',TRUE,FALSE),
      (76,48,E'Des',E'Stakelum',E'168 Aspinall St ',E'Kangaroo Flat',E'VIC',E'3555',NULL,NULL,E'0407 877 315',E'dstakelum@me.com',TRUE,FALSE),
      (77,48,E'Adam',E'Beardon',E'65 Dysons Rd',E'mandurang',E'VIC',E'3551',NULL,NULL,E'0427 234 054',E'abeardon@pwercor.com.au',TRUE,FALSE),
      (78,53,E'Joe',E'Gilhooley',E'35',E'ELTHAM',E'VIC',E'3095',NULL,NULL,E'0423935525',E'joe.gilhooley1990@outlook.com',TRUE,FALSE),
      (79,53,E'Jesse',E'Howell',E'3 fulton close',E'Diamond creek',E'VIC',E'3089',NULL,NULL,E'0434649771',E'jesse_howell_24@hotmail.com',TRUE,FALSE),
      (80,107,E'Zac',E'Cole',E'63 lavender park road Eltham ',E'Eltham ',E'VIC',E'3095',NULL,NULL,NULL,E'zaccole@live.com.au',TRUE,FALSE),
      (81,108,E'Tim',E'Woods',E'1 Bayfield Drive',E'Eltham',E'VIC',E'3095',NULL,NULL,E'0432347604',E'howellnwoods@gmail.com',TRUE,FALSE),
      (82,85,E'Matthew',E'Johnson',E'30 Logan st',E'Maryborough',E'VIC',E'3465',E'0409235358',NULL,NULL,E'mattyjohnson77@hotmail.com',TRUE,FALSE),
      (83,15,E'Tom',E'Wood',E'49 Pakenham Street',E'Echuca',E'VIC',E'3564',NULL,NULL,E'0428607048',E't.swood@hotmail.com',TRUE,FALSE),
      (84,15,E'Ryan',E'Cornell',E'19 Kooringle Drive',E'Eaglehawk ',E'VIC',E'3556',NULL,NULL,E'0438 103 052',E'ryan.cornell@simonds.com.au',TRUE,FALSE),
      (85,57,E'Peter',E'Parker',E'146 Hannah Lane',E'Murrabit',E'VIC',E'3579',NULL,NULL,E'0427880949',E'parkerjkx1@bigpond.com',TRUE,FALSE),
      (86,57,E'Robert',E'McFarlane',E'18 Lalbert Road',E'Lake Boga',E'VIC',E'3854',NULL,NULL,NULL,E'le_mcfarlane@bigpond.com',TRUE,FALSE),
      (87,109,E'john',E'atkin',E'55 elizabeth st',E'castlemaine',E'VIC',E'3450',E'354706510',NULL,E'0439131831',E'magpie-john55@hotmail.com',TRUE,FALSE),
      (88,110,E'Jeff',E'Parker',E'667 Epsom-Barnadown Rd',E'BAGSHOT',E'VIC',E'3551',NULL,NULL,E'0458 886 201',E'grandview3537@gmail.com',TRUE,FALSE),
      (89,25,E'Brandon',E'Mckenna',E'37 emmett st',E'Golden square',E'VIC',E'3555',NULL,NULL,E'0400774165',E'brandonmckenna88@gmail.com',TRUE,FALSE),
      (90,25,E'Matthew',E'Mckenna',E'37 emmett st',E'Golden square',E'VIC',E'3555',NULL,NULL,NULL,E'brandonmckenna88@gmail.com',TRUE,FALSE),
      (91,111,E'Barry',E'Tanner',E'2730 Bacchus Marsh/ Balliang Rd',E'Bacchus Marsh',E'VIC',E'3340',E'0400222824',NULL,NULL,E'barry@boatcatch.com',TRUE,FALSE),
      (92,112,E'michael',E'cook',E'po box 454',E'koondrook',E'VIC',E'3580',E'0429160751',NULL,E'0429160751',E'mlcook@westnet.com.au',TRUE,FALSE),
      (93,90,E'Justin',E'Faint',E'489 Waterloo Road',E'Waterloo',E'SA',E'5413',E'08 88484238',NULL,E'0438884238',E'justinfaint@hotmail.com',TRUE,FALSE),
      (94,113,E'Jeremy',E'Boag',E'34 alfred street',E'Port melbourne',E'VIC',E'3207',NULL,NULL,E'0438109717',E'jeremyboag@gmail.com',TRUE,FALSE),
      (95,114,E'Sam',E'Latter',E'20 Bendigo Cresent',E'Flora Hill',E'VIC',E'3550',E'0427 669 888',NULL,NULL,E'samlatter8@gmail.com',TRUE,FALSE),
      (96,50,E'Wayne',E'Moorfoot',E'po box 6294/ 503 napier Street',E'White Hills',E'VIC',E'3550',NULL,NULL,E'0498741875',E'wmoorfoot@gmail.com',TRUE,FALSE),
      (97,50,E'Daniel',E'Beer',E'unit 2/ 10 wallaby avenue',E'Kangaroo Flat',E'VIC',E'3555',NULL,NULL,E'0400 822 363',E'wild.inc@hotmail.com',TRUE,FALSE),
      (98,26,E'Kevin',E'Booth',E'Po box 139',E'Lake Boga',E'VIC',E'3584',NULL,NULL,E'0417140865',E'stacka18@hotmail.com',TRUE,FALSE),
      (99,26,E'Jack',E'Dyer',E'Po box 139',E'Lake Boga',E'VIC',E'3585',NULL,NULL,NULL,E'stacka18@hotmail.com',TRUE,FALSE),
      (100,12,E'Steven',E'Peirce',E'64 Finlay Rd',E'Thurgoona',E'NSW',E'2640',NULL,NULL,E'0427 799 006',E's.peirce@hotmail.com',TRUE,FALSE),
      (101,12,E'Anthony',E'Harmer',E'38 Cassinia',E'Thurgoona',E'NSW',E'2640',NULL,NULL,E'0459 800 058',E'anthony.harmer10@gmail.com',TRUE,FALSE),
      (102,38,E'Glenn',E'Fitt',E'18 Woodend Ave',E'Eynesbury ',E'VIC',E'3338',E'0408522416',NULL,NULL,E'fitty1@live.com.au',TRUE,FALSE),
      (103,38,E'Jason',E'Cooper',E'58 Lomandra Drive ',E'Teesdale',E'VIC',E'3328',NULL,NULL,NULL,E'fitty1@live.com.au',TRUE,FALSE),
      (104,115,E'Peter',E'Height',E'269 brown road',E'Echuca ',E'VIC',E'3564',E'54835306',NULL,E'408505426',E'height16@bigpond.com',TRUE,FALSE),
      (105,116,E'Jason',E'Booth',E'18 Montgomery crs',E'White hills ',E'VIC',E'3550',NULL,NULL,E'438372556',E'jason.stacka@gmail.com',TRUE,FALSE),
      (106,117,E'Brady',E'Rowan',E'13 Gledhill Rise ',E'Kangaroo Flat',E'VIC',E'3555',NULL,NULL,NULL,E'brady_15_@hotmail.com',TRUE,FALSE),
      (107,56,E'Steven',E'Swanborough',E'178 Wiegards road ',E'Lockwood',E'VIC',E'3551',E'354353531',NULL,E'429811414',E'swanborough8@outlook.com',TRUE,FALSE),
      (108,56,E'Gabrielle',E'Swanborough',E'178 Wiegards road ',E'Lockwood',E'VIC',E'3551',E'354353531',NULL,E'418897374',E'swanborough8@outlook.com',TRUE,FALSE),
      (109,56,E'Stuart',E'Beagley',E'lot 67 kulmani st',E'jack ass flat',E'VIC',E'3556',NULL,NULL,E'458467122',E'Stubeagley@gmail.com',TRUE,FALSE),
      (110,49,E'Mark',E'Hearn',E'Midland Hwy',E'Huntly',E'VIC',E'3551',NULL,NULL,E'404595047',E'markhearn@bendigotruss.com.au',TRUE,FALSE),
      (111,49,E'John',E'Raven',E'11 Railway Tce',E'Kangaroo Flat',E'VIC',E'3555',NULL,NULL,E'409437478',E'johnraven@bendigotruss.com.au',TRUE,FALSE),
      (112,30,E'troy',E'van groen',E'15 oldbridge blvd ',E'melton south',E'VIC',E'3338',NULL,NULL,E'428903850',E'troy0_@hotmail.com',TRUE,FALSE),
      (113,30,E'malcolm',E'macgregor',E'22 glenelly street',E'melton south',E'VIC',E'3338',NULL,NULL,E'431578018',E'm.macgregor@live.com.au',TRUE,FALSE),
      (114,14,E'adrian',E'deppeler',E'116 Lake William Rd.,',E'Mystic Park',E'VIC',E'3579',E'61354579185',NULL,E'61354579185',E'adrian.mtl@bigpond.com',TRUE,FALSE),
      (115,14,E'nick',E'kelly',E'naretha st.',E'swan hill',E'VIC',E'3585',NULL,NULL,NULL,E'nkelly@bigpond.com',TRUE,FALSE),
      (116,37,E'Matthew',E'Forster',E'3 Egans Rd',E'Huntly',E'VIC',E'3551',E'354488910',NULL,E'400998411',E'matthewforster@hyline.com.au',TRUE,FALSE),
      (117,41,E'Ashley',E'Madden',E'po box 802',E'Red Cliffs',E'VIC',E'3496',E'439898174',NULL,E'439898174',E'ashbannaindianna@hotmail.com',TRUE,FALSE),
      (118,41,E'Jakob',E'Hartshorn',E'89 Ontario ave',E'Mildura',E'VIC',E'3500',E'457047911',NULL,E'457047911',E'sunraysiatpm@gmail.com',TRUE,FALSE),
      (119,51,E'Andrew',E'Spitty',E'239 Stevenson Road',E'Lake Charm',E'VIC',E'3581',NULL,NULL,E'0434 198 083',E'andrew@essentialassessment.com.au',TRUE,FALSE),
      (120,51,E'Joe',E'Stevenson',E'234 Stevenson Road',E'Lake Charm',E'VIC',E'3581',NULL,NULL,NULL,E'andrew@essentialassessment.com.au',TRUE,FALSE),
      (121,36,E'Brendan',E'Johnson',E'84 nelson street',E'maryborough',E'VIC',E'3465',NULL,NULL,E'439341815',E'johnsoncaravans@tpg.com.au',TRUE,FALSE),
      (122,36,E'Aaron',E'Graham',E'30 Goldsmith stre',E'maryborough',E'VIC',E'3465',NULL,NULL,E'458626636',E'johnsoncaravans@tpg.com.au',TRUE,FALSE),
      (123,36,E'Jason',E'Partridge',E'84 nelson street',E'maryborough',E'VIC',E'3465',NULL,NULL,E'408178810',E'johnsoncaravans@tpg.com.au',TRUE,FALSE),
      (124,19,E'Andrew',E'Bingham',E'6 Carlin way',E'Marong',E'VIC',E'3515',NULL,NULL,E'498397280',E'ajbingham@hotmail.com',TRUE,FALSE),
      (125,119,E'Greg',E'Henry',E'324 Murrabit West Road',E'GonnCrossing',E'VIC',E'3579',NULL,NULL,E'418511953',E'greghenry5@bigpond.com',TRUE,FALSE),
      (126,120,E'Jason',E'Boyd',E'22 Market Garden Circuit',E'Epsom',E'VIC',E'3551',E'439738616',NULL,NULL,E'jason.b@deepcoredrilling.com',TRUE,FALSE),
      (127,31,E'Ian',E'Collicoat',E'42 Sutton Road',E'Maryborough',E'VIC',E'3465',E'54613274',NULL,E'417200391',E'dcollicoat@outlook.com',TRUE,FALSE),
      (128,31,E'Dean',E'Collicoat',E'42 Sutton Road',E'Maryborough',E'VIC',E'3465',E'54613274',NULL,E'473986951',E'dcollicoat@outlook.com',TRUE,FALSE),
      (129,45,E'Jason',E'Olsson',E'7 Carlin Way ',E'Marong',E'VIC',E'3515',NULL,NULL,E'0401 716 562',E'shally_o@hotmail.com',TRUE,FALSE),
      (130,45,E'Joshua',E'Parsons',E'95 Honeysuckle Street',E'Ironbark',E'VIC',E'3550',NULL,NULL,E'418177158',E'jaypee2189@icloud.com',TRUE,FALSE),
      (131,3,E'Matthew',E'Webb',E'14 Lyall Ave',E'Kerang',E'VIC',E'3579',E'61354522964',NULL,E'417318768',E'matthewwebb1@bigpond.com',TRUE,FALSE),
      (132,3,E'Dean',E'Carter',E'24 Leslie st',E'Marong',E'VIC',E'3515',E'403049528',NULL,NULL,E'matthewwebb1@bigpond.com',TRUE,FALSE),
      (133,85,E'Jason',E'Brown',E'30 Logan st',E'Maryborough ',E'VIC',E'3465',NULL,NULL,E'407501077',E'mattyjohnson77@hotmail.com',TRUE,FALSE),
      (134,46,E'Corey',E'Gilmore',E'7 Earls court ',E'Golden Square',E'VIC',E'3555',NULL,NULL,E'435914362',E'corka37@gmail.com',TRUE,FALSE),
      (135,46,E'Kevin',E'Bloom',E'7 Rotherwood St',E'Richmond',E'VIC',E'3121',NULL,NULL,E'421787265',E'corka37@gmail.com',TRUE,FALSE),
      (136,121,E'Ross',E'Stanton',E'1610 Cohuna-Koondrook Rd',E'Cohuna',E'VIC',E'3568',E'54531677',NULL,E'417515769',E'ross.stanton@gmwater.com.au',TRUE,FALSE),
      (137,122,E'Cameron',E'Place',E'27 Wallington Rd',E'Ocean Grove',E'VIC',E'3226',NULL,NULL,E'400451166',E'cameron.place@bendigobank.com.au',TRUE,FALSE),
      (138,123,E'Sam',E'Gatt',E'21a price avene',E'Montmorency',E'VIC',E'3094',NULL,NULL,E'439986141',E'samgatt1991@hotmail.com',TRUE,FALSE),
      (139,124,E'Kristian',E'Bray',E'161 Boundary st',E'Kerang',E'VIC',E'3579',E'427421018',NULL,NULL,E'eggbray@hotmail.com',TRUE,FALSE),
      (140,7,E'Bryden',E'Morison',E'49 Wyndham st',E'Kerang',E'VIC',E'3579',E'408895398',NULL,NULL,E'bryden_123@hotmail.com',TRUE,FALSE),
      (141,7,E'Dylan',E'Morison',E'118 Boundary st',E'Kerang',E'VIC',E'3579',E'488778248',NULL,NULL,E'dylan_357@hotmail.com',TRUE,FALSE),
      (142,11,E'Paul',E'Battle',E'196 West Road',E'Kerang',E'VIC',E'3579',NULL,NULL,E'448601480',E'smcneilelectrical@bigpond.com',TRUE,FALSE),
      (143,11,E'Sharon',E'Battle',E'196 West Road',E'Kerang',E'VIC',E'3579',NULL,NULL,E'448601480',E'smcneilelectrical@bigpond.com',TRUE,FALSE),
      (144,66,E'Dale',E'Laursen',E'130 Grigg Road',E'Koondrook',E'VIC',E'3580',NULL,NULL,E'40409332015',E'smcneilelectrical@bigpond.com',TRUE,FALSE),
      (145,125,E'Bailey & Jordan',E'McNeil',E'918 Myall Road',E'Myall',E'VIC',E'3579',NULL,NULL,E'419561126',E'smcneilelectrical@bigpond.com',TRUE,TRUE),
      (146,126,E'William',E'Hastie',E'15 Ninth Street',E'Kerang',E'VIC',E'3579',NULL,NULL,NULL,E'smcneilelectrical@bigpond.com',TRUE,FALSE),
      (147,127,E'Daniel',E'Whitehead',E'2 Caulfield drive ',E'Ascot',E'VIC',E'3551',NULL,NULL,E'409184183',E'dawhitehead@powercor.com.au',TRUE,FALSE),
      (148,128,E'Don',E'Watson',E'1365 Hansen Rd',E'Lockington',E'VIC',E'3563',NULL,NULL,E'457413323',E'sheeldon58@bigpond.com',TRUE,FALSE),
      (149,129,E'Chris',E'Hunter',E'6 Dunlop st',E'Kerang',E'VIC',E'3579',NULL,NULL,NULL,E'dubhunter@bigpond.com',TRUE,FALSE),
      (150,77,E'Joanne',E'Shields',E'1982 Northern Grampians Rd',E'Laharum',E'VIC',E'3401',NULL,NULL,E'419879447',E'jajb@bordernet.com.au',TRUE,FALSE),
      (151,77,E'Jamie',E'Parfett',E'Henty Highway',E'Horsham',E'VIC',E'3400',NULL,NULL,NULL,E'rebecca_katelyn@hotmail.com',TRUE,FALSE),
      (152,77,E'Adam',E'Shields',E'1982 Northern Grampians Rd',E'Laharum',E'VIC',E'3401',NULL,NULL,E'437543435',E'jajb@bordernet.com.au',TRUE,FALSE),
      (153,77,E'Lisa',E'Rintoule',E'2 Duff St',E'Horsham',E'VIC',E'3400',NULL,NULL,NULL,E'rutphoto@bigpond.com',TRUE,FALSE),
      (154,130,E'Darby',E'Stanton',E'1610 Cohuna Koondrook Rd',E'Cohuan',E'VIC',E'3568',NULL,NULL,NULL,E'ross.stanton@gmwater.com.au',TRUE,FALSE),
      (155,35,E'Boff',E'Larenzen',E'2 wills st',E'Maryborough ',E'VIC',E'3468',E'354662249',NULL,E'488276704',E'crystalbkarmstrong@outlook.com',TRUE,FALSE),
      (156,35,E'Greg',E'Thomson',E'2238 amphitheatre rd',E'Amphitheatre ',E'VIC',E'3468',E'03 54662249',NULL,E'400490518',E'Nathanthomson90@Gmail.com',TRUE,FALSE),
      (157,43,E'Nathan',E'Thomson',E'9 cummins st',E'BEAUFORT',E'VIC',E'3373',E'450533708',NULL,E'450533708',E'Nathanthomson90@Gmail.com',TRUE,FALSE),
      (158,43,E'Crystal',E'Armstrong',E'9 cummins st',E'BEAUFORT',E'VIC',E'3373',E'450533708',NULL,E'450533708',E'Nathanthomson90@Gmail.com',TRUE,FALSE),
      (159,52,E'joel',E'bramble',E'5 bruton st',E'stswan hill',E'VIC',E'3585',NULL,NULL,E'437659962',E'bramble5@bigpond.com.au',TRUE,FALSE),
      (160,52,E'matthew',E'roberts',E'5 bruton street ',E'swan hill ',E'VIC',E'3585',NULL,NULL,NULL,E'bramble5@bigpond.com',TRUE,FALSE),
      (161,131,E'Rhys',E'Pontelandolfo',E'3 Amy place',E'Echuca',E'VIC',E'3564',NULL,NULL,E'408844341',E'cameron.place@bendigobank.com.au',TRUE,FALSE),
      (162,132,E'Colin',E'Dick',E'28 Mulberry Pass',E'Craigieburn',E'VIC',E'3064',E'421422744',NULL,E'401954970',E'shonajoan@yahoo.com',TRUE,FALSE),
      (163,40,E'ashley',E'mcdonald',E'11 birdwood crt',E'lara',E'VIC',E'3212',NULL,NULL,E'438415799',E'ashjan59@yahoo.com.au',TRUE,FALSE),
      (164,40,E'Daryl',E'Charlton',E'36 Sycamore Street ',E'Hamlyn Heights',E'VIC',E'3215',NULL,NULL,NULL,E'firey40@yahoo.com.au',TRUE,FALSE),
      (165,133,E'Mick',E'Daykin',E'80 Burgoyne street',E'Huntly ',E'VIC',E'3551',NULL,NULL,E'438243432',E'mickdaykin77@gmail.com',TRUE,FALSE),
      (166,16,E'Craig',E'Weston',E'21 Amron st ',E'Chelsea heights',E'VIC',E'3196',NULL,NULL,E'409697063',E'craig-weston@hotmail.com',TRUE,FALSE),
      (167,16,E'Sarah',E'Perry',E'3 Buderim court',E'Maiden gully',E'VIC',E'3551',NULL,NULL,NULL,E'sarah.perry@sjog.org.au',TRUE,FALSE),
      (168,32,E'Rhys',E'Neville',E'4462b Murray valley highway',E'Lake boga',E'VIC',E'3584',NULL,NULL,E'428097180',E'nev_53@hotmail.com',TRUE,FALSE),
      (169,32,E'Lauren',E'Faliszewski',E'4462b Murray valley highway',E'Lake boga',E'VIC',E'3584',NULL,NULL,E'428145283',E'fella_chef_ski@hotmail.com',TRUE,FALSE),
      (170,135,E'Brad',E'Eames',E'28 Robb Drive',E'Romsey',E'VIC',E'3434',E'354293941',NULL,E'402256802',E'bradeames@internode.on.net',TRUE,FALSE),
      (171,91,E'Kyal',E'Siebert',E'PO Box 609',E'Swan Hill',E'VIC',E'3585',NULL,NULL,E'0400 106 149',E'kyalsiebert@gmail.com',TRUE,FALSE),
      (172,135,E'Steven',E'Daly',E'9 Crimmins Way',E'Kilmore ',E'VIC',E'3764',NULL,NULL,E'409802766',E'stevenandclare@gmail.com',TRUE,FALSE),
      (173,135,E'Kevin',E'Craddock',E'7 Kingbird Cresent',E'Doreen',E'VIC',E'3754',NULL,NULL,E'455287870',E'kc140280@hotmail.com',TRUE,FALSE),
      (174,86,E'Mick',E'Coobs',E'92 Shadforth Street',E'Kerang',E'VIC',E'3579',E'354521650',NULL,E'488521643',E'vickicoobs@bigpond.com',TRUE,FALSE),
      (175,137,E'Brad',E'Murray',E'287 lower lodden rd ',E'Kerang ',E'VIC',E'3570',NULL,NULL,E'458584293',E'matthewwebb1@bigpond.com',TRUE,FALSE),
      (176,138,E'Dave',E'Mooney',E'13 Vistarini Road',E'Murrabit West',E'VIC',E'3579',NULL,NULL,E'427572411',E'davidmooney2@bigpond.com',TRUE,FALSE),
      (177,139,E'Kyle',E'Keane',E'12 station ',E'Koondrook ',E'VIC',E'3580',NULL,NULL,E'ΓÇ¡+61 418 180 359ΓÇ¼',E'kyle.keane123@hotmail.com',TRUE,FALSE),
      (178,140,E'Steven John',E'Edwards',E'P.O. Box 983',E'Echuca',E'VIC',E'3564',E'418505398',NULL,E'418505398',E'sedwards1963@hotmail.com',TRUE,FALSE),
      (179,141,E'Glen',E'mooney',E'915 lowe road',E'Bamawm',E'VIC',E'3561',NULL,NULL,E'428110071',E'gdviney@gmail.com',TRUE,FALSE),
      (180,88,E'nick',E'bowles',E'64 tampion ave',E'lalbert',E'VIC',E'3029',E'54573243',NULL,E'401546597',E'bowlzy26@hotmail.com.au',TRUE,FALSE),
      (181,142,E'Casey',E'Rooney',E'15 Jensen street',E'Hadfield ',E'VIC',E'3046',NULL,NULL,E'406333559',E'pogga_001@hotmail.com',TRUE,FALSE),
      (182,143,E'Adam',E'Bujdoso',E'24 Cullen street ',E'Kerang',E'VIC',E'3579',NULL,NULL,E'429564866',E'adambudda03@hotmail.com',TRUE,FALSE),
      (183,69,E'Jeff',E'Gillingham',E'Lake Charm',E'Lake Charm',E'VIC',E'3581',NULL,NULL,E'0428 500 702',NULL,TRUE,FALSE),
      (184,69,E'Peter',E'Ladgrove',E'Kerang',E'Kerang',E'VIC',E'3579',NULL,NULL,NULL,NULL,TRUE,FALSE),
      (185,65,E'Josh',E'Martins',E'PO Box 16',E'Lake Charm',E'VIC',E'3551',NULL,NULL,E'0411 587 445',NULL,TRUE,FALSE),
      (186,144,E'Terry',E'Stacey',E'100 Lilac Ave',E'Kerang',E'VIC',E'3579',NULL,NULL,E'0428 503 377',NULL,TRUE,FALSE),
      (187,90,E'Jamie',E'Semmler',E'1751 Koondrook Murrabit Rd',E'Murrabit',E'VIC',E'3579',NULL,NULL,E'0411 585 716',E'semmcofarms@westnet.com.au',TRUE,FALSE),
      (188,145,E'Brenden',E'Fletcher',E'4 Sweeney St',E'Bendigo',E'VIC',E'3550',E'5442 8853',NULL,NULL,NULL,TRUE,FALSE),
      (189,76,E'Luke',E'Williams',E'31 Willoughby St',E'Murchison',E'VIC',E'3610',NULL,NULL,E'0447 520 810',NULL,TRUE,FALSE),
      (190,76,E'Tavis',E'Hogan',E'Jone St',E'Avenez',E'VIC',E'3664',NULL,NULL,E'0400 031 4801',NULL,TRUE,FALSE),
      (191,60,E'David',E'Semmler',E'106 Begelhole Rd',E'Murrabit',E'VIC',E'3579',E'03 5457 2470',NULL,E'0427 575 255',NULL,TRUE,FALSE),
      (192,62,E'Peter',E'Heffer',E'516 Murrabit West Rd',E'Murrabit West',E'VIC',E'3579',E'03 5457 2278',NULL,E'0408 054 880',NULL,TRUE,FALSE),
      (193,62,E'Brian',E'Smith',E'514 Murrabit West Rd',E'Murrabit',E'VIC',E'3579',NULL,NULL,E'0417 522 060',NULL,TRUE,FALSE),
      (194,78,E'Dermot',E'Moffat',E'52 Scoresby ST',E'Kerang',E'VIC',E'3579',NULL,NULL,E'0437 780 349',NULL,TRUE,FALSE),
      (195,139,E'Sam',E'McNeil',E'491 Miller Road',E'Kerang',E'VIC',E'3579',NULL,NULL,E'0400 642 239',NULL,TRUE,FALSE),
      (196,73,E'Kris',E'Dixon',E'14 Waugh St',E'Charlton',E'VIC',E'3525',E'03 54 911153',NULL,E'0427 364 566',E'kris.dixon@landmark.com.au',TRUE,FALSE),
      (197,64,E'Cameron',E'Malone',E'96 Redbank Rd',E'Seymour',E'VIC',E'3660',E'03 5792 3002',NULL,E'0400 591 332',NULL,TRUE,FALSE),
      (198,64,E'Damian',E'williams',E'219 High St',E'Nagambie',E'VIC',E'3608',NULL,NULL,E'0438 923 002',NULL,TRUE,FALSE),
      (199,42,E'Les',E'Bennett',E'224 McDougal Rd',E'Macorna',E'VIC',E'3579',E'5455 9241',NULL,E'0428 559 241',NULL,TRUE,FALSE),
      (200,146,E'Peter',E'Shay',E'116 Queens Ave',E'Maryborough',E'VIC',E'3465',NULL,NULL,E'0427 612 790',E'prandhjshay@bigpond.com',TRUE,FALSE),
      (201,75,E'Shane',E'Hamlyn-Harris',E'PO Box 65',E'Quambatook',E'VIC',E'3540',NULL,NULL,E'0488 577 153',NULL,TRUE,FALSE),
      (202,75,E'Darryl',E'McKenzie',E'18 Kerang Rd',E'Quambatook',E'VIC',E'3540',NULL,NULL,E'0429 809 743',NULL,TRUE,FALSE),
      (203,71,E'Neil',E'Bowles',E'43 Tampion Ave',E'Lalbert',E'VIC',E'3542',E'03 54513243',NULL,E'0427 515 589',NULL,TRUE,FALSE),
      (204,79,E'Ossie',E'Dixon',E'17 Kathleen Tce',E'Maiden Gully',E'VIC',E'3551',NULL,NULL,E'0447 711 088',E'ossiedix@bigpond.com',TRUE,FALSE),
      (205,79,E'David',E'Burt',E'23 Janelle Drive',E'Maiden Gully',E'VIC',E'3551',NULL,NULL,E'0439 712 258',NULL,TRUE,FALSE),
      (206,147,E'Lindsay',E'Oliver',E'3 Hocking Dr',E'Swan Hill',E'VIC',E'3585',E'5032 3316',NULL,E'0428 533 861',NULL,TRUE,FALSE),
      (207,59,E'Alan',E'Amos',E'116 Hannon Steet',E'Sea Lake',E'VIC',E'3533',E'03 5070 1395',NULL,E'0419 542 375',NULL,TRUE,FALSE),
      (208,59,E'Errol',E'Stacey',E'4 Park Street',E'Sea Lake',E'VIC',E'3533',NULL,NULL,E'0427 702 125',E'errol@baileystransport.com.au',TRUE,FALSE),
      (209,59,E'Stuart',E'Amos',E'116 Hannon Street',E'Sea Lake',E'VIC',E'3533',E'03 5070 1395',NULL,E'0466 050 462',E'stuartamoss98@gmail.com',TRUE,FALSE),
      (210,63,E'Phil',E'Frichot',E'38 Clarke St',E'Bendigo',E'VIC',E'3550',NULL,NULL,E'0428 511 826',NULL,TRUE,FALSE),
      (211,63,E'Luke',E'Lougoon',E'38 Clarke St',E'Bendigo',E'VIC',E'3550',NULL,NULL,E'0430 150 006',NULL,TRUE,FALSE),
      (212,148,E'Graham',E'Collicoat',E'20 Tullaroop Rd',E'Maryborough',E'VIC',E'3465',NULL,NULL,E'0417 851 202',NULL,TRUE,FALSE),
      (213,74,E'Sandra',E'Collier',E'16 Franklin Park Rd',E'Maryborough',E'VIC',E'3465',NULL,NULL,E'0437 527 876',NULL,TRUE,FALSE),
      (214,80,E'Max',E'Carroll',E'6 Forest St',E'Barham',E'NSW',E'2732',NULL,NULL,E'0412 549 152',NULL,TRUE,FALSE),
      (215,80,E'Peter',E'Hemmens',E'6 Forest St',E'Barham',E'NSW',E'2732',NULL,NULL,NULL,NULL,TRUE,FALSE),
      (216,80,E'Wayne',E'Martin',E'6 Forest St',E'Barham',E'NSW',E'2732',NULL,NULL,NULL,NULL,TRUE,FALSE),
      (217,80,E'Eric',E'O\'Neill',E'6 Dromana St',E'Glenroy',E'VIC',E'3046',NULL,NULL,E'0417 337 055',NULL,TRUE,FALSE),
      (218,81,E'Wesley',E'Danson',NULL,E'Barham',E'VIC',E'2712',NULL,NULL,NULL,NULL,TRUE,FALSE),
      (219,81,E'Snow',E'Danson',NULL,E'Murrabit',E'VIC',E'3579',NULL,NULL,NULL,NULL,TRUE,FALSE),
      (220,81,E'Robby',E'Cunnington',NULL,E'Bendigo',E'VIC',E'3550',NULL,NULL,NULL,NULL,TRUE,FALSE),
      (221,81,E'Aaron',E'Danson',NULL,E'Barham',E'VIC',E'2712',NULL,NULL,NULL,NULL,TRUE,FALSE),
      (222,81,E'Andrew',E'Leahy',NULL,E'Murrabit',E'VIC',E'3579',NULL,NULL,NULL,NULL,TRUE,FALSE),
      (223,149,E'Andy',E'Gray',NULL,E'Kerang',E'VIC',E'3579',NULL,NULL,NULL,NULL,TRUE,FALSE),
      (224,66,E'Bill',E'Hollard',E'4 Station St',E'Koondrook',E'VIC',E'3580',NULL,NULL,E'5453 2786',NULL,TRUE,FALSE),
      (225,72,E'Kev',E'Spiteri',E'33 Bakewell St',E'Bendigo',E'VIC',E'3550',NULL,NULL,E'0438 428 714',E'spiteriplumbing@hotmail.com',TRUE,FALSE),
      (226,72,E'Mark',E'Blink',E'220 Eaglehawk Rd',E'Longgully',E'VIC',E'3550',NULL,NULL,E'437431191',NULL,TRUE,FALSE),
      (227,67,E'Stuart',E'Martin',E'Leskenfere',E'Barham',E'NSW',E'2732',E'5034 3533',NULL,NULL,NULL,TRUE,FALSE),
      (228,67,E'Jack',E'Kelly',E'NA',E'NA',E'VIC',NULL,NULL,NULL,NULL,NULL,TRUE,TRUE),
      (229,67,E'Tom',E'Kelly',E'NA',E'NA',E'VIC',NULL,NULL,NULL,NULL,NULL,TRUE,TRUE),
      (230,68,E'Drew',E'Gray',E'579 Midland Hwy',E'Huntly',E'VIC',E'3551',E'03 5448 8330',NULL,E'0404 061 347',E'drew@graysbendigo.com.au',TRUE,FALSE),
      (231,68,E'Jack',E'Cowan',E'579 Midland Hwy',E'Huntly',E'VIC',E'3551',NULL,NULL,E'0417 050 913',NULL,TRUE,FALSE),
      (232,150,E'Geoff',E'Rumbold',E'2175 Boort-Kerang Rd',E'Leaghur',E'VIC',E'3537',E'5455 4282',NULL,E'0488 171 817',NULL,TRUE,FALSE),
      (233,84,E'Daryl',E'Carter',E'49 Argyle Road',E'Maryborough',E'VIC',E'3465',E'5461 3741',NULL,E'0428 613 741',E'cartersengineering@gmail.com',TRUE,FALSE),
      (234,61,E'Bill',E'Hazen',E'Murrabit PO',E'Murrabit',E'VIC',E'3579',E'5457 2213',NULL,NULL,NULL,TRUE,FALSE),
      (235,61,E'Rick',E'McKenzie',E'511 River Rd',E'Murrabit',E'VIC',E'3579',NULL,NULL,E'0427 989 236',NULL,TRUE,FALSE),
      (236,152,E'Trevor',E'Sleemen',E'12 Kating Lane',E'Myers Flat',E'VIC',E'3556',NULL,NULL,E'0429 434 646',NULL,TRUE,FALSE),
      (237,82,E'Bruce',E'Heritage',E'243 Ashwin Rd',E'Murrabit',E'VIC',E'3579',E'5457 0300',NULL,E'0428 862 218',NULL,TRUE,FALSE),
      (238,82,E'Ron',E'Chappel',E'243 Ashwin Rd',E'Murrabit',E'VIC',E'3579',NULL,NULL,E'0428 170 050',NULL,TRUE,FALSE),
      (239,153,E'Sharon',E'lougoon',E'36 Park Rd',E'Lake Charm',E'VIC',E'3581',E'0400 960 314',NULL,E'417346431',NULL,TRUE,FALSE),
      (240,70,E'Neville',E'Hunt',E'6 Lovely Drive',E'White Hills',E'VIC',E'3551',NULL,NULL,E'0418 539 925',NULL,TRUE,FALSE),
      (241,70,E'Adrian',E'Hansford',E'Turners Rd',E'Junourton',E'VIC',E'3550',NULL,NULL,NULL,NULL,TRUE,FALSE),
      (242,154,E'Len',E'Johnson',E'24 Majorca Rd',E'Maryborough',E'VIC',E'3465',E'5461 3482',NULL,NULL,NULL,TRUE,FALSE),
      (243,58,E'Tracey',E'Ridley',E'52 Sussex St',E'Linton',E'VIC',E'3360',NULL,NULL,E'0419 388 486',NULL,TRUE,FALSE),
      (244,58,E'Bill',E'Redmond',E'c/o 52 Sussex St',E'Linton',E'VIC',E'3360',NULL,NULL,E'0409 883 106',NULL,TRUE,FALSE),
      (245,155,E'Paul',E'Neivandt',E'198 McKenzie Rd',E'Kerang',E'VIC',E'3579',NULL,NULL,E'0429 188 308',E'paul.neivandt@gmwater.com.au',TRUE,FALSE),
      (246,83,E'Jack',E'Challis',E'PO Box 37',E'Murrabit',E'VIC',E'3579',E'5457 2494',NULL,E'0427 570 309',NULL,TRUE,FALSE),
      (247,83,E'Chris',E'Wagner',E'373 Tannery Lane',E'Strathfieldsaye',E'VIC',E'3551',E'5439 3668',NULL,E'0427 413 795',NULL,TRUE,FALSE),
      (248,156,E'Daniel',E'Buckland',E'8 Ayres St',E'Creswick',E'VIC',E'3363',NULL,NULL,E'0408 657 668',NULL,TRUE,FALSE),
      (249,157,E'Catherine',E'Thompson',E'NA',E'Murrabit',E'VIC',E'3579',NULL,NULL,NULL,NULL,TRUE,FALSE),
      (250,24,E'Peter',E'Tanner',E'66 Bannister St',E'North Bendigo ',E'VIC',E'3550',NULL,NULL,E'419798064',E'peter_tanner_1@yahoo.com.au',TRUE,FALSE),
      (251,24,E'Melanie',E'Tanner',E'66 Bannister St',E'North Bendigo ',E'VIC',E'3550',NULL,NULL,E'428399989',E'melaniemason_83@yahoo.com.au',TRUE,FALSE),
      (1001,158,E'Toby',E'Lambert',E'241 Dicksons Road',E'Cohuna',E'VIC',E'3568',E'354563371',NULL,NULL,E'beaulambert@hotmail.com',TRUE,TRUE),
      (1002,21,E'Nathan',E'Gilbert',E'5 Lisa Place ',E'Wallan ',E'VIC',E'3756',NULL,NULL,E'437300191',E'g.a.gilbert@bigpond.com',TRUE,TRUE),
      (1003,39,E'Cooper',E'Irwin',E'15 Goodenia Drive',E'Benalla',E'VIC',E'3672',E'57625092',NULL,E'476018557',E'coop.irwin@icloud.com',TRUE,TRUE),
      (1004,42,E'Darci',E'Rose',E'71 Fernhill Road',E'Mount Evelyn',E'VIC',E'3796',E'400047328',NULL,E'400047328',E'neilandfrose@bigpond.com',TRUE,TRUE),
      (1005,23,E'Alex',E'Dick',E'31 Hermitage Rd',E'MAIDEN GULLY',E'VIC',E'3551',NULL,NULL,E'0418 987 546',E'mareebrewer@hotmail.com',TRUE,TRUE),
      (278,37,E'Jai',E'Forster',E'3 Egans rd',E'Huntly',E'VIC',E'3551',E'354488910',NULL,E'477497519',E'matthewforster@hyline.com.au',TRUE,TRUE),
      (1007,41,E'Brianna',E'Madden',E'po box 802',E'Red Cliffs',E'VIC',E'3496',E'439898174',NULL,E'439898174',E'ashbannaindianna@hotmail.com',TRUE,TRUE),
      (1008,90,E'Alister',E'Semmler',E'1751 Koondrook Murrabit Rd',E'Murrabit',E'VIC',E'3579',NULL,NULL,NULL,E'semmcofarms@westnet.com.au',TRUE,TRUE),
      (1009,62,E'Tyson',E'Heffer',E'516 Murrabit West Rd',E'Murrabit West',E'VIC',E'3579',E'03 5457 2278',NULL,NULL,NULL,TRUE,TRUE),
      (1010,73,E'Bailey',E'Dixon',E'14 Waugh St',E'Charlton',E'VIC',E'3525',NULL,NULL,NULL,E'kris.dixon@landmark.com.au',TRUE,TRUE),
      (1011,72,E'Austin',E'Spiteri',E'33 Bakewell St',E'Bendigo',E'VIC',E'3550',NULL,NULL,E'0438 428 714',E'spiteriplumbing@hotmail.com',TRUE,TRUE),
      (1012,73,E'Connor',E'Hooper',E'14 Waugh St',E'Charlton',E'VIC',E'3525',NULL,NULL,NULL,E'kris.dixon@landmark.com.au',TRUE,TRUE);


-- Move to legacy schema
CREATE SCHEMA IF NOT EXISTS legacy_2016;
ALTER TABLE boat SET SCHEMA legacy_2016;
ALTER TABLE catch SET SCHEMA legacy_2016;
ALTER TABLE competitor SET SCHEMA legacy_2016;
