-- SQL Dump of murrabit-cod-challenge-2010.mdb
-- generated by MDB Viewer 2.2.7
-- optimized for PostgreSQL

SET NAMES 'UTF8';



DROP TABLE IF EXISTS "boat";

CREATE TABLE "boat" (
    "boat_id" INTEGER PRIMARY KEY,
    "name" TEXT,
    "registration_no" TEXT
);

INSERT INTO "boat"("boat_id","name","registration_no")
VALUES(26,E'Peirce',E'ABE2137N'),
      (27,E'Blake Shay',E'TBC'),
      (28,E'Potter',E'ML695'),
      (29,E'Pinniger',E'TBC'),
      (30,E'Johnson',E'TBC'),
      (31,E'Matt Johnson',E'MJ025'),
      (32,E'Nethercote',E'HJ871'),
      (33,E'McLeish',E'CD870'),
      (34,E'Hollard',E'TBC'),
      (35,E'Greenwood',E'TBC'),
      (36,E'Sarre',E'TBC'),
      (37,E'McKerow',E'TBC'),
      (38,E'Maher',E'GS878'),
      (39,E'Ficken',E'TBC'),
      (40,E'Staggard',E'OA081'),
      (41,E'Neville',E'TBC'),
      (42,E'Trevor McKerrow',E'HH301'),
      (43,E'Barby',E'FW808'),
      (44,E'McDonald',E'AFJ729N'),
      (45,E'Collicoat',E'MA967'),
      (46,E'McCann',NULL),
      (47,E'Hird',E'CW941'),
      (48,E'Humphrey',E'KY673'),
      (49,E'Watts',E'HF625'),
      (50,E'Forster',E'TBD'),
      (51,E'Sinclair',E'FE147'),
      (52,E'O\'Donoghue',E'PY802'),
      (53,E'Hogg',E'KN936'),
      (54,E'Masthieson',E'TBD'),
      (55,E'Teasdale',E'GG368'),
      (56,E'Gray',E'HT325'),
      (57,E'Radcliffe',E'TBD'),
      (58,E'Ben Kelly',E'KN906'),
      (59,E'Henry',E'KT633'),
      (60,E'Dummelow',E'HV327'),
      (61,E'Buckland',E'TBD'),
      (62,E'Heritage',E'KT674'),
      (63,E'Challis',E'PX590'),
      (64,E'Dakis',E'MJ025'),
      (65,E'Drechsler',E'TBD'),
      (66,E'Hazen',E'GS871'),
      (67,E'Dyer',E'TBD'),
      (68,E'Keath',E'PL229'),
      (69,E'Hucker',E'TBD'),
      (70,E'Rusty',E'TBD'),
      (71,E'McNeil',E'TBD'),
      (72,E'Schroeder',E'FH637'),
      (73,E'Sambrooks',E'FH'),
      (74,E'Hurse',E'MN20'),
      (75,E'Cook',E'TBD'),
      (76,E'Mason',E'TBD'),
      (77,E'McNeil',E'TBD'),
      (78,E'Kent McNeil',E'HN846'),
      (79,E'Russell',E'PortaBote'),
      (80,E'Peter McDonald',E'TBA'),
      (81,E'Hein',E'TBD'),
      (82,E'Hastie',E'TBD'),
      (83,E'Rick Maher',E'TBD'),
      (84,E'Wes Danson',E'TBD'),
      (85,E'Jarred Fletcher',E'LD793'),
      (86,E'Stacey',E'EF869'),
      (87,E'Lightbody',E'TBD'),
      (88,E'Scott',E'TBD'),
      (89,E'McKenna',E'EQ453'),
      (90,E'Webby',E'LV840'),
      (91,E'Greg Bagg',E'ZF211'),
      (92,E'Dylan Walter',E'TBD'),
      (93,E'Norton',E'TBD'),
      (94,E'Booth',E'ARO 20'),
      (95,E'Forster',E'KJ654'),
      (96,E'McKenzie',E'TBD'),
      (97,E'Joyce',E'TBA'),
      (98,E'Bray',E'TBA'),
      (99,E'McGowan',E'TBA'),
      (100,E'Keady',E'tbd'),
      (101,E'Riedell',E'EG308'),
      (102,E'Ritchie',E'KB'),
      (103,E'Lake',E'LX858'),
      (104,E'Row McKerrow',E'TBA'),
      (105,E'Hunt',E'FM396'),
      (106,E'Ettershank',E'TBD'),
      (107,E'hein',E'TBD'),
      (108,E'Dobie',E'TBD'),
      (109,E'Monk',E'TBD'),
      (110,E'Morton',E'TBD'),
      (111,E'coulter',E'TBD'),
      (112,E'Maslunka',NULL),
      (1,E'Rowland',E'UL093'),
      (2,E'Stacey',E'PZ1335'),
      (3,E'Stubbs',E'KV449'),
      (4,E'Jim Danson',E'Bank'),
      (5,E'Snow Danson',E'TBD'),
      (6,E'Henderson',E'TBD'),
      (7,E'Coobs',E'TBD'),
      (8,E'Semmler',E'TBD'),
      (9,E'Hamlyn-Harris',E'KG768'),
      (10,E'McDonald',E'DP931'),
      (11,E'Cartwright',E'Tavern'),
      (12,E'Carter',E'GS301'),
      (13,E'Spiteri',E'PT895'),
      (14,E'Gillingham',E'MD392'),
      (15,E'Waddell',E'MH420'),
      (16,E'Solomano',E'GF920'),
      (17,E'Solomano',E'MD669'),
      (18,E'Carter',E'DC336'),
      (19,E'Morton',E'JB545'),
      (20,E'Walker',E'CR386'),
      (21,E'Hartley',E'KB730'),
      (22,E'Parker',E'TBD'),
      (23,E'Watson',E'FE975'),
      (24,E'SHAY',E'VE193'),
      (25,E'Nicholas',E'PE105');



DROP TABLE IF EXISTS "catch";

CREATE TABLE "catch" (
    "catch_id" INTEGER PRIMARY KEY,
    "fish_type" TEXT,
    "competitor_id" INTEGER,
    "size" DOUBLE PRECISION,
    "date" TIMESTAMP,
    "time" TIMESTAMP,
    "marshall" TEXT,
    "bait" TEXT,
    "location" TEXT
);

INSERT INTO "catch"("catch_id","fish_type","competitor_id","size","date","time","marshall","bait","location")
VALUES(13,E'Carp',219,53,E'2010-03-13 00:00:00',E'1899-12-30 10:10:00',E'Rowan McKerrow',E'Shrimp',E'1'),
      (14,E'Carp',86,56.5,E'2010-03-13 00:00:00',E'1899-12-30 11:00:00',E'Rowan McKerrow',E'Grub',E'2'),
      (15,E'Murray Cod',124,60.5,E'2010-03-13 00:00:00',E'1899-12-30 11:00:00',E'Rowan McKerrow',E'Lure',E'1'),
      (16,E'Carp',22,56,E'2010-03-13 00:00:00',E'1899-12-30 03:24:00',E'Geoff McNeil',E'Grub',E'5'),
      (17,E'Yellowbelly',81,32.5,E'2010-03-13 00:00:00',E'1899-12-30 10:56:00',E'Nathan Henry',E'Worms',E'6'),
      (18,E'Yellowbelly',75,32.5,E'2010-03-13 00:00:00',E'1899-12-30 05:30:00',E'Brent McKnight',E'Shrimp',E'3'),
      (19,E'Yellowbelly',55,30,E'2010-03-13 00:00:00',E'1899-12-30 10:15:00',E'Daniel Nethicoate',E'Shrimp',E'9'),
      (20,E'Yellowbelly',68,39,E'2010-03-13 00:00:00',E'1899-12-30 11:09:00',E'Daniel Nethicoate',E'Shrimp',E'8'),
      (21,E'Yellowbelly',178,37,E'2010-03-13 00:00:00',E'1899-12-30 10:30:00',E'Daniel Nethicoate',E'Shrimp',E'7'),
      (22,E'Yellowbelly',68,40.5,E'2010-03-13 00:00:00',E'1899-12-30 13:00:00',E'Brent McKnight',E'Shrimp',E'8'),
      (23,E'Carp',252,45,E'2010-03-13 00:00:00',E'1899-12-30 17:45:00',E'Daniel Nethicoate',E'Cheese',E'7'),
      (24,E'Yellowbelly',176,45.5,E'2010-03-13 00:00:00',E'1899-12-30 11:00:00',E'Lachy Monk',E'Shrimp',E'11'),
      (25,E'Carp',176,40,E'2010-03-13 00:00:00',E'1899-12-30 12:00:00',E'Nathan McKnight',E'Shrimp',E'11'),
      (26,E'Yellowbelly',184,32,E'2010-03-13 00:00:00',E'1899-12-30 12:15:00',E'Nathan Henry',E'Shrimp',E'11'),
      (27,E'Carp',176,47,E'2010-03-13 00:00:00',E'1899-12-30 12:57:00',E'Matthew Webb',E'Shrimp',E'11'),
      (28,E'Carp',176,55,E'2010-03-13 00:00:00',E'1899-12-30 14:55:00',E'Matthew Webb',E'Shrimp',E'11'),
      (29,E'Yellowbelly',78,37.5,E'2010-03-13 00:00:00',E'1899-12-30 17:30:00',E'Cam Coulter',E'Shrimp',E'10'),
      (31,E'Carp',275,55,E'2010-03-14 00:00:00',E'1899-12-30 10:00:00',E'Simon Morton',E'Grub',E'10'),
      (32,E'Yellowbelly',176,36,E'2010-03-14 00:00:00',E'1899-12-30 10:55:00',E'Simon Morton',E'Shrimp',E'12'),
      (33,E'Yellowbelly',176,33,E'2010-03-14 00:00:00',E'1899-12-30 10:55:00',E'Simon Morton',E'Shrimp',E'12'),
      (34,E'Carp',172,62.5,E'2010-03-14 00:00:00',E'1899-12-30 09:25:00',E'Neil Hopkins',E'Shrimp',E'5'),
      (35,E'Yellowbelly',41,30.5,E'2010-03-14 00:00:00',E'1899-12-30 09:40:00',E'Neil Hopkins',E'Shrimp',E'4');



DROP TABLE IF EXISTS "competitor";

CREATE TABLE "competitor" (
    "competitor_id" INTEGER PRIMARY KEY,
    "boat_id" INTEGER,
    "firstname" TEXT,
    "surname" TEXT,
    "address" TEXT,
    "suburb" TEXT,
    "state" TEXT,
    "postcode" TEXT,
    "phone" TEXT,
    "fax" TEXT,
    "mobile" TEXT,
    "email" TEXT,
    "to pay" TEXT,
    "junior" TEXT
);

INSERT INTO "competitor"("competitor_id","boat_id","firstname","surname","address","suburb","state","postcode","phone","fax","mobile","email","to pay","junior")
VALUES(34,14,E'Jeff',E'Gillingham',E'PO Box 19',E'Lake Charm',E'VIC',E'3581',NULL,NULL,E'0428500702',NULL,NULL,NULL),
      (35,14,E'Peter',E'Ladgrove',E'71 Cullen',E'Kerang',E'VIC',E'3579',E'54522724',NULL,NULL,NULL,NULL,NULL),
      (8,15,E'David',E'Waddell',E'65 Staton St',E'Wallan East',E'VIC',E'3756',NULL,E'(03) 94576411',E'0400669002',E'frog.1974@hotmail.com',NULL,NULL),
      (255,15,E'Gary',E'Gilbert',E'6 Queen Adelaide  Crt',E'Wallan',E'VIC',E'3756',NULL,NULL,E'0458230615',NULL,NULL,NULL),
      (184,16,E'Glen',E'Solomano',E'73 Eaglehawlk Rd',E'Bendigo',E'VIC',E'3550',E'54440985',NULL,E'0418510758',NULL,NULL,NULL),
      (256,16,E'Steve',E'Kelson',E'51 Ellis St',E'Bendigo',E'VIC',E'3550',E'54416665',NULL,E'0419884993',NULL,NULL,NULL),
      (185,17,E'Luke',E'Solomano',E'5 Booth St',E'Golden Square',E'VIC',E'3555',NULL,NULL,E'0417346134',NULL,NULL,NULL),
      (257,17,E'Gary',E'Walsh',E'224 Loddon Valley Hwy',E'Woodvale',E'VIC',E'3556',E'54 463887',NULL,E'0438506695',NULL,NULL,NULL),
      (49,18,E'David',E'Carter',E'46 Fink St',E'Maryborough',E'VIC',E'3465',NULL,NULL,E'0488408400',NULL,NULL,NULL),
      (66,19,E'Ron',E'Morton',E'3 Burke St',E'Kerang',E'VIC',E'3579',E'03 54522305',NULL,E'0407346713',NULL,NULL,NULL),
      (67,19,E'Brian',E'Helsham',E'Wilson Rd',E'Mystic Park',E'VIC',NULL,E'03 54579263',NULL,E'0427579263',NULL,NULL,NULL),
      (10,20,E'Kevin',E'Mitchell',E'4 Mungo St',E'Balranald',E'NSW',E'2715',E'50201478',NULL,NULL,NULL,NULL,NULL),
      (11,20,E'Peter',E'Lawler',E'5 Endevour St',E'Balranald',E'NSW',E'2715',E'50201687',NULL,E'0488728986',NULL,NULL,NULL),
      (26,21,E'Dale',E'Hartley',E'232 Hannah Lane',E'Murrabit',E'VIC',E'3579',E'54572336',NULL,E'0429173889',E'dalehartley@bigpond.com',NULL,NULL),
      (108,22,E'Jeff',E'Parker',E'PO Box 124',E'Boort',E'VIC',E'3537',E'54552389',NULL,E'0428978895',NULL,NULL,NULL),
      (109,22,E'Geoff',E'Rumbold',E'2175 Boort/Kerang Rd',E'Leaghur',E'VIC',E'3537',E'54554282',NULL,E'0488171817',NULL,NULL,NULL),
      (25,21,E'Brenden',E'Fletcher',E'4 Sweeney St',E'Bendigo',E'VIC',E'3550',E'03 54528853',NULL,E'0428428853',E'b.fletcher@latrobe.edu.au',NULL,NULL),
      (258,23,E'Peter',E'Watson',E'1327 Watson Road',E'Tongala',E'VIC',E'3621',E'58591252',NULL,E'0447814529',NULL,E'to come',NULL),
      (259,23,E'Leona',E'Watson',E'1327 Watson Road',E'Tongala',E'VIC',E'3621',NULL,NULL,E'0409536622',NULL,E'to come',NULL),
      (27,24,E'Peter',E'Shay',E'116 Queens Ave',E'Maryborough',E'VIC',E'3465',E'54512790',NULL,E'0427612790',NULL,NULL,NULL),
      (260,24,E'Ashley',E'Beamish',E'7 Baringhup Rd',E'Carisbrook',E'VIC',E'3464',NULL,NULL,E'041734571',NULL,NULL,NULL),
      (261,25,E'Sean',E'Nicholas',E'30 Casey St',E'Tatura',E'VIC',E'3616',NULL,NULL,E'0488336867',NULL,NULL,NULL),
      (262,25,E'Daniel',E'Povey',E'48 Torney',E'Tongala',E'VIC',E'3621',NULL,NULL,E'0448490424',NULL,NULL,NULL),
      (265,26,E'Steven',E'Peirce',E'478 Rose St',E'Lavington',E'NSW',E'2641',NULL,NULL,E'0419625207',NULL,NULL,NULL),
      (266,26,E'Anthony',E'Harmer',E'22 Stevenson St',E'Wodonga',E'VIC',E'3690',E'02 60592696',NULL,E'0431142009',NULL,NULL,NULL),
      (271,27,E'Blake',E'Shay',NULL,E'Kerang',E'VIC',E'3579',NULL,NULL,E'0428500963',NULL,NULL,NULL),
      (274,28,E'Denis',E'Potter',E'1 Ross Street',E'White St',E'VIC',E'3550',NULL,NULL,E'0408338731',NULL,NULL,NULL),
      (402,29,E'Sam',E'Pinniger',E'39 Albert St',E'Kerang',E'VIC',E'3579',NULL,NULL,E'0418366991',NULL,NULL,E'junior'),
      (275,29,E'Chris',E'Barker',E'78 Boundary St',E'Kerang',E'VIC',E'3579',NULL,NULL,E'0419336557',NULL,NULL,NULL),
      (22,29,E'Scott',E'Wishart',E'P.O. Box 106',E'Kerang',E'VIC',E'3579',E'54521963',E'54521964',E'0407628912',NULL,NULL,NULL),
      (23,29,E'Michael',E'Greer',E'91 Marne St',E'Kerang',E'VIC',E'3579',E'54503860',E'0428565130',NULL,NULL,NULL,NULL),
      (24,29,E'Dean',E'Pinniger',E'39 Albert St',E'Kerang',E'VIC',E'3579',E'54503831',E'54521849',E'0418366991',E'dean.annie@bigpond.com',NULL,NULL),
      (28,30,E'Len',E'Johnson',E'24 Majorca Rd',E'Maryborough',E'VIC',E'3465',E'54613482',NULL,NULL,NULL,NULL,NULL),
      (41,30,E'Brendan',E'Johnson',E'24 Majorca Rd',E'Maryborough',E'VIC',E'3465',E'03 54611650',E'54604129',NULL,NULL,NULL,NULL),
      (42,31,E'Matthew',E'Johnson',E'30 Logon St',E'Maryborough',E'VIC',E'3465',E'03 54605227',NULL,NULL,NULL,NULL,NULL),
      (71,32,E'Col',E'Nethercote',E'47 Boundary St',E'Kerang',E'VIC',E'3579',NULL,NULL,E'0428522744',NULL,NULL,NULL),
      (55,33,E'Jim',E'McLeish',E'7 Pyramid Cres',E'Kerang',E'VIC',E'3579',E'03 54503733',NULL,E'0429346418',NULL,NULL,NULL),
      (56,33,E'Bryce',E'McLeish',E'7 Pyramid Cres',E'Kerang',E'VIC',E'3579',E'03 54503733',NULL,NULL,NULL,NULL,NULL),
      (82,34,E'William',E'Hollard',E'4 Station St',E'Koondrook',E'VIC',E'3580',E'54532786',NULL,NULL,NULL,NULL,NULL),
      (129,34,E'Dale',E'Laursen',E'130 Grigg Rd',E'Koondrook',E'VIC',E'3580',E'03 54531232',NULL,E'0409332015',NULL,NULL,NULL),
      (157,35,E'Dennis',E'Greenwood',E'3 Airport Rd',E'Kerang',E'VIC',E'3579',E'03 54503711',E'03 54503722',E'0439503723',E'fordkerang@arnoldtgreenwood.com.au',NULL,NULL),
      (121,36,E'Ricky',E'Sarre',E'PO Lake Charm',E'Lake Charm',E'VIC',E'3581',E'03 54579214',NULL,E'0428091295',NULL,NULL,NULL),
      (122,36,E'Mark',E'Shepherd',E'3 Mystic Park Rd',E'Mystic Park',E'VIC',E'3579',E'03 54579304',NULL,E'0447744765',NULL,NULL,NULL),
      (38,37,E'Ron',E'McKerrow',E'174 KcKerrow Rd',E'Benjeroop',E'VIC',E'3579',E'03 54572361',E'03 54572472',NULL,E'rtjamckerrow@cybanet.net.au',NULL,NULL),
      (7,37,E'Trevor',E'Hooper',E'270 Gorton Dr',E'Mystic Park',E'VIC',E'3579',E'54579311',NULL,NULL,NULL,NULL,NULL),
      (12,37,E'John',E'Baulch',E'91 Baulch Rd',E'Kerang',E'VIC',E'3579',NULL,NULL,E'0427346193',NULL,NULL,NULL),
      (149,38,E'Greg',E'Maher',E'Gonn Ave',E'Murrabit',E'VIC',E'3579',E'54572293',NULL,E'0408500988',NULL,NULL,NULL),
      (208,39,E'John',E'Ficken',E'Merran Downs',E'Murrabit',E'VIC',E'3579',E'54572214',NULL,NULL,NULL,NULL,NULL),
      (77,40,E'Jim',E'Staggard',E'39 Wilmington Ave',E'Hoppers Crossing',E'VIC',E'3029',E'03 97487813',NULL,E'0488424950',E'staggs@dodo.com.au',NULL,NULL),
      (78,40,E'Leigh',E'Tonkin',E'5 Finch St',E'Castlemaine',E'VIC',E'3450',NULL,NULL,E'0428102909',NULL,NULL,NULL),
      (230,41,E'Rhys',E'Neville',E'332 Torquay Rd',E'Grovedale',E'VIC',E'3216',E'0448345854',NULL,NULL,E'new_53@hotmail.com',NULL,NULL),
      (145,41,E'Wayne',E'Neville',E'53 Nugget Street',E'Kerang',E'VIC',E'3579',NULL,NULL,NULL,NULL,NULL,NULL),
      (45,42,E'Trevor',E'McKerrow',E'49 Carpentor St',E'Bendigo',E'VIC',E'3550',NULL,NULL,NULL,NULL,NULL,NULL),
      (46,42,E'Terry',E'Morison',E'13 Thomas Hardy Drive',E'Templestone',E'VIC',E'3106',E'03 98415903',E'03 98415903',E'0411556649',E'tkmoris@bigpond.net.au',NULL,NULL),
      (18,42,E'Keith',E'Herdman',E'8 Byrne Ave',E'Elwood',E'VIC',NULL,E'03 95317376',NULL,NULL,NULL,NULL,NULL),
      (186,43,E'Mark',E'Barby',E'25 Victoria St',E'Maryborough',E'VIC',E'3465',E'54612153',NULL,E'0400964930',NULL,NULL,NULL),
      (142,43,E'Brendan',E'Tatchell',E'40 Poole St',E'Maryborough',E'VIC',E'3465',E'54605080',E'54605080',E'0409855431',E'walkerbbi@dodo.com.au',NULL,NULL),
      (127,44,E'David',E'McDonald',E'Gonn Station',E'Murrabit',E'NSW',NULL,NULL,NULL,NULL,NULL,NULL,NULL),
      (128,44,E'Glenn',E'Hutchins',E'1354 Murrabit-Koondrook Rd',E'Myall',E'VIC',E'3579',NULL,NULL,E'0407313955',NULL,NULL,NULL),
      (187,45,E'Dean',E'Collicoat',E'76 Burgoine St',E'Bendigo',E'VIC',E'3550',NULL,NULL,E'0418467878',NULL,NULL,NULL),
      (403,45,E'Jayden',E'Colicoat',NULL,NULL,NULL,NULL,NULL,NULL,NULL,NULL,NULL,E'junior'),
      (188,45,E'Mick',E'Daykin',E'80 Burgoyne St',E'Huntly',E'VIC',E'3551',NULL,NULL,NULL,NULL,NULL,NULL),
      (98,38,E'Brian',E'Wishart',E'19 Cedmar Ave',E'Geelong',E'VIC',E'3216',E'03 54430642',E'52430642',E'0425762158',NULL,NULL,NULL),
      (99,38,E'David',E'Wishart',E'4 Viola Rd',E'Huntly',E'VIC',E'3551',E'03 54488628',E'03 54488628',E'0448700320',NULL,NULL,NULL),
      (146,46,E'Peter',E'McCann',E'2 Danson St',E'Murrabit',E'VIC',E'3579',E'54572222',NULL,E'0402358501',NULL,NULL,NULL),
      (147,46,E'Vince',E'Maher',E'41 Gonn Avenue',E'Murrabit',E'VIC',E'3579',E'54572220',NULL,E'0408596703',NULL,NULL,NULL),
      (176,66,E'Bill',E'Hazen',NULL,E'Murrabit',E'VIC',E'3579',NULL,NULL,E'54572213',NULL,NULL,NULL),
      (30,47,E'Ron',E'Hird',E'29 Kiniry St',E'Boort',E'VIC',E'3537',E'54552076',NULL,E'0429652076',NULL,NULL,NULL),
      (19,47,E'Craig',E'Williams',E'705 Boort/Wedderburn Rd',E'Wedderburn',E'VIC',E'3518',NULL,NULL,E'0407693835',NULL,NULL,NULL),
      (31,48,E'Adam',E'Humphrey',E'112 Loch St',E'Maryborough',E'VIC',E'3465',NULL,NULL,E'0428612431',NULL,NULL,NULL),
      (32,48,E'Ricky',E'Crawford',E'124 Railway St',E'Maryborough',E'VIC',E'3465',NULL,NULL,E'0408305665',NULL,NULL,NULL),
      (29,49,E'Barry',E'Watts',E'41 King St',E'Boort',E'VIC',E'3537',E'54552139',E'54552139',E'0428652021',E'wattzy@internode.on.net',NULL,NULL),
      (33,49,E'Daniel',E'McCashney',E'812 Wycheprof Rd',E'Boort',E'VIC',E'3537',NULL,NULL,E'0427552469',NULL,NULL,NULL),
      (62,50,E'Leigh',E'Forster',E'92 Victoria St',E'Pyramid Hill',E'VIC',E'3575',E'03 54557554',NULL,E'0427847033',NULL,NULL,NULL),
      (114,51,E'David',E'Sinclair',E'190 Pratt Rd',E'Kerang',E'VIC',E'3579',E'03 54521030',NULL,E'0428921783',NULL,NULL,NULL),
      (115,51,E'Davis',E'Sinclair',E'190 Pratt Rd',E'Kerang',E'VIC',E'3579',E'03 54521030',NULL,NULL,NULL,NULL,NULL),
      (61,52,E'Stephen',E'O\'Donoghue',E'277 Murrabit West Rd',E'Murrabit',E'VIC',E'3579',E'03 54572400',NULL,E'0418577238',E'stepheno@awma.au.com',NULL,NULL),
      (178,53,E'Kev',E'Treacy',NULL,NULL,NULL,NULL,NULL,NULL,NULL,NULL,NULL,NULL),
      (190,54,E'Phil',E'Mathieson',E'5 Vaughan St',E'Kerang',E'VIC',E'3579',E'54522818',NULL,E'0429303995',NULL,NULL,NULL),
      (191,54,E'Sharryn',E'Mathieson',E'5 Vaughan St',E'Kerang',E'VIC',E'3579',E'54522818',NULL,E'0428878067',NULL,NULL,NULL),
      (93,55,E'Ray',E'Teasdale',E'267 Lower Loddon Rd',E'Kerang',E'VIC',E'3579',E'54522867',NULL,E'0428367577',NULL,NULL,NULL),
      (225,56,E'Andrew',E'Gray',NULL,NULL,NULL,NULL,NULL,NULL,NULL,NULL,NULL,NULL),
      (227,56,E'Steve',E'Hicks',NULL,NULL,NULL,NULL,NULL,NULL,NULL,NULL,NULL,NULL),
      (1,57,E'Ken',E'Radcliffe',E'31 Lyall Ave',E'Kerang',E'VIC',E'3579',E'54503665',NULL,E'0447447988',NULL,NULL,NULL),
      (226,56,E'Jonny',E'Hogg',NULL,NULL,NULL,NULL,NULL,NULL,NULL,NULL,NULL,NULL),
      (20,58,E'Ben',E'Kelly',E'37 Carbine St',E'Kerang',E'VIC',E'3579',E'03 54522481',E'03 54522052',E'0408545220',E'signsanddesigns@westnet.com.au',NULL,NULL),
      (21,58,E'Alana',E'Foley',E'97 Rutherford St',E'Swan Hill',E'VIC',E'3585',NULL,NULL,E'0447757001',NULL,NULL,NULL),
      (192,28,E'Garry',E'Bath',E'77 Honeysuckle St',E'Bendigo',E'VIC',E'3550',E'54435920',NULL,E'0438086290',NULL,NULL,NULL),
      (193,28,E'David',E'Mathieson',E'25 Cherry Tree Lane',E'Big Hill',E'VIC',E'3555',E'54478649',NULL,NULL,NULL,NULL,NULL),
      (143,59,E'Nathan',E'Henry',E'129 Victoria St',E'Kerang',E'VIC',E'3579',E'54522461',NULL,E'0407362408',E'nats08@gmail.com',NULL,NULL),
      (144,59,E'Greg',E'Henry',E'324 Murrabit West Rd',E'Gonn Crossing',E'VIC',E'3579',E'54572233',NULL,E'0418511953',E'greghenry5@bigpond.com.au',NULL,NULL),
      (179,53,E'Billy',E'Hogg',E'21 Lyall Ave',E'Kerang',E'VIC',E'3579',NULL,NULL,E'0417697543',NULL,NULL,NULL),
      (154,60,E'Josh',E'Dummelow',E'22 Cambridge St',E'Creswick',E'VIC',E'3363',NULL,NULL,E'0408796525',NULL,NULL,NULL),
      (155,60,E'Jason',E'Dummelow',E'22 Cambridge St',E'Creswick',E'VIC',E'3363',E'53452320',NULL,E'0408796525',NULL,NULL,NULL),
      (156,60,E'Tom',E'Dummelow',E'22 Cambridge St',E'Creswick',E'VIC',E'3363',E'53452320',NULL,E'0408796525',NULL,NULL,NULL),
      (37,60,E'Maxwell',E'Dummelow',E'22 Cambridge  St',E'Creswick',E'VIC',E'3363',E'53452320',NULL,NULL,NULL,NULL,NULL),
      (153,61,E'Daniel',E'Buckland',E'1 Prince St',E'Creswick',E'VIC',E'3363',NULL,NULL,E'0408657668',NULL,NULL,NULL),
      (47,61,E'Steve',E'Davies',E'77 Clunes Rd',E'Ceswick',E'VIC',E'3363',NULL,NULL,NULL,NULL,NULL,NULL),
      (132,62,E'Bruce',E'Heritage',E'243 Ashwin Rd',E'Murrabit',E'VIC',E'3579',E'54570300',NULL,E'0428862218',NULL,NULL,NULL),
      (133,62,E'Ron',E'Chapell',E'Trounsen Rd',E'Tennyson',E'VIC',E'3563',E'54882270',NULL,NULL,NULL,NULL,NULL),
      (84,63,E'Jack',E'Challis',E'370 Little Murray Rd',E'Benjeroop',E'VIC',E'3579',E'54575272',NULL,E'0428570309',NULL,NULL,NULL),
      (141,64,E'Bill',E'Dakis',E'20 Captin Cook Close',E'Skye',E'VIC',NULL,E'97828123',NULL,NULL,NULL,NULL,NULL),
      (197,65,E'Allan',E'Drechsler',E'3/32 Joseph St',E'Bendigo',E'VIC',E'3550',NULL,NULL,E'0418304418',E'adrechsler@powercor.com.au',NULL,NULL),
      (89,66,E'Adrian',E'Pangrazio',E'50 Hannah Lane',E'Gonn Crossing',E'VIC',E'3579',E'03 54572229',E'03 54572459',E'0488374552',NULL,NULL,NULL),
      (159,21,E'Andrew',E'Leahy',E'179 Murrabit West Rd',E'Murrabit',E'VIC',E'3579',E'54572368',E'54572466',E'0408500875',E'asurv@bigpond.com',NULL,NULL),
      (163,67,E'Kelvin',E'Burt',E'34 Ninth St',E'Kerang',E'VIC',E'3579',E'54503141',NULL,E'0407319414',E'Kelvin.Burt@bigpond.com',NULL,NULL),
      (216,67,E'Jack',E'Dyer',NULL,NULL,NULL,NULL,NULL,NULL,NULL,NULL,NULL,NULL),
      (151,68,E'Darren',E'Keath',E'RMB 2034 Middleton Rd',E'Lockington',E'VIC',E'3563',E'54868230',NULL,E'0427280465',E'paulinekeath@bigpond.com.au',NULL,NULL),
      (404,68,E'Dylan',E'Keath',E'RMB 2034 Middleton Rd',E'Lockington',E'VIC',E'3563',NULL,NULL,NULL,NULL,NULL,E'junior'),
      (90,69,E'Damian',E'Hucker',E'59 King Edward St',E'Cohuna',E'VIC',E'3568',E'54564748',NULL,E'0428384628',NULL,NULL,NULL),
      (92,69,E'Josh',E'Ryland',E'56 Market St',E'Cohuna',E'VIC',E'3568',NULL,NULL,E'0428721660',NULL,NULL,NULL),
      (43,70,E'Russell',E'Anderson',E'261 Ashwin Rd',E'Myall',E'VIC',E'3579',E'03 54570369',NULL,E'0427002548',NULL,NULL,NULL),
      (44,70,E'Russell',E'Anderson',E'282 Betley Rd',E'Dunolly',E'VIC',E'3472',NULL,NULL,E'0400249149',NULL,NULL,NULL),
      (48,70,E'Paul',E'Shanahan',E'c/o rusty',NULL,NULL,NULL,NULL,NULL,NULL,NULL,NULL,NULL),
      (51,70,E'Stuart',E'Anderson',E'c/o rusty',NULL,NULL,NULL,NULL,NULL,NULL,NULL,NULL,NULL),
      (177,53,E'Terry',E'Treacy',NULL,NULL,NULL,NULL,NULL,NULL,NULL,NULL,NULL,NULL),
      (140,71,E'Khane',E'McNeil',E'128 Westblade Rd',E'Kerang',E'VIC',E'3579',E'03 54570282',E'03 54570363',E'0488965952',E'mcblades@dragnet.com',NULL,NULL),
      (52,72,E'Mick (freddy)',E'White',E'Lake Lookout',E'Lake Lookout',E'VIC',E'3579',NULL,NULL,E'0428957646',NULL,NULL,NULL),
      (53,72,E'Mark',E'Schroeder',E'38 Lyall Ave',E'Kerang',E'VIC',E'3579',E'54522986',NULL,E'0438320615',NULL,NULL,NULL),
      (54,72,E'Robert',E'Fabry',E'43',E'North St',E'VIC',E'3579',NULL,NULL,E'0427391350',NULL,NULL,NULL),
      (87,73,E'Kevin',E'Sambrooks',E'15 Airport Rd',E'Kerang',E'VIC',E'3579',NULL,NULL,E'0429336311',NULL,NULL,NULL),
      (88,73,E'Tony',E'Laughlin',E'15 Borough Dr',E'Kerang',E'VIC',E'3579',E'03 54521269',NULL,NULL,E'tonylaughlin@bigpond.com',NULL,NULL),
      (39,74,E'Lachlan',E'Hurse',E'8 Gearing St',E'Maryborough',E'VIC',E'3465',NULL,NULL,E'0419550384',NULL,NULL,NULL),
      (40,74,E'Dean',E'Graco',E'16 Bryant St',E'Maryborough',E'VIC',E'3465',NULL,NULL,E'0409792872',E'deangraco@hotmail.com',NULL,NULL),
      (86,75,E'Michael',E'Cook',E'46 Browning Ave',E'Murrabit',E'VIC',E'3579',E'54572256',NULL,NULL,NULL,NULL,NULL),
      (237,76,E'Stewart',E'Mason',NULL,NULL,NULL,NULL,NULL,NULL,NULL,NULL,NULL,NULL),
      (134,77,E'Ray',E'McNeil',E'730 Myall Rd',E'Myall',E'VIC',E'3579',E'54570252',NULL,NULL,NULL,NULL,NULL),
      (248,78,E'Kent',E'McNeil',E'21 Amron St',E'Chelsea Heights',E'VIC',E'3196',E'0447522262',NULL,NULL,NULL,NULL,NULL),
      (6,78,E'Robert',E'Smith',E'PO Box 1225',E'Kangaroo Flat',E'VIC',E'3555',E'0416232723',NULL,NULL,NULL,NULL,NULL),
      (3,78,E'Tom',E'Monaghan',E'35 Keck St',E'Flora Hill',E'VIC',NULL,NULL,NULL,NULL,NULL,NULL,NULL),
      (57,79,E'Bob',E'Russell',E'62 Barton St',E'Scone',E'NSW',E'2337',NULL,NULL,E'0427452706',E'bobr196@hotmail.com',NULL,NULL),
      (83,80,E'Peter',E'McDonald',NULL,E'Myall',E'VIC',NULL,E'3579',NULL,NULL,NULL,NULL,NULL),
      (168,57,E'Wayne',E'O\'Neill',NULL,E'Kerang',E'VIC',NULL,E'3579',E'(03) 5450 3533',E'0458291810',NULL,NULL,NULL),
      (180,81,E'Chris',E'Friswell',NULL,E'Bendigo',E'VIC',E'3550',NULL,NULL,E'0400576780',NULL,NULL,NULL),
      (181,81,E'Nick',E'Hein',NULL,E'Myall',E'VIC',E'3579',NULL,NULL,E'0409533153',NULL,NULL,NULL),
      (58,82,E'Bill',E'Hastie',E'13 Ninth St',E'Kerang',E'VIC',E'3579',NULL,NULL,E'0407521360',NULL,NULL,NULL),
      (148,83,E'Ricky',E'Maher',NULL,E'Murrabit',E'VIC',NULL,E'3579',NULL,E'0408596704',NULL,NULL,NULL),
      (150,84,E'Wes',E'Danson',NULL,E'Barham',E'NSW',NULL,NULL,NULL,E'0447843176',NULL,NULL,NULL),
      (205,39,E'Paul',E'Madden',NULL,E'Murrabit',E'VIC',NULL,E'3579',E'54575206',E'0408596785',NULL,NULL,NULL),
      (59,85,E'Jarred',E'Fletcher',E'20 Marne St',E'Kerang',E'VIC',E'3579',NULL,NULL,E'0400568278',NULL,NULL,NULL),
      (60,85,E'Claire',E'Higgs',E'20 Marne St',E'Kerang',E'VIC',E'3579',NULL,NULL,E'0400527520',NULL,NULL,NULL),
      (63,86,E'Rohan',E'Stacey',E'79 Hannon St',E'Sea Lake',E'VIC',E'3533',E'50702060',NULL,E'0427702066',E'rl.stacey@bigpond.com',NULL,NULL),
      (64,86,E'Lesley',E'Stacey',E'79 Hannon St',E'Sea Lake',E'VIC',E'3533',NULL,NULL,E'0427702066',NULL,NULL,NULL),
      (65,86,E'Mark',E'Higgs',E'251 Westblade Ave',E'Kerang',E'VIC',E'3579',E'54504266',NULL,E'042819009',NULL,NULL,NULL),
      (36,88,E'Reg',E'Scott',NULL,E'Koondrook',E'VIC',NULL,E'3280',E'54531244',NULL,NULL,NULL,NULL),
      (85,63,E'Neil',E'Teasdale',NULL,E'Murrabit',NULL,NULL,NULL,E'54572450',NULL,NULL,E'to pay',NULL),
      (263,87,E'Greame',E'Lightbody',E'Airport Road',E'Kerang',E'VIC',E'3579',NULL,NULL,NULL,NULL,NULL,NULL),
      (198,89,E'Brandon',E'McKenna',NULL,E'Bendigo',E'VIC',NULL,E'3550',NULL,E'0400233844',NULL,E'to pay',NULL),
      (199,89,E'Matthew',E'McKenna',NULL,E'Bendigo',E'VIC',NULL,E'3550',NULL,E'0413395772',NULL,E'to pay',NULL),
      (69,89,E'Jared',E'Ayres',NULL,E'Heathcote',E'VIC',NULL,E'3523',NULL,E'0437056456',NULL,E'to pay',NULL),
      (112,90,E'Matthew',E'Webb',E'Lake Bogo',E'VIC',E'3584',E'50372157',E'0417318768',NULL,NULL,NULL,E'to pay',NULL),
      (113,90,E'Nathan',E'McKnight',E'Kerang',E'VIC',E'3579',E'03 54572247',E'0427572381',NULL,NULL,NULL,E'to pay',NULL),
      (170,91,E'Greg',E'Bagg',E'Inverleigh',E'VIC',NULL,E'52651698',E'0438525032',NULL,NULL,NULL,E'to pay',NULL),
      (171,91,E'Tony',E'Hopwood',E'Torquay',E'VIC',E'3228',E'52612081',NULL,NULL,NULL,NULL,E'to pay',NULL),
      (172,92,E'Bradley',E'Hopwood',E'Leopold',E'VIC',E'3224',NULL,E'0410617787',NULL,NULL,NULL,E'to pay',NULL),
      (173,92,E'Mucka',NULL,NULL,E'VIC',NULL,NULL,NULL,NULL,NULL,NULL,E'to pay',NULL),
      (72,81,E'Matthew',E'Peny',E'2/14 Sherwood Dr',E'Flora Hill',E'VIC',E'3550',NULL,NULL,E'0417324242',NULL,E'to pay',NULL),
      (73,93,E'Jason',E'Norton',E'30 Lalbert Rd',E'Lake Boga',E'VIC',NULL,E'50372549',NULL,NULL,NULL,E'to pay',NULL),
      (74,93,E'Chris',E'Norton',E'30 Lalbert Rd',E'Lake Boga',E'VIC',NULL,NULL,NULL,NULL,NULL,E'to pay',NULL),
      (75,94,E'Kevin',E'Booth',E'Po Box 139',E'Lake Boga',E'VIC',E'3584',NULL,NULL,NULL,NULL,E'to pay',NULL),
      (76,94,E'Jason',E'Booth',NULL,NULL,NULL,NULL,NULL,NULL,NULL,NULL,E'to pay',NULL),
      (79,95,E'Matthew',E'Forster',E'Egans Rd',E'Huntly',E'VIC',E'3551',E'54488910',NULL,E'0400998411',NULL,E'to pay',NULL),
      (91,96,E'Joel',E'McKenzie',NULL,NULL,NULL,NULL,NULL,NULL,NULL,NULL,E'to pay',NULL),
      (212,103,E'Anothny',E'Lake',E'Kerang',E'VIC',E'3579',E'H: 03 54504005',E'W: 03 54522299',NULL,NULL,NULL,E'to pay',E'need boat no'),
      (213,103,E'Keith',E'Lake',E'Kerang',E'VIC',E'3579',E'03 54504442',NULL,NULL,NULL,NULL,E'to pay',E'ned boat no'),
      (169,NULL,E'Danny',E'Nethercote',E'Benjeroop',E'VIC',E'3579',E'54575246',E'0439396670',NULL,NULL,NULL,E'to pay',E'need boat no'),
      (94,97,E'Reg',E'Joyce',E'7 Murray St',E'Tooleybuc',E'NSW',E'2736',E'0350305019',NULL,E'0428305019',NULL,NULL,NULL),
      (100,98,E'Darryl',E'Bray',NULL,NULL,NULL,NULL,NULL,NULL,NULL,NULL,NULL,NULL),
      (272,99,E'Dean',E'McGowan',NULL,NULL,NULL,NULL,NULL,NULL,NULL,NULL,NULL,NULL),
      (101,77,E'Ben',E'Smith',NULL,E'Mt Waverly',E'VIC',NULL,NULL,NULL,NULL,NULL,NULL,NULL),
      (102,77,E'Kane',E'Smith',NULL,E'Mt Waverly',E'VIC',NULL,NULL,NULL,NULL,NULL,NULL,NULL),
      (103,100,E'Chris',E'Keady',NULL,E'Shepparton',NULL,NULL,NULL,NULL,NULL,NULL,NULL,NULL),
      (104,100,E'Ben',E'Gillingham',NULL,E'Lake Charm',NULL,NULL,NULL,NULL,NULL,NULL,NULL,NULL),
      (105,101,E'Dale',E'Reidel',E'Po Box1',E'Tongala',E'VIC',E'3621',NULL,NULL,NULL,NULL,NULL,NULL),
      (106,101,E'Jamie',E'Reidell',E'11/10 Cavell St',E'Tongal',E'VIC',E'3621',NULL,NULL,NULL,NULL,NULL,NULL),
      (405,18,E'Declan',E'Carter',NULL,NULL,NULL,NULL,NULL,NULL,NULL,NULL,NULL,NULL),
      (107,102,E'Peter',E'Ritchie',E'13 Dellar St',E'Swan Hill',E'VIC',E'3585',NULL,NULL,E'0417573021',NULL,NULL,NULL),
      (406,103,E'Mitchell',E'Lake',NULL,NULL,NULL,NULL,NULL,NULL,NULL,NULL,NULL,NULL),
      (110,104,E'Rowan',E'McKerrow',NULL,E'Lake Charm',NULL,NULL,NULL,NULL,NULL,NULL,NULL,NULL),
      (111,105,E'Neville',E'Hunt',E'6 Lovey Dr',E'Bendigo',E'VIC',E'3550',E'54484892',NULL,NULL,NULL,NULL,NULL),
      (116,59,E'Ross',E'Healy',NULL,NULL,NULL,NULL,NULL,NULL,NULL,NULL,NULL,NULL),
      (117,106,E'Simon',E'Ettershank',NULL,E'Murrabit',NULL,NULL,NULL,NULL,NULL,NULL,NULL,NULL),
      (118,81,E'Des',E'Hein',NULL,NULL,NULL,NULL,NULL,NULL,NULL,NULL,NULL,NULL),
      (152,68,E'Andrew',E'Monaghan',E'Lockington',E'VIC',NULL,NULL,E'3563',NULL,E'54862540',NULL,E'0428862540',NULL),
      (235,NULL,E'Kristian',E'Bray',NULL,NULL,NULL,NULL,NULL,NULL,NULL,NULL,NULL,NULL),
      (202,107,E'Brad',E'Hein',E'Myall',E'VIC',NULL,NULL,E'3579',NULL,NULL,NULL,E'0409570241',NULL),
      (119,107,E'Vaughan',E'Toose',NULL,NULL,NULL,NULL,NULL,NULL,NULL,NULL,NULL,NULL),
      (407,0,E'Arron',E'Danson',NULL,NULL,NULL,NULL,NULL,NULL,NULL,NULL,NULL,NULL),
      (120,28,E'Daniel',E'Allen',NULL,NULL,NULL,NULL,NULL,NULL,NULL,NULL,NULL,NULL),
      (123,NULL,E'Keith',E'Pertzel',E'Kerang',E'VIC',NULL,NULL,E'3579',NULL,E'54522420',NULL,NULL,NULL),
      (124,108,E'Glenn',E'Dobie',NULL,NULL,NULL,NULL,NULL,NULL,NULL,NULL,NULL,NULL),
      (125,108,E'Steve',E'Wilson',NULL,NULL,NULL,NULL,NULL,NULL,NULL,NULL,NULL,NULL),
      (126,21,E'Daniel',E'Keely',NULL,E'Cohuna',NULL,NULL,NULL,NULL,NULL,NULL,NULL,NULL),
      (130,109,E'Lachlan',E'Monk',NULL,NULL,NULL,NULL,NULL,NULL,NULL,NULL,NULL,NULL),
      (131,110,E'Simon',E'Morton',NULL,NULL,NULL,NULL,NULL,NULL,NULL,NULL,NULL,NULL),
      (136,111,E'Cam',E'Coulter',NULL,NULL,NULL,NULL,NULL,NULL,NULL,NULL,NULL,NULL),
      (137,NULL,E'Brad',E'Wren',E'Benjeroop',E'VIC',NULL,NULL,E'3579',NULL,NULL,NULL,E'0427572413',NULL),
      (138,109,E'Marcus',E'Pay',NULL,NULL,NULL,NULL,NULL,NULL,NULL,NULL,NULL,NULL),
      (238,NULL,E'Neil',E'Hopkins',E'Murrabit',E'VIC',NULL,NULL,E'3579',NULL,E'54572428',NULL,E'to pay',NULL),
      (243,NULL,E'Colin',E'Thompson',E'Murrabit',E'VIC',NULL,NULL,E'3579',NULL,E'54572225',NULL,E'to pay',NULL),
      (139,58,E'Simon',E'Kelly',E'142 Victoria Street',E'Kerang',E'VIC',E'3579',NULL,NULL,NULL,NULL,NULL,NULL),
      (158,112,E'Paul',E'Maslunka',E'16 Albert St',E'Kerang',E'VIC',E'3579',E'54521955',NULL,NULL,NULL,NULL,NULL),
      (160,90,E'Chris',E'Hunter',E'6 Dunlop St',E'VIC',E'3579',NULL,NULL,NULL,E'0428171519',NULL,NULL,NULL),
      (161,59,E'Dain',E'Hayes',NULL,NULL,NULL,NULL,NULL,NULL,NULL,NULL,NULL,NULL),
      (162,81,E'Ashley',E'Hobson',NULL,NULL,NULL,NULL,NULL,NULL,NULL,NULL,NULL,NULL),
      (164,0,E'Peter',E'Lausen',NULL,NULL,NULL,NULL,NULL,NULL,NULL,NULL,NULL,NULL),
      (2,1,E'Graham',E'Rowland',E'40 Shadforth St',E'Kerang',E'VIC',E'3579',E'54503153',NULL,E'0429372534',NULL,NULL,NULL),
      (251,1,E'Caine',E'Mitchell',E'40 Shadforth St',E'Kerang',E'VIC',E'3579',NULL,NULL,NULL,NULL,NULL,NULL),
      (15,2,E'Terry',E'Stacey',E'PO Box 182',E'Kerang',E'VIC',E'3579',E'0354522205',E'54503377',E'0428503377',NULL,NULL,NULL),
      (16,2,E'Chris',E'Wren',E'PO Box 502',E'Mildura',E'VIC',E'3502',NULL,NULL,E'0419036396',NULL,NULL,NULL),
      (219,3,E'David',E'Stubbs',E'3 Mokana St',E'Kerang',E'VIC',E'3579',E'54522525',NULL,E'0407506002',NULL,NULL,NULL),
      (220,3,E'Kevin',E'Moon',E'44 Airport Rd',E'Kerang',E'VIC',E'3579',E'54522377',NULL,NULL,NULL,NULL,NULL),
      (4,4,E'Jim',E'Danson',E'174 Dunbar Rd',E'Murrabit',E'VIC',E'3579',E'54572367',E'54572367',NULL,NULL,NULL,NULL),
      (5,4,E'Paul',E'Danson',E'174 Dunbar Rd',E'Murrabit',E'VIC',E'3579',E'54572367',E'54572367',NULL,NULL,NULL,NULL),
      (13,5,E'David John',E'Danson',E'1860 Koondrook Rd',E'Murrabit',E'VIC',E'3579',E'54572266',E'54572266',E'0428865405',NULL,NULL,NULL),
      (14,5,E'Glenis',E'Danson',E'1860 Koondrook Rd',E'Murrabit',E'VIC',E'3579',E'54572266',E'54572266',E'0428865405',NULL,NULL,NULL),
      (95,6,E'Mark',E'Henderson',E'85 Victoria St',E'Kerang',E'VIC',E'3579',E'54521511',E'54521522',E'0408764394',E'iqelec@bigpond.net.au',NULL,NULL),
      (96,6,E'Deaniee',E'Henderson',E'85 Victoria St',E'Kerang',E'VIC',E'3579',E'54521511',E'54521522',E'0408764394',E'iqelec@bigpond.net.au',NULL,NULL),
      (17,7,E'Mick',E'Coobs',E'1 Shannon Rd',E'Kerang',E'VIC',E'3579',E'0354521650',NULL,NULL,NULL,NULL,NULL),
      (252,7,E'Paul',E'Neivandt',E'198 McKenzie Rd',E'Kerang',E'VIC',E'3579',E'54 52 1231',NULL,E'0429188308',NULL,NULL,NULL),
      (222,8,E'Jamie',E'Semmler',E'44 Wells Bridge Rd',E'Benjeroop',E'VIC',E'3579',E'54575225',E'54575225',E'0411585716',E'semmcofarms@westnet.com.au',NULL,NULL),
      (223,8,E'Justin',E'Faint',E'c/- Jamie Semmler',NULL,NULL,NULL,NULL,NULL,NULL,NULL,NULL,NULL),
      (80,9,E'Darryl',E'McKenzie',E'Po Box 120',E'Quambatook',E'VIC',E'3540',E'03 54571204',NULL,E'0429809743',NULL,NULL,NULL),
      (81,9,E'Shane',E'Hamilyn-Harris',E'525 Coughlan Rd',E'Quambatook',E'VIC',E'3540',E'03 54571393',NULL,E'0488577153',NULL,NULL,NULL),
      (9,10,E'Warwick',E'McDonald',E'P.O. Box 107',E'Swan Hill',E'VIC',E'3585',E'50324722',NULL,E'0429840441',NULL,NULL,NULL),
      (253,10,E'John',E'Conway',E'18 Milloo St',E'Swan Hill',E'VIC',E'3585',E'50324115',NULL,NULL,NULL,NULL,NULL),
      (97,11,E'Tony',E'Cartwright',E'c/o Murrabit PO',E'Murrabit',E'VIC',E'3579',E'54572204',NULL,NULL,NULL,NULL,NULL),
      (50,12,E'Daryl',E'Carter',E'49 Argyle Road',E'Maryborough',E'VIC',E'3465',E'03 54613741',NULL,E'0428613741',NULL,NULL,NULL),
      (68,13,E'Kevin',E'Spiteri',E'33 Bakewell St',E'Bendigo',E'VIC',E'3550',E'03 54443503',NULL,E'0438428714',E'kkspiteri@hotmail.com',NULL,NULL),
      (254,13,E'Mark',E'Blink',E'31 Redwood Drive',E'Strathfieldsaye',E'VIC',E'3551',E'54394241',NULL,E'0437431191',NULL,NULL,NULL);


-- Move to legacy schema
CREATE SCHEMA IF NOT EXISTS legacy_2010;
ALTER TABLE boat SET SCHEMA legacy_2010;
ALTER TABLE catch SET SCHEMA legacy_2010;
ALTER TABLE competitor SET SCHEMA legacy_2010;
