-- SQL Dump of murrabit-cod-challenge-2022.accdb
-- generated by MDB Viewer 2.2.7
-- optimized for PostgreSQL

SET NAMES 'UTF8';



DROP TABLE IF EXISTS "boat";

CREATE TABLE "boat" (
    "boat_id" INTEGER PRIMARY KEY,
    "name" TEXT,
    "registration_no" TEXT
);

INSERT INTO "boat"("boat_id","name","registration_no")
VALUES(1,NULL,NULL),
      (2,NULL,NULL),
      (6,NULL,NULL),
      (7,E'Cirrhosis on the river',E'KK874'),
      (8,NULL,E'RU689'),
      (9,NULL,E'Jh316'),
      (11,NULL,NULL),
      (12,NULL,NULL),
      (13,NULL,NULL),
      (14,NULL,NULL),
      (19,E'Murrabit turtle catchers',NULL),
      (20,NULL,NULL),
      (21,NULL,NULL),
      (24,NULL,E'XC820'),
      (25,NULL,NULL),
      (26,NULL,NULL),
      (27,NULL,NULL),
      (28,NULL,NULL),
      (32,NULL,NULL),
      (33,NULL,NULL),
      (34,NULL,NULL),
      (35,NULL,NULL),
      (36,NULL,NULL),
      (37,E'D Punt',NULL),
      (38,NULL,NULL),
      (48,NULL,NULL),
      (50,NULL,NULL),
      (51,NULL,NULL),
      (52,NULL,NULL),
      (54,E'Des Stakelum',NULL),
      (55,NULL,NULL),
      (57,NULL,NULL),
      (58,NULL,NULL),
      (60,NULL,NULL),
      (61,NULL,NULL),
      (64,NULL,NULL),
      (66,NULL,NULL),
      (76,NULL,NULL),
      (77,NULL,NULL),
      (80,NULL,NULL),
      (82,NULL,E'LD195'),
      (84,NULL,NULL),
      (85,NULL,NULL),
      (90,NULL,E'HV 309'),
      (92,NULL,NULL),
      (93,NULL,NULL),
      (94,NULL,NULL),
      (95,NULL,NULL),
      (97,NULL,NULL),
      (98,NULL,NULL),
      (100,NULL,NULL),
      (102,NULL,NULL),
      (106,NULL,NULL),
      (107,NULL,NULL),
      (108,NULL,NULL),
      (109,NULL,NULL),
      (110,NULL,NULL),
      (111,NULL,NULL),
      (113,NULL,E'PY802'),
      (115,E'Lazy’s',NULL),
      (117,NULL,E'DC336'),
      (118,NULL,E'Pj481'),
      (120,NULL,NULL),
      (121,NULL,NULL),
      (123,NULL,NULL),
      (125,NULL,NULL),
      (135,NULL,NULL),
      (140,NULL,NULL),
      (141,NULL,NULL),
      (143,NULL,NULL),
      (144,E'MJ30',E'MJ30'),
      (145,NULL,E'GF920'),
      (148,NULL,NULL),
      (149,NULL,NULL),
      (151,NULL,NULL),
      (152,NULL,NULL),
      (153,NULL,NULL),
      (155,NULL,E'TK920'),
      (156,E'Lupton builders',NULL),
      (157,NULL,E'MW766'),
      (158,NULL,NULL),
      (160,NULL,NULL),
      (161,NULL,NULL),
      (165,NULL,NULL),
      (166,NULL,NULL),
      (167,E'Darb',NULL),
      (170,NULL,NULL),
      (171,NULL,NULL),
      (173,NULL,NULL),
      (174,NULL,NULL),
      (175,NULL,NULL),
      (176,NULL,NULL),
      (177,NULL,E'MM432'),
      (179,NULL,E'VT725'),
      (181,NULL,NULL),
      (182,NULL,NULL),
      (183,NULL,NULL),
      (184,NULL,NULL),
      (185,NULL,E'mr13'),
      (190,NULL,NULL),
      (191,E'Happy Hooker',E'HQ480'),
      (193,NULL,E'SZ462'),
      (195,NULL,NULL),
      (196,NULL,NULL),
      (197,NULL,NULL),
      (198,NULL,NULL),
      (199,NULL,NULL),
      (201,NULL,NULL),
      (202,NULL,NULL),
      (203,NULL,NULL),
      (205,NULL,NULL),
      (206,NULL,NULL),
      (207,NULL,NULL),
      (208,NULL,NULL),
      (209,NULL,NULL),
      (210,E'Mark Briggs',NULL),
      (211,NULL,NULL),
      (212,NULL,E'Bx646'),
      (214,NULL,NULL),
      (216,NULL,NULL),
      (218,NULL,NULL),
      (220,NULL,NULL),
      (221,NULL,NULL),
      (222,NULL,NULL),
      (223,NULL,NULL),
      (227,NULL,E'Ts473'),
      (229,NULL,NULL),
      (231,NULL,NULL),
      (232,NULL,NULL),
      (233,NULL,NULL),
      (234,NULL,NULL),
      (235,NULL,NULL),
      (236,NULL,E'TT728'),
      (238,NULL,NULL),
      (240,NULL,E'LN560'),
      (241,NULL,NULL),
      (242,NULL,NULL),
      (243,NULL,NULL),
      (246,NULL,NULL),
      (247,NULL,NULL),
      (250,NULL,E'SK327'),
      (251,NULL,NULL),
      (252,NULL,E'Kh 390'),
      (253,NULL,NULL),
      (255,NULL,NULL),
      (256,NULL,NULL),
      (257,NULL,NULL),
      (258,NULL,NULL),
      (259,NULL,NULL),
      (261,NULL,NULL),
      (263,NULL,NULL),
      (266,NULL,NULL),
      (267,NULL,NULL),
      (268,NULL,NULL),
      (270,E'Hobie kayak',NULL),
      (273,NULL,E'Uk461'),
      (274,NULL,E'NU953'),
      (275,NULL,NULL),
      (278,NULL,E'AKT-876N'),
      (279,NULL,E'HP048'),
      (281,NULL,NULL),
      (283,NULL,NULL),
      (284,NULL,NULL),
      (285,E'Millard',NULL),
      (286,NULL,NULL),
      (288,NULL,NULL),
      (289,NULL,NULL),
      (290,NULL,NULL),
      (291,NULL,NULL),
      (293,NULL,NULL),
      (295,NULL,NULL),
      (296,NULL,E'ALD941N'),
      (297,NULL,NULL),
      (298,NULL,NULL),
      (307,NULL,NULL),
      (310,NULL,NULL),
      (312,NULL,NULL),
      (315,NULL,NULL),
      (320,NULL,NULL),
      (323,NULL,NULL),
      (328,NULL,NULL),
      (329,NULL,NULL),
      (330,NULL,NULL),
      (331,NULL,NULL),
      (332,NULL,NULL),
      (334,NULL,NULL),
      (335,NULL,NULL),
      (336,NULL,NULL),
      (337,NULL,NULL);



DROP TABLE IF EXISTS "catch";

CREATE TABLE "catch" (
    "catch_id" INTEGER PRIMARY KEY,
    "fish_type" TEXT,
    "competitor_id" INTEGER,
    "size" DOUBLE PRECISION,
    "date" TIMESTAMP,
    "time" TIMESTAMP,
    "marshall" TEXT,
    "bait" TEXT,
    "location" DOUBLE PRECISION
);

INSERT INTO "catch"("catch_id","fish_type","competitor_id","size","date","time","marshall","bait","location")
VALUES(1,E'Murray Cod',118,57,E'2022-03-19 00:00:00',E'1899-12-30 08:27:00',NULL,NULL,NULL),
      (2,E'Yellowbelly',202,36.5,E'2022-03-19 00:00:00',E'1899-12-30 08:53:00',NULL,NULL,NULL),
      (3,E'Murray Cod',92,59.5,E'2022-03-19 00:00:00',E'1899-12-30 12:45:00',NULL,NULL,NULL),
      (4,E'Yellowbelly',1022,44,E'2022-03-19 00:00:00',E'1899-12-30 12:43:00',NULL,NULL,NULL),
      (5,E'Murray Cod',259,94,E'2022-03-19 00:00:00',E'1899-12-30 15:23:00',NULL,NULL,NULL),
      (6,E'Murray Cod',260,64,E'2022-03-19 00:00:00',E'1899-12-30 09:21:00',NULL,NULL,NULL),
      (7,E'Murray Cod',260,58.5,E'2022-03-19 00:00:00',E'1899-12-30 08:54:00',NULL,NULL,NULL),
      (8,E'Yellowbelly',76,39.5,E'2022-03-19 00:00:00',E'1899-12-30 15:48:00',NULL,NULL,NULL),
      (9,E'Murray Cod',146,89,E'2022-03-19 00:00:00',E'1899-12-30 16:15:00',NULL,NULL,NULL),
      (10,E'Murray Cod',1006,61.5,E'2022-03-19 00:00:00',E'1899-12-30 16:23:00',NULL,NULL,NULL),
      (11,E'Yellowbelly',218,41.5,E'2022-03-19 00:00:00',E'1899-12-30 10:22:00',NULL,NULL,NULL),
      (12,E'Murray Cod',222,55,E'2022-03-19 00:00:00',E'1899-12-30 09:40:00',NULL,NULL,NULL),
      (13,E'Carp',40,57,E'2022-03-19 00:00:00',E'1899-12-30 13:30:00',NULL,NULL,NULL),
      (14,E'Carp',38,59,E'2022-03-19 00:00:00',E'1899-12-30 12:40:00',NULL,NULL,NULL),
      (15,E'Carp',158,57.5,E'2022-03-19 00:00:00',E'1899-12-30 12:17:00',NULL,NULL,NULL),
      (16,E'Carp',45,56,E'2022-03-19 00:00:00',E'1899-12-30 12:31:00',NULL,NULL,NULL),
      (17,E'Carp',244,57,E'2022-03-19 00:00:00',E'1899-12-30 14:29:00',NULL,NULL,NULL),
      (18,E'Carp',218,60.5,E'2022-03-19 00:00:00',E'1899-12-30 09:21:00',NULL,NULL,NULL),
      (19,E'Carp',110,59,E'2022-03-20 00:00:00',E'1899-12-30 08:17:00',NULL,NULL,NULL),
      (20,E'Carp',217,55,E'2022-03-20 00:00:00',E'1899-12-30 08:18:00',NULL,NULL,NULL),
      (21,E'Carp',218,54,E'2022-03-20 00:00:00',E'1899-12-30 08:36:00',NULL,NULL,NULL),
      (22,E'Murray Cod',105,57.5,E'2022-03-20 00:00:00',E'1899-12-30 08:31:00',NULL,NULL,NULL),
      (23,E'Carp',274,51,E'2022-03-20 00:00:00',E'1899-12-30 08:48:00',NULL,NULL,NULL),
      (24,E'Murray Cod',116,58.5,E'2022-03-20 00:00:00',E'1899-12-30 09:37:00',NULL,NULL,NULL),
      (25,E'Murray Cod',152,67,E'2022-03-20 00:00:00',E'1899-12-30 09:51:00',NULL,NULL,NULL),
      (26,E'Murray Cod',271,60.5,E'2022-03-20 00:00:00',E'1899-12-30 10:04:00',NULL,NULL,NULL),
      (27,E'Murray Cod',269,58,E'2022-03-20 00:00:00',E'1899-12-30 10:14:00',NULL,NULL,NULL);



DROP TABLE IF EXISTS "competitor";

CREATE TABLE "competitor" (
    "competitor_id" INTEGER PRIMARY KEY,
    "boat_id" INTEGER,
    "firstname" TEXT,
    "surname" TEXT,
    "address" TEXT,
    "suburb" TEXT,
    "state" TEXT,
    "postcode" TEXT,
    "phone" TEXT,
    "fax" TEXT,
    "mobile" TEXT,
    "email" TEXT,
    "paid" BOOLEAN,
    "junior" BOOLEAN
);

INSERT INTO "competitor"("competitor_id","boat_id","firstname","surname","address","suburb","state","postcode","phone","fax","mobile","email","paid","junior")
VALUES(1,1,E'Brad',E'Morrison',E'NA',E'Kerang',E'VIC',E'3580',NULL,NULL,NULL,E'timwmillard@gmail.com',TRUE,FALSE),
      (2,2,E'Andrew',E'Leahy',E'131 Murrabit West Road',E'Murrabit',E'VIC',E'3579',E'0408500875',NULL,NULL,E'asurv@bigpond.com',TRUE,FALSE),
      (3,2,E'Wes',E'Danson',E'48 forest street',E'Barham',E'VIC',E'2732',E'0458805396',NULL,NULL,E'asurv@bigpond.com',TRUE,FALSE),
      (4,2,E'John',E'Danson',E'1860 Koondrook Murrabit road',E'Murrabit',E'VIC',E'3579',E'0459972266',NULL,NULL,E'asurv@bigpond.com',TRUE,FALSE),
      (5,2,E'Dave',E'Semmler',E'106 begelhole road',E'Murrabit',E'VIC',E'3579',E'0427575255',NULL,NULL,E'asurv@bigpond.com',TRUE,FALSE),
      (6,6,E'Archer',E'McKnight',E'36 Borough drive Kerang',E'Kerang',E'VIC',E'3579',E'0457031144',NULL,NULL,E'archermcknight29@icloud.com',TRUE,FALSE),
      (7,7,E'Rhys',E'Pontelandolfo',E'40 Magnolia Drive',E'Echuca',E'VIC',E'3564',E'0408844341',NULL,NULL,E'rhyspontel@msn.com',TRUE,FALSE),
      (8,8,E'Simon',E'O\'Callaghan',E'16 Pryor Street',E'Echuca',E'VIC',E'3564',E'0457711427',NULL,E'0457711427',E'socallaghan@htroon.com.au',TRUE,FALSE),
      (9,9,E'Kieran',E'Martin',E'323 findon rd',E'EPPING',E'VIC',E'3076',NULL,NULL,E'0409401290',E'Kieran.m91@hotmail.com',TRUE,FALSE),
      (10,9,E'Shannon',E'Martin',E'97 charles road',E'Lilydale',E'VIC',E'3140',NULL,NULL,E'0458378140',E'shannon.m91@hotmail.com',TRUE,FALSE),
      (11,11,E'Tristin',E'Rhodes',E'18 horsham drive',E'Cranbourne East',E'VIC',E'3977',NULL,NULL,E'0451474314',E'twisty245@hotmail.com',TRUE,FALSE),
      (12,12,E'Steve',E'Peirce',E'57 tweed crt',E'Thurgoona',E'NSW',E'2640',NULL,NULL,E'0427799006',E's.peirce@hotmail.com',TRUE,FALSE),
      (13,13,E'Anthony',E'Harmer',E'17 Whitehall Avenue',E'Springdale heights',E'NSW',E'2641',NULL,NULL,E'0459800856',E'anthony.harmer10@gmail.com',TRUE,FALSE),
      (14,14,E'Matt',E'Mckenna',E'14 jenolian street',E'Huntly',E'VIC',E'3550',E'0435745402',NULL,E'0435745402',E'matty67_mckenna@hotmail.com',TRUE,FALSE),
      (15,14,E'Josh',E'Cox',E'14 jenolian street',E'Huntly',E'VIC',E'3551',NULL,NULL,E'0437076588',E'cox.joshua69@yahoo.com.au',TRUE,FALSE),
      (16,14,E'Mick',E'Mckenna',E'37 Stephenson street',E'Huntly',E'VIC',E'3550',NULL,NULL,E'0407539559',E'm.mckenna1@bigpond.com',TRUE,FALSE),
      (17,14,E'Brandon',E'Mckenna',E'Lot 17 oakridge drive',E'Huntly',E'VIC',E'3550',E'0400 774 165',NULL,E'0400774165',E'brandonmckenna88@gmail.com',TRUE,FALSE),
      (18,14,E'Daniel',E'Mckenna',E'1 coal court',E'Epsom',E'VIC',E'3551',NULL,NULL,E'0479 113 588',E'scaredan@gmail.com',TRUE,FALSE),
      (19,19,E'Jarrod',E'Ayres',E'3 alfred way',E'Strathfieldsaye',E'VIC',E'3551',NULL,NULL,E'0400878265',E'jayres@powercor.com.au',TRUE,FALSE),
      (20,20,E'kevin',E'callow',E'171 hilton street',E'glenroy',E'VIC',E'3046',NULL,NULL,E'0430966464',E'kfc@aussiebb.com.au',TRUE,FALSE),
      (21,21,E'Terry',E'Stacey',E'100 Lilac Avenue',E'Kerang',E'VIC',E'3579',NULL,NULL,E'0428503377',E'kbradde@hotmail.com',TRUE,FALSE),
      (22,21,E'Daryl',E'McLean',E'8 Teasdale Street',E'Johnston',E'NT',E'832',NULL,NULL,E'0427824694',E'dgmclean@hotmail.com',TRUE,FALSE),
      (23,24,E'Craig',E'Theobald',E'8',E'Golden Square',E'VIC',E'3555',E'\'+61417892935',NULL,E'0417892935',E'craig755@bigpond.com',TRUE,FALSE),
      (24,24,E'Mark',E'Burgess',E'120 Norelle Crescent',E'Golden Square',E'VIC',E'3555',NULL,NULL,E'0456819243',E'burgessmn@bigpond.com',TRUE,FALSE),
      (25,25,E'Zac',E'Cole',E'63 lavender park road',E'Eltham',E'VIC',E'3095',NULL,NULL,NULL,E'zaccole@live.com.au',TRUE,FALSE),
      (26,26,E'Andrew',E'Brazzale',E'32 Hunter Street',E'Mansfield',E'VIC',E'3722',NULL,NULL,E'0401796756',E'braz_23@hotmail.com',TRUE,FALSE),
      (27,27,E'Lachy',E'Pearson',E'11 Marshall ave',E'Montmorency',E'VIC',E'3094',NULL,NULL,E'0407567076',E'lachy.pearson@gmail.com',TRUE,FALSE),
      (28,28,E'Paul',E'Collicoat',E'28 newton st',E'Maryborough',E'VIC',E'3465',NULL,NULL,E'0417545149',E'speedycollicoat@gmail.com',TRUE,FALSE),
      (29,28,E'Mark',E'Howard',E'Mahers rd',E'Timor',E'VIC',E'3465',NULL,NULL,E'0417545149',E'speedycollicoat@gmail.com',TRUE,FALSE),
      (30,28,E'Aaron',E'Collicoat',E'28 newton st',E'Maryborough',E'VIC',E'3465',NULL,NULL,E'0417545149',E'speedycollicoat@gmail.com',TRUE,FALSE),
      (31,28,E'Jake',E'Howard',E'Mahers rd',E'Timor',E'VIC',E'3465',NULL,NULL,E'0417545149',E'speedycollicoat@gmail.com',TRUE,FALSE),
      (32,32,E'Jeff',E'Parker',E'1 Airey St',E'Huntly',E'VIC',E'3551',NULL,NULL,E'0458 886 201',E'grandview3537@gmail.com',TRUE,FALSE),
      (33,33,E'Tim',E'Wainwright',E'24 Kelly street',E'Diamond creek',E'VIC',E'3089',NULL,NULL,E'0419300061',E'tmwcarpentry@gmail.com',TRUE,FALSE),
      (34,34,E'Nathan',E'Woods',E'4 Snapdragon Street',E'South Morang',E'VIC',E'3752',E'0408163091',NULL,E'0408163091',E'nathan-woods93@hotmail.com',TRUE,FALSE),
      (35,35,E'Tom',E'Rogers',E'12 swan st',E'Eltham',E'VIC',E'3095',NULL,NULL,NULL,E'tomrogers1@hotmail.com',TRUE,FALSE),
      (36,36,E'Sean',E'Wilson',E'188 mount pleasant road',E'Eltham',E'VIC',E'3095',E'0431161551',NULL,NULL,E'2sean.wilson2@gmail.com',TRUE,FALSE),
      (37,37,E'Peter',E'Muir',E'30 Epsom street',E'LAVERTON',E'VIC',E'3028',E'\'+61419591306',NULL,E'0419591306',E'pmuir63@outlook.com',TRUE,FALSE),
      (38,38,E'LISA',E'KERR',E'345 Linton-naringhil Rd',E'Linton',E'VIC',E'3360',NULL,NULL,E'0409551390',E'lisa.kerr3@optusnet.com.au',TRUE,FALSE),
      (39,38,E'Dean',E'KERR',E'345 Linton-naringhil rd',E'Linton',E'VIC',E'3360',NULL,NULL,E'0423065286',E'dmkerr72@outlook.com.au',TRUE,FALSE),
      (40,38,E'Marianne',E'Baker',E'53 king Edward st',E'Cohuna',E'VIC',E'3568',NULL,NULL,E'0400377573',E'steppa65@bigpond.com',TRUE,FALSE),
      (41,38,E'Stephen',E'Baker',E'53 king Edward st',E'Cohuna',E'VIC',E'3568',NULL,NULL,E'0437246870',E'steppa65@bigpond.com',TRUE,FALSE),
      (42,38,E'David',E'Baker',E'16 Megan crt',E'Wangaratta',E'VIC',E'3676',NULL,NULL,E'0438793624',E'lisa.kerr3@optusnet.com.au',TRUE,FALSE),
      (43,38,E'Janine',E'Edwards',E'16 Megan crt',E'Wangaratta',E'VIC',E'3676',NULL,NULL,E'0407218129',E'dmkerr72@outlook.com.au',TRUE,FALSE),
      (44,38,E'Leiza',E'Webb mathers',E'89 channel st',E'Cohuna',E'VIC',E'3568',NULL,NULL,E'0427567170',E'leizawebb@gmail.com',TRUE,FALSE),
      (45,38,E'Dallas',E'Mathers',E'89 channel st',E'Cohuna',E'VIC',E'3568',NULL,NULL,E'0407562659',E'leizawebb@gmail.com',TRUE,FALSE),
      (46,38,E'David',E'Lockley',NULL,NULL,E'VIC',E'3352',NULL,NULL,NULL,NULL,TRUE,FALSE),
      (47,38,E'Baxter',E'McKay',NULL,NULL,E'VIC',NULL,NULL,NULL,NULL,NULL,TRUE,FALSE),
      (48,48,E'Harley',E'Hee',E'6062 Murray Valley Hwy',E'Wyuna',E'VIC',E'3620',NULL,NULL,E'0409154784',E'harleyhee@hotmail.com',TRUE,FALSE),
      (49,48,E'Sara',E'Douthat',E'6062 Murray valley hwy',E'Wyuna',E'VIC',E'3620',NULL,NULL,E'0437934666',E's.j.a.douthat@gmail.com',TRUE,FALSE),
      (50,50,E'Tim',E'Woods',E'38 river gum close',E'Diamond creek',E'VIC',E'3089',NULL,NULL,E'0432347604',E'timwoodscarpentry@hotmail.com',TRUE,FALSE),
      (51,51,E'Dave',E'Mooney',E'4 Wilson crt',E'KERANG',E'VIC',E'3579',E'0427572411',NULL,NULL,E'davidmooney2@bigpond.com',TRUE,FALSE),
      (52,52,E'Sam',E'Gatt',E'3/93 Nell street',E'Greensborough',E'VIC',E'3088',NULL,NULL,E'0439986141',E'samgattlandscaping@gmail.com',TRUE,FALSE),
      (53,52,E'Xavier',E'Enright',E'3/93 Nell street',E'Greensborough',E'VIC',E'3088',NULL,NULL,E'0439986141',E'samgattlandscaping@gmail.com',TRUE,FALSE),
      (54,54,E'Des',E'Stakelum',E'170 Aspinall St',E'Kangaroo Flat',E'VIC',E'3555',NULL,NULL,E'0407 877 315',E'Dstakelum@me.com',TRUE,FALSE),
      (55,55,E'Murray',E'James',E'4 pegler ave',E'Mildura',E'VIC',E'3500',E'0428627982',NULL,E'0428627982',E'm.james@countryracing.com.au',TRUE,FALSE),
      (56,55,E'Debi',E'James',E'4 pegler ave',E'Mildura',E'VIC',E'3500',E'0409384184',NULL,E'0409384184',E'debi.james62@bigpond.com',TRUE,FALSE),
      (57,57,E'Joe',E'Gilhooley',E'35 John Street',E'Eltham',E'VIC',E'3095',NULL,NULL,E'0423935525',E'joe.gilhooley1990@outlook.com',TRUE,FALSE),
      (58,58,E'Michael',E'Woods',E'1 Bayfield Drive',E'Eltham',E'VIC',E'3095',NULL,NULL,E'0427184794',E'mick@hookem.com.au',TRUE,FALSE),
      (59,58,E'Jim',E'Anderson',E'50 Budburst Drive',E'Sunbury',E'VIC',E'3064',NULL,NULL,E'0414552753',E'jim@anderwoods.com.au',TRUE,FALSE),
      (60,60,E'Ben',E'Romeril',E'30, John street',E'Eltham',E'VIC',E'3095',NULL,NULL,E'0400606939',E'benromers@gmail.com',TRUE,FALSE),
      (61,61,E'Darren',E'Smith',E'1076 kyneton metcalfe road',E'Greenhill',E'VIC',E'3444',NULL,NULL,E'0488002972',E'Darrensmith0916@outlook.com',TRUE,FALSE),
      (62,61,E'Debbie',E'Smith',E'1076 kyneton Metcalfe road',E'Greenhill',E'VIC',E'3444',NULL,NULL,E'0422030453',E'debbsmith16@gmail.com',TRUE,FALSE),
      (63,61,E'Makyla',E'Smith',E'1076 Kyenton Metcalfe road',E'Greenhill',E'VIC',E'3444',E'0409188184',NULL,E'0409188184',E'Darrensmith0916@outlook.com',TRUE,FALSE),
      (64,64,E'Anthony',E'Anderson',E'5 Stanson Pl',E'Maiden Gully',E'VIC',E'3551',NULL,NULL,E'0448321537',E'andocodman@gmail.com',TRUE,FALSE),
      (65,64,E'Drew',E'Shotton',E'5 Stanson pl',E'Maiden Gully',E'VIC',E'3551',NULL,NULL,E'0428506228',E'shotto@iinet.net.au',TRUE,FALSE),
      (66,66,E'Mick',E'Martin',E'32 Hains close',E'Beaufort',E'VIC',E'3373',NULL,NULL,E'0402788241',E'mikgm@bigpond.com',TRUE,FALSE),
      (67,66,E'Frank',E'Martin',E'4 Ormond road',E'West Footscray',E'VIC',E'3012',NULL,NULL,E'0411063770',E'fma34202@bigpond.net.au',TRUE,FALSE),
      (68,66,E'Peter',E'Mayberry',E'11 Taegtow way',E'Altona Meadows',E'VIC',E'3028',NULL,NULL,NULL,E'magalott1@hotmail.com',TRUE,FALSE),
      (69,66,E'Mark',E'Sodomaco',E'10 Apollo place',E'Whittington',E'VIC',E'3219',NULL,NULL,E'0458369200',E'marksodda@gmail.com',TRUE,FALSE),
      (70,66,E'Ken',E'Kierce',E'4 Tucker street',E'West Footscray',E'VIC',E'3012',NULL,NULL,E'0419577069',E'kenandtrish@hotmail.com',TRUE,FALSE),
      (71,66,E'Graham',E'Norman',E'92 Churchill avenue',E'Braybrook',E'VIC',E'3019',NULL,NULL,E'0419763644',E'snowynorman@hotmail.com',TRUE,FALSE),
      (72,66,E'Mick',E'McArdle',E'52 Brougham avenue',E'Wyndham Vale',E'VIC',E'3024',NULL,NULL,E'0413328588',E'dooknlindy@optusnet.com.au',TRUE,FALSE),
      (73,66,E'Andrew',E'Cachia',E'6 CJ Dennis place',E'Point Cook',E'VIC',E'3030',NULL,NULL,E'0418395469',E'abcachia@bigpond.com',TRUE,FALSE),
      (74,66,E'Ljubo',E'Stojcevski',E'33 Hook street',E'St. Albans',E'VIC',E'3021',NULL,NULL,E'0413260171',E'magalott1@hotmail.com',TRUE,FALSE),
      (75,66,E'Peter',E'Magalotti',E'1 Belah avenue',E'Altona',E'VIC',E'3018',NULL,NULL,E'0468928523',E'magalott1@hotmail.com',TRUE,FALSE),
      (76,76,E'Christian',E'Salpietro',E'1076 Kyneton metcalfe road green hill',E'Kyneton',E'VIC',E'3444',E'0466644365',NULL,NULL,E'christiansalpietro4@gmail.com',TRUE,FALSE),
      (77,77,E'Jalna',E'Holmes',E'7 Ross St',E'Malmsbury',E'VIC',E'3446',NULL,NULL,E'0438585518',E'flozzie33@hotmail.com',TRUE,FALSE),
      (78,77,E'Brent',E'Holmes',E'7 Ross St',E'Malmsbury',E'VIC',E'3446',NULL,NULL,E'0418396103',E'flozzie33@hotmail.com',TRUE,FALSE),
      (79,77,E'Gilli',E'Bruni',E'Pipers Crk Rd',E'Kyneton',E'VIC',E'3444',NULL,NULL,E'0438586518',E'flozzie33@hotmail.com',TRUE,FALSE),
      (80,80,E'Jason',E'Booth',E'3 Bissell Drive',E'Golden Square',E'VIC',E'3555',NULL,NULL,E'0438372556',E'jason.stacka@gmail.com',TRUE,FALSE),
      (81,80,E'James',E'Kirsten',E'3 Bissell Drive',E'Golden Square',E'VIC',E'3555',NULL,NULL,E'0438372556',E'jason.stacka@gmail.com',TRUE,FALSE),
      (82,82,E'Myles',E'Green',E'145 Keegan road',E'Lauriston',E'VIC',E'3444',NULL,NULL,E'0418590211',E'myles.green74@bigpond.com',TRUE,FALSE),
      (83,82,E'Donald',E'Smith',E'79 Mitchell street',E'Kyneton',E'VIC',E'3444',E'0418590295',NULL,E'0418590295',E'kynwhitegoodsrepair@bigpond.com',TRUE,FALSE),
      (84,84,E'Caleb',E'Gillie',E'46 Blair St',E'Moama',E'NSW',E'2731',NULL,NULL,E'0460309632',E'caleb.gillie@denniscorp.com.au',TRUE,FALSE),
      (85,85,E'Greg',E'Webster',E'5 Rosina drive',E'Melton',E'VIC',E'3337',NULL,NULL,E'0403255832',E'magalott1@hotmail.com',TRUE,FALSE),
      (86,85,E'Shaun',E'Webster',E'1 Belah avenue',E'Altona',E'VIC',E'3018',NULL,NULL,E'0434281514',E'magalott1@hotmail.com',TRUE,FALSE),
      (87,85,E'Ron',E'Cole',E'107 Davidson St',E'Deniliquin',E'NSW',E'2701',NULL,NULL,E'0448455451',E'ronaldcole@gmail.com',TRUE,FALSE),
      (88,85,E'John',E'Webb',E'22 Mulgoa court',E'Barwon Heads',E'VIC',E'3227',NULL,NULL,E'0411861203',E'jalak6780@gmail.com',TRUE,FALSE),
      (89,85,E'Colin',E'Cooksley',E'2/390 Deakin ave',E'Mildura',E'VIC',E'3500',NULL,NULL,E'0455242629',E'colincooksley@outlook.com',TRUE,FALSE),
      (90,90,E'Kylie',E'Brooks',E'2 caddy drive',E'Creswick',E'VIC',E'3363',NULL,NULL,E'0427058032',E'kylo2273@gmail.com',TRUE,FALSE),
      (91,90,E'Glenn',E'Brooks',E'2 caddy drive',E'Creswick',E'VIC',E'3363',NULL,NULL,E'0427058032',E'kylo2273@gmail.com',TRUE,FALSE),
      (92,92,E'Toby',E'Gray',E'2 coronation street',E'Kerang',E'VIC',E'3579',NULL,NULL,E'0435218834',E'graytoby19@gmail.com',TRUE,FALSE),
      (93,93,E'Ryan',E'White',E'25 Kent drive',E'Haddon',E'VIC',E'3351',NULL,NULL,E'0407542939',E'r.c.whitebricklaying@hotmail.com',TRUE,FALSE),
      (94,94,E'Stephen',E'Kardinaal',E'130',E'Maffra',E'VIC',E'3860',NULL,NULL,E'0409951922',E'stkards@gmail.com',TRUE,FALSE),
      (95,95,E'Ben',E'Lavey',E'787 River Road',E'Murrabit',E'VIC',E'3579',NULL,NULL,E'0403260745',E'roseben2010@live.com.au',TRUE,FALSE),
      (96,95,E'Rose',E'Lavey',E'787 River road',E'Murrabit west',E'VIC',E'3579',NULL,NULL,E'0403260745',E'roseben2010@live.com.au',TRUE,FALSE),
      (97,97,E'Hayden',E'Bladier',E'8 Leonie court',E'Cardigan village',E'VIC',E'3353',E'0427965860',NULL,E'0427965860',E'haydo3383@hotmail.com',TRUE,FALSE),
      (98,98,E'Mervyne',E'Miller',E'98 Nelson Street',E'Maryborough',E'VIC',E'3465',NULL,NULL,E'0417100057',E'hueg.arse76@gmail.com',TRUE,FALSE),
      (99,98,E'Daniel',E'Miller',E'98 Nelson Street',E'Maryborough',E'VIC',E'3465',NULL,NULL,E'0417100057',E'hueg.arse76@gmail.com',TRUE,FALSE),
      (100,100,E'Mandy',E'Pellow',E'27 Fisher St',E'Stawell',E'VIC',E'3350',NULL,NULL,E'0423096729',E'gmbae62@gmail.com',TRUE,FALSE),
      (101,100,E'Barry',E'Gardner',E'27 Fisher St',E'Stawell',E'VIC',E'3380',NULL,NULL,E'0466210091',E'bg0861@gmail.com',TRUE,FALSE),
      (102,102,E'Mark',E'Thomas',E'30 Browning Ave',E'Murrabit',E'VIC',E'3579',E'420782396',NULL,NULL,E'tomo242@gmail.com',TRUE,FALSE),
      (103,102,E'Ben',E'Van Roon',E'30 Browning Ave',E'Murrabit',E'VIC',E'3579',E'420782396',NULL,NULL,E'tomo242@gmail.com',TRUE,FALSE),
      (104,102,E'Tracey',E'Ridley',E'30 Browning Ave',E'Murrabit',E'VIC',E'3579',E'420782396',NULL,NULL,E'tomo242@gmail.com',TRUE,FALSE),
      (105,102,E'Bill',E'Redmond',E'30 Browning Ave',E'Murrabit',E'VIC',E'3579',E'420782396',NULL,NULL,E'tomo242@gmail.com',TRUE,FALSE),
      (106,106,E'Riley',E'Nethercote',E'1093 Benjeroop- Lake Charm Rd',E'Benjeroop',E'VIC',E'3579',E'490416162',NULL,E'0490416162',E'rneth18@gmail.com',TRUE,FALSE),
      (107,107,E'Daryl',E'carter',E'44 spring street',E'maryborough',E'VIC',E'3465',E'354605775',NULL,E'0428613741',E'cartersengineering@gmail.com',TRUE,FALSE),
      (108,108,E'Adam',E'Bowles',E'2  Caffrey Court',E'Irymple',E'VIC',E'3498',NULL,NULL,E'0409790892',E'kbradde@hotmail.com',TRUE,FALSE),
      (109,109,E'Andrew',E'Grieves',E'6 Fletchers Creek Road',E'Marong',E'VIC',E'3515',E'0354352220',NULL,E'0428551255',E'douglashelen576@gmail.com',TRUE,FALSE),
      (110,110,E'Cameron',E'Place',E'7 Ripview Drv',E'Ocean Grove',E'VIC',E'3226',NULL,NULL,E'0400451166',E'cameron.place@bendigobank.com.au',TRUE,FALSE),
      (111,111,E'Jeff',E'Gillingham',E'68 Lake Charm East Rd',E'Lake Charm',E'VIC',E'3581',NULL,NULL,E'0428500702',E'jeffgillingham10@gmail.com',TRUE,FALSE),
      (112,111,E'Peter',E'Ladgrove',E'Lorna Ct',E'White Hills',E'VIC',E'3550',NULL,NULL,E'0478225861',E'jeffgillingham10@gmail.com',TRUE,FALSE),
      (113,113,E'Stephen',E'ODonoghue',E'277 Murrabit West RD',E'Murrabit',E'VIC',E'3579',E'\'+61418577238',NULL,E'0418577238',E'burrpark@bigpond.com',TRUE,FALSE),
      (114,113,E'Leigh',E'Forster',E'Cassidy Lane',E'Pyramid Hill',E'VIC',E'3575',E'0427847033',NULL,E'0427847033',E'leighanddebby@bigpond.com',TRUE,FALSE),
      (115,115,E'Brenden',E'Fletcher',E'4 Sweeney street',E'East Bendigo',E'VIC',E'3550',NULL,NULL,E'0418513165',E'b.fletcher@latrobe.edu.au',TRUE,FALSE),
      (116,115,E'Jackson',E'Fletcher',E'4 Sweeney street',E'East Bendigo',E'VIC',E'3550',NULL,NULL,E'0403 718 160',E'b.fletcher@latrobe.edu.au',TRUE,FALSE),
      (117,117,E'Dave',E'Carter',E'42 Poole st',E'Maryborough',E'VIC',E'3465',NULL,NULL,E'0488408400',E'daveonsite4@gmail.com',TRUE,FALSE),
      (118,118,E'Jeff',E'McGregor',E'70a bright st',E'\' California Gully',E'VIC',E'3556',NULL,NULL,E'0448755812',E'jmcgregor62@outlook.com',TRUE,FALSE),
      (119,118,E'Justin',E'Moyle',NULL,NULL,E'VIC',E'3556',NULL,NULL,E'0448755811',E'jmcgregor62@outlook.com',TRUE,FALSE),
      (120,120,E'Nick',E'Hein',E'346 Guilmartin rd',E'Myall',E'VIC',E'3579',NULL,NULL,E'0409533153',E'nhe40472@bigpond.net.au',TRUE,FALSE),
      (121,121,E'Chris',E'Wagner',E'473 Tannery Lane',E'STRATHFIELDSAYE',E'VIC',E'3551',NULL,NULL,E'0427413795',E'wagnerchris001@gmail.com',TRUE,FALSE),
      (122,121,E'Jack',E'Challis',E'PO Box 37',E'MURRABIT',E'VIC',E'3579',NULL,NULL,E'0427570309',E'jackandjillchallis@yahoo.com.au',TRUE,FALSE),
      (123,123,E'Shane',E'Baldock',E'14 Galilee crt',E'Huon creek',E'VIC',E'3691',NULL,NULL,E'0277002978',E'shanebaldock@bigpond.com',TRUE,FALSE),
      (124,123,E'Lachlan',E'Baldock',E'14 Galilee crt',E'Huon creek',E'VIC',E'3691',NULL,NULL,E'0476261450',E'baldock.lachie@gmail.com',TRUE,FALSE),
      (125,125,E'Arron',E'Sutton',E'11 Poa Court',E'Craigieburn',E'VIC',E'3064',NULL,NULL,E'0404839207',E'arron.sutton@coopers.com.au',TRUE,FALSE),
      (126,125,E'Jeremy',E'Boag',E'40 Metcalfe Drive',E'Romsey',E'VIC',E'3188',NULL,NULL,E'0438109717',E'jeremyboag@gmail.com',TRUE,FALSE),
      (127,125,E'David',E'Anderson',E'50 Budburst Drive',E'Sunbury',E'VIC',E'3064',NULL,NULL,E'0412369361',E'David.Anderson@atlassteel.com.au',TRUE,FALSE),
      (128,125,E'Rhett',E'Flannagan',E'50 BUDBURST DRIVE',E'SUNBURY',E'VIC',E'3429',NULL,NULL,E'0412369361',E'David.Anderson@atlassteel.com.au',TRUE,FALSE),
      (129,125,E'Peter',E'Davis',E'12 Valonia Drive',E'Eltham',E'VIC',E'3095',NULL,NULL,E'0437528590',E'admin@anderwoods.com.au',TRUE,FALSE),
      (130,125,E'Robbie',E'Munter',E'50 Ruby Street',E'Essendon North',E'VIC',E'3041',NULL,NULL,E'0409350175',E'munterr@gmail.com',TRUE,FALSE),
      (131,125,E'Damian',E'Lynch',E'50 Ruby Street',E'Essendon North',E'VIC',E'3041',NULL,NULL,E'0409350175',E'munterr@gmail.com',TRUE,FALSE),
      (132,125,E'Mike',E'Cassidy',E'50 Ruby Street',E'Essendon North',E'VIC',E'3041',E'0409767885',NULL,NULL,E'cassface@hotmail.com',TRUE,FALSE),
      (133,125,E'Danny',E'Grasser',E'28 Ligar Street',E'Sunbury',E'VIC',E'3429',NULL,NULL,E'0410609899',E'sales@hookem.com.au',TRUE,FALSE),
      (134,125,E'Greg',E'Berry',NULL,NULL,E'VIC',NULL,NULL,NULL,NULL,NULL,TRUE,FALSE),
      (135,135,E'Mick',E'Woods',NULL,NULL,E'VIC',NULL,NULL,NULL,NULL,NULL,TRUE,FALSE),
      (136,135,E'Joel',E'Wilson',E'10 Rudkin Court',E'Hoppers Crossing',E'VIC',E'3029',NULL,NULL,E'0407512971',E'admin@anderwoods.com.au',TRUE,FALSE),
      (137,135,E'Mick',E'Woods',NULL,NULL,E'VIC',NULL,NULL,NULL,NULL,NULL,TRUE,FALSE),
      (138,135,E'Mick',E'Woods',NULL,NULL,E'VIC',NULL,NULL,NULL,NULL,NULL,TRUE,FALSE),
      (139,135,E'Jordan',E'Wilson',E'10 Rudkin Court',E'Hoppers Crossing',E'VIC',E'3029',NULL,NULL,E'0407512971',E'admin@anderwoods.com.au',TRUE,FALSE),
      (140,140,E'Adam',E'Rickard',E'40 shamus drive',E'Ross creek',E'VIC',E'3351',E'0400 118 169',NULL,E'0400 118 169',E'awrtilers@bigoknd.com',TRUE,FALSE),
      (141,141,E'Eddie',E'Wright',E'5 Hampton Court',E'Wodonga',E'VIC',E'3690',NULL,NULL,E'0407480665',E'Eddiejwright@outlook.com',TRUE,FALSE),
      (142,141,E'Josef',E'Wenselowski',E'2 Romsey Court',E'Wodonga',E'VIC',E'3690',NULL,NULL,E'0423506140',E'Josejwenselowski27@gmail.com',TRUE,FALSE),
      (143,143,E'Jamie',E'Joseph',E'42 Greenfields Drive',E'MORIAC',E'VIC',E'3240',E'0430604465',NULL,E'0430604465',E'jamie@allexcavations.com.au',TRUE,FALSE),
      (144,144,E'Matthew',E'Johnson',E'30 Logan street',E'Maryborough',E'VIC',E'3465',NULL,NULL,E'0409235358',E'mjohnson@powercor.com.au',TRUE,FALSE),
      (145,145,E'Glenn',E'Solomano',E'68 Williams Road',E'Myers Flat',E'VIC',E'3556',NULL,NULL,E'0418459985',E'glenns2502@gmail.com',TRUE,FALSE),
      (146,145,E'Stephen',E'Kelson',E'3/2 Smalley Street',E'California Gully',E'VIC',E'3556',NULL,NULL,E'0419884993',E'stkel1@hotmail.com',TRUE,FALSE),
      (147,145,E'Damian',E'Cooper',E'153 Bob Street',E'White Hills',E'VIC',E'3550',NULL,NULL,E'0409951264',E'Damiancooper1970@gmail.com',TRUE,FALSE),
      (148,148,E'Barry',E'Tanner',E'2730 Bacchus Marsh/Balliang Rd',E'Rowsley',E'VIC',E'3340',NULL,NULL,E'0400222824',E'barry@boatcatch.com',TRUE,FALSE),
      (149,149,E'JAMES',E'HIBBINS',E'255 Patullos Rd',E'LARA',E'VIC',E'3212',E'\'+61428791329',NULL,E'0428791329',E'jtgasservices@hotmail.com',TRUE,FALSE),
      (150,149,E'BRENDAN',E'TATCHELL',E'36 POOLE ST',E'MARYBOROUGH',E'VIC',E'3465',E'0409855431',NULL,NULL,E'jtgasservices@hotmail.com',TRUE,FALSE),
      (151,151,E'Toni',E'Angel',E'8511 Murray Valley Hwy',E'KERANG EAST',E'VIC',E'3579',E'0428815821',NULL,NULL,E'toni.angel@bigpond.com',TRUE,FALSE),
      (152,152,E'Wendy',E'Angel',E'202 Kerang-Macorna Road',E'Tragowel',E'VIC',E'3579',E'0427318261',NULL,E'0427318261',E'jwangel@activ8.net.au',TRUE,FALSE),
      (153,153,E'Jordan',E'McNeil',E'918 Myall Road',E'Myall',E'VIC',E'3579',NULL,NULL,E'O419561126',E'smcneilelectrical@bigpond.com',TRUE,FALSE),
      (154,153,E'Scott',E'McNeil',E'918 Myall Road',E'Myall',E'VIC',E'3579',NULL,NULL,E'0419561126',E'smcneilelectrical@bigpond.com',TRUE,FALSE),
      (155,155,E'Darren',E'Anderson',E'38 Poole St',E'Maryborough',E'VIC',E'3465',NULL,NULL,E'0459206957',E'andos71rt@gmail.com',TRUE,FALSE),
      (156,156,E'Leigh',E'Lupton',E'37 Greenfields drive',E'Moriac',E'VIC',E'3240',NULL,NULL,E'0438840104',E'leighlupton17@gmail.com',TRUE,FALSE),
      (157,157,E'Nev',E'Hunt',E'6 Louey Dr',E'White Hills',E'VIC',E'3550',NULL,NULL,E'0456640940',E'nhunt56@gmail.com',TRUE,FALSE),
      (158,158,E'Diesel',E'Laursen',E'130 Grigg Road',E'Koondrook',E'VIC',E'3580',E'0409332015',NULL,NULL,E'dieselaursen@hotmail.com',TRUE,FALSE),
      (159,158,E'Bill',E'Hollard',E'4 Station Street',E'Koondrook',E'VIC',E'3580',NULL,NULL,NULL,E'dieselaursen@hotmail.com',TRUE,FALSE),
      (160,160,E'Travis',E'Piasente',E'4 Domain drive',E'Wonthaggi',E'VIC',E'3995',NULL,NULL,E'0422362921',E'rrowdy4545@hotmail.com',TRUE,FALSE),
      (161,161,E'NEIL',E'HOPKINS',E'6',E'MURRABIT',E'VIC',E'3579',E'\'+61490830641',NULL,E'\'+61490830641',E'neilhop57@gmail.com',TRUE,FALSE),
      (162,161,E'DANNY',E'KING',E'10 BOWLES RD',E'EPSOM',E'VIC',E'3551',E'0417552148',NULL,E'0417552148',E'danny@dpkmechanical.com.au',TRUE,FALSE),
      (163,161,E'Steve Christenson',E'Christenson',E'c/o 10 Bowles Rd',E'EPSOM',E'VIC',E'3551',NULL,NULL,E'0416034290',E'Steven.Christenson@education.vic.gov.au',TRUE,FALSE),
      (164,161,E'William',E'KING',E'10 BOWLES RD',E'EPSOM',E'VIC',E'3551',NULL,NULL,E'0417552148',E'danny@dpkmechanical.com.au',TRUE,FALSE),
      (165,165,E'Dale',E'Stacey',E'5A Flinders Street',E'Queenscliff',E'VIC',E'3225',E'\'+61402054175',NULL,NULL,E'dale.stacey@elgas.com.au',TRUE,FALSE),
      (166,166,E'Paul',E'Vida',E'4/10 Miranda Road',E'Reservoir',E'VIC',E'3073',NULL,NULL,NULL,E'Jvida91@gmail.com',TRUE,FALSE),
      (167,167,E'Ross',E'Stanton',E'1610 Cohuna koondrook rf',E'Cohuna',E'VIC',E'3568',NULL,NULL,E'0417515769',E'ross31stanton@gmail.com',TRUE,FALSE),
      (168,167,E'Darby',E'Stanton',E'1610 Cohuna koondrook rd',E'Cohuna',E'VIC',E'3568',NULL,NULL,E'0417515769',E'ross31stanton@gmail.com',TRUE,FALSE),
      (169,144,E'Tim',E'Broad',E'7 Powlett street',E'Carisbrook',E'VIC',E'3464',NULL,NULL,E'0427301119',E'kelliedunstan1993@hotmail.com',TRUE,FALSE),
      (170,170,E'Brendan',E'Johnson',E'84 Nelson st',E'Maryborough',E'VIC',E'3465',E'0439341815',NULL,NULL,E'brendanjohnsonbj3@gmail.com',TRUE,FALSE),
      (171,171,E'Peter',E'Shay',E'116 Queens Avenue',E'Maryborough',E'VIC',E'3465',NULL,NULL,E'0427316719',E'prandhjshay@bigpond.com',TRUE,FALSE),
      (172,171,E'Graham',E'Collicoat',E'116 Queens Avenue',E'Maryborough',E'VIC',E'3465',NULL,NULL,E'0417851202',E'prandhjshay@bigpond.com',TRUE,FALSE),
      (173,173,E'John',E'Fuller',E'24 Tennyson Street',E'Woodend',E'VIC',E'3442',E'54274142',NULL,E'0427529059',E'cjfuller@bigpond.com.au',TRUE,FALSE),
      (174,174,E'Jesse',E'Howell',E'14 Moray Street',E'Diamond Creek',E'VIC',E'3089',NULL,NULL,E'0434649771',E'jhowellcarpentry@gmail.com',TRUE,FALSE),
      (175,175,E'Neville',E'Murray',E'287 Lower Loddon Road',E'Kerang',E'VIC',E'3579',E'0354 503 034',NULL,E'0427 346 235',E'nevjo@westnet.com.au',TRUE,FALSE),
      (176,176,E'Matt',E'Peach',E'165 Woodward Rd',E'Golden square',E'VIC',E'3555',NULL,NULL,E'0417300221',E'matthew.peach@coateshire.com.au',TRUE,FALSE),
      (177,177,E'Paul',E'Wheelhouse',E'22 McIvor Forest Drive',E'Junortoun',E'VIC',E'3551',NULL,NULL,E'0427353093',E'bendigopoolcare@bigpond.com',TRUE,FALSE),
      (178,177,E'Mick',E'Daykin',E'Lot 3 Longview Court',E'Pyalong',E'VIC',E'3521',NULL,NULL,E'0438243432',E'mickdaykin77@gmail.com',TRUE,FALSE),
      (179,179,E'doug',E'tanner',E'57 fairway grove ros',E'Rosebud VIC 3939, Australia',E'VIC',E'3939',E'\'+611418323436',NULL,NULL,E'd.tan1955@bigpond.com',TRUE,FALSE),
      (180,179,E'Allan',E'Tanner',E'57 Fairway Grove',E'Rosebud',E'VIC',E'3939',NULL,NULL,E'0409439885',E'd.tan1955@bigpond.com',TRUE,FALSE),
      (181,181,E'Len',E'Johnson',E'84 Nelson st',E'Maryborough',E'VIC',E'3465',E'0439341815',NULL,NULL,E'brendanjohnsonbj3@gmail.com',TRUE,FALSE),
      (182,182,E'Ben',E'Rhodes',E'18 horsham drive',E'Cranbourne East',E'VIC',E'3977',NULL,NULL,E'0451474314',E'Twisty245@hotmail.com',TRUE,FALSE),
      (183,183,E'Matthew',E'Mcphee',E'18 nungeroo crt',E'Eltham north',E'VIC',E'3095',NULL,NULL,E'0428049516',E'mwmcon@bigpond.com',TRUE,FALSE),
      (184,184,E'Matthew',E'Penny',E'58 Taylor Street',E'Ascot',E'VIC',E'3551',NULL,NULL,E'0457864795',E'mpenny@powercor.com.au',TRUE,FALSE),
      (185,185,E'mark',E'robertson',E'3 gearing street',E'maryborough',E'VIC',E'3465',NULL,NULL,E'0427606006',E'mrobertson013@hotmail.com',TRUE,FALSE),
      (186,185,E'noel',E'olver',E'329 waterson road',E'maldon',E'VIC',E'3463',NULL,NULL,E'0419500573',E'mrobertson013@hotmail.com',TRUE,FALSE),
      (187,185,E'rhett',E'olver',E'329 waterson road',E'maldon',E'VIC',E'3463',NULL,NULL,E'0428752888',E'mrobertson013@hotmail.com',TRUE,FALSE),
      (188,185,E'mark',E'barby',E'45 anne street',E'koroit',E'VIC',E'3282',NULL,NULL,E'0488991830',E'mrobertson013@hotmail.com',TRUE,FALSE),
      (189,185,E'wardlaw',E'tamara',E'329 waterson road',E'maldon',E'VIC',E'3463',NULL,NULL,E'0400179962',E'mrobertson013@hotmail.com',TRUE,FALSE),
      (190,190,E'Lindsay',E'Oliver',E'3 hocking Dr',E'swanhill',E'VIC',E'3585',E'50323316',NULL,E'0428533861',E'l.oliver@cfa.vic.gov',TRUE,FALSE),
      (191,191,E'Darren',E'Schultz',E'105 Ironstone Rd',E'Epsom',E'VIC',E'3551',NULL,NULL,E'0400853810',E'bigdazza50@gmail.com',TRUE,FALSE),
      (192,191,E'James',E'Bell',E'15 Atherton St',E'Huntly',E'VIC',E'3551',NULL,NULL,E'0424015550',E'hermit.james@gmail.com',TRUE,FALSE),
      (193,193,E'Josh',E'Simms',E'6769 Northern Hwy',E'Rochester',E'VIC',E'3561',NULL,NULL,E'0409520485',E'kylie_josh@bigpond.com',TRUE,FALSE),
      (194,193,E'Phillip',E'Penny',E'6769 Northern Hwy',E'Rochester',E'VIC',E'3561',NULL,NULL,E'0400255656',E'kylie_josh@bigpond.com',TRUE,FALSE),
      (195,195,E'adam',E'beardon',E'65 Dysons Road',E'mandurang',E'VIC',E'3551',NULL,NULL,E'0427 234 054',E'adbeardon@powercor.com.au',TRUE,FALSE),
      (196,196,E'Cat',E'Whinfield',E'202 Kerang Macorna Rd',E'Tragowel',E'VIC',E'3578',NULL,NULL,E'0428152194',E'whinny5@live.com',TRUE,FALSE),
      (197,197,E'KEVIN',E'GAULTON',E'35 CARBINE STREET',E'KERANG',E'VIC',E'3579',NULL,NULL,E'0459 304 703',E'impetus_design@yahoo.com.au',TRUE,FALSE),
      (198,198,E'Bailey',E'McNeil',E'8 Backelei',E'Grovedale',E'VIC',E'3216',NULL,NULL,E'0418135541',E'baileymcneil1608@gmail.com',TRUE,FALSE),
      (199,199,E'Matthew',E'Forster',E'3 Egans Rd',E'Huntly',E'VIC',E'3551',NULL,NULL,E'0400998411',E'mattforster@sbaaus.com.au',TRUE,FALSE),
      (200,199,E'Kyle',E'Forster',E'3 egans rd',E'Huntly',E'VIC',E'3551',NULL,NULL,E'0456858987',E'mattforster@sbaaus.com.au',TRUE,FALSE),
      (201,201,E'Leigh',E'Wilkinson',E'67 Fitzpatrick road',E'Murrabit',E'VIC',E'3579',E'0401507390',NULL,E'0401507390',E'wiloak39@outlook.com',TRUE,FALSE),
      (202,202,E'Colin',E'Thompson',E'673 River Road',E'Murrabit West',E'VIC',E'3579',NULL,NULL,E'0407865276',E'ccthommo@hotmail.com',TRUE,FALSE),
      (203,203,E'Dean',E'Collicoat',E'39 Neil St',E'Kangaroo Flat',E'VIC',E'3555',NULL,NULL,E'0473986951',E'dean.collicoat@gmail.com',TRUE,FALSE),
      (204,203,E'Ian',E'Collicoat',E'42 Sutton Road',E'Maryborough',E'VIC',E'3465',NULL,NULL,E'0417200391',E'dcollicoat@outlook.com',TRUE,FALSE),
      (205,205,E'Gary',E'McCluskey',E'??',E'Kerang',E'VIC',E'3579',NULL,NULL,E'0438522705',E'garrymccluskey@me.com',TRUE,FALSE),
      (206,206,E'Garry',E'Collier',E'23 Burnett street',E'Koondrook',E'VIC',E'3580',NULL,NULL,E'0408511447',E'rooster62@bigpond.com.au',TRUE,FALSE),
      (207,207,E'Paul',E'Rossi',E'70 Napier Street',E'Maryborough',E'VIC',E'3465',NULL,NULL,E'0417550458',E'royboy76@me.com',TRUE,FALSE),
      (208,208,E'Dennis',E'Horrigan',E'5 Castlemaine Road',E'Maldon',E'VIC',E'3463',NULL,NULL,E'0419169168',E'dennishorrigan@bigpond.com',TRUE,FALSE),
      (209,209,E'Peter',E'Weaven',E'19 Johns Road',E'Maldon',E'VIC',E'3463',NULL,NULL,E'0411703266',E'pjweaven@gmail.com',TRUE,FALSE),
      (210,210,E'Mark',E'Briggs',E'3 Scotia Place',E'Woodend',E'VIC',E'3442',E'0354272499',NULL,E'0497168907',E'markwbriggs@bigpond.com',TRUE,FALSE),
      (211,211,E'Sue',E'Hampson',E'208 Bendigo-maldon Road',E'Maldon',E'VIC',E'3463',E'\'+61448460939',NULL,E'0448460939',E'sue_hampson@hotmail.com',TRUE,FALSE),
      (212,212,E'Jake',E'Saville',E'9 KOOMBA ST',E'WHITE HILLS',E'VIC',E'3463',E'\'+61484746664',NULL,E'0484746664',E'J.r.saville@outlook.com',TRUE,FALSE),
      (213,212,E'Hayley',E'Jackson',E'9 KOOMBA ST',E'WHITE HILLS',E'VIC',E'3550',E'0456553977',NULL,E'0456553977',E'J.r.saville@outlook.com',TRUE,FALSE),
      (214,214,E'Pat',E'Healy',E'1 Rowe\'s Road',E'Maldon',E'VIC',E'3463',NULL,NULL,E'0448569073',E'dennishorrigan@bigpond.com',TRUE,FALSE),
      (215,214,E'Michael',E'Healy',E'1 Rowe\'s Road',E'Maldon',E'VIC',E'3463',NULL,NULL,E'0448569073',E'dennishorrigan@bigpond.com',TRUE,FALSE),
      (216,216,E'Gary',E'Dern',E'179galatea road newtown',E'Newtown',E'VIC',E'3351',E'0419137665',NULL,E'0419137655',E'garydern1@gamil.con',TRUE,FALSE),
      (217,216,E'Wayne',E'Newitt',E'Main road capeclear',E'Cape clear',E'VIC',E'3351',E'0407453830',NULL,E'0407453830',E'waynenewitt@icloud.com.au',TRUE,FALSE),
      (218,218,E'Andrew',E'Bower',E'86 Von Steiglitz drive',E'Ballan',E'VIC',E'3342',NULL,NULL,E'0408347151',E'abower6@me.com',TRUE,FALSE),
      (219,218,E'Ken',E'Conroy',E'63 ballanee road',E'Ballan',E'VIC',E'3343',NULL,NULL,E'0408347151',E'abower6@me.com',TRUE,FALSE),
      (220,220,E'Luke',E'Booth',E'65 Cascade Drive',E'Beveridge',E'VIC',E'3753',NULL,NULL,E'0406513839',E'luke.booth01@icloud.com',TRUE,FALSE),
      (221,221,E'Jake',E'Hoobin',E'3/93 Nell st',E'Greensborough',E'VIC',E'3088',NULL,NULL,E'0439986141',E'samgattlandscaping@gmail.com',TRUE,FALSE),
      (222,222,E'Darren',E'Neil',E'68 Mistletoe st',E'Golden Square',E'VIC',E'3555',NULL,NULL,E'0407323745',E'dazza68.dn@gmail.com',TRUE,FALSE),
      (223,223,E'Mia',E'Steicke',E'21 Coobah St',E'Swan Hill',E'VIC',E'3585',E'0491124702',NULL,E'0491124702',E'miacsteicke@gmail.com',TRUE,FALSE),
      (224,223,E'Sam',E'Hammond',E'30 Triton Cirt,',E'Point Lonsdale',E'VIC',E'3225',NULL,NULL,E'0437 772 978',E'stanno3131@gmail.com',TRUE,FALSE),
      (225,223,E'Gaye',E'Simms',E'71 Channel Street',E'Cohuna',E'VIC',E'3568',NULL,NULL,E'0409202029',E'gaysiemaree@icloud.com',TRUE,FALSE),
      (226,223,E'Rick',E'Parr',E'71 Channel Street',E'Cohuna',E'VIC',E'3568',NULL,NULL,E'0417106308',E'ricksta57@outlook.com',TRUE,FALSE),
      (227,227,E'David',E'Dyer',E'11lakesidedrive',E'Lake boga',E'VIC',E'3584',NULL,NULL,E'0417140865',E'stacka18@hotmail.com',TRUE,FALSE),
      (228,227,E'Kevin',E'Booth',E'11 lake side drive',E'Lake Boga',E'VIC',E'3584',NULL,NULL,E'0417140865',E'stacka18@hotmail.com',TRUE,FALSE),
      (229,229,E'Philip',E'Judd',E'308 smythes rd',E'Delacombe',E'VIC',E'3356',E'0438355402',NULL,E'0438355402',E'philip.judd@denniscorp.com.au',TRUE,FALSE),
      (230,229,E'Darren',E'Antonio',E'27 king street',E'Creswick',E'VIC',E'3363',NULL,NULL,E'0400188941',E'darren@countryfasteners.com.au',TRUE,FALSE),
      (231,231,E'Trevor',E'Sleeman',E'12 Kating lane',E'Myersflat',E'VIC',E'3556',NULL,NULL,E'429434646',E'trevor.sleeman@hotmail.com',TRUE,FALSE),
      (232,232,E'Boof',E'Lorenzen',E'2 Wills Street',E'Maryborough',E'VIC',E'3465',NULL,NULL,E'0400919285',E'lorenzenboof@gmail.com',TRUE,FALSE),
      (233,233,E'Ian',E'Gervasoni',E'9-11 Creswick Street',E'Miners Rest',E'VIC',E'3352',NULL,NULL,E'0401700323',E'gerva148@bigpond.com.au',TRUE,FALSE),
      (234,234,E'Alan',E'Eaton',E'34 Blanche St',E'St Leonards',E'VIC',E'3223',NULL,NULL,E'0417533537',E'alan.eaton1@bigpond.com',TRUE,FALSE),
      (235,235,E'David',E'Devlin',E'14 kelsall street',E'Lethbridge',E'VIC',E'3332',NULL,NULL,E'0419171404',E'daviddevlin1959@hotmail.com',TRUE,FALSE),
      (236,236,E'Lyle',E'Dettmann',E'13 Rob Roy Court Echuca',E'Echuca',E'VIC',E'3564',E'0409027344',NULL,E'409027344',E'ljdetteng@bigpond.com',TRUE,FALSE),
      (237,236,E'Wayne',E'Dettmann',E'41 Clive Rd',E'Hawthorn East',E'VIC',E'3123',NULL,NULL,E'0413456205',E'wdettmann@advancedroofsafety.com.au',TRUE,FALSE),
      (238,238,E'Mitchell',E'Grime',E'41 pinnacle crescent',E'Melton',E'VIC',E'3338',E'0400637765',NULL,NULL,E'mitchellgrime1@gmail.com',TRUE,FALSE),
      (239,240,E'Scott',E'Bibby',E'9 Richard Ave',E'Ocean Grove',E'VIC',E'3226',NULL,NULL,E'0408386351',E'scottbibby233@gmail.com',TRUE,FALSE),
      (240,240,E'Darren',E'Hosken',E'19 Raitt Rd',E'Deep Leed',E'VIC',E'3380',NULL,NULL,E'0408768186',E'djmjhosken6@bigpond.com',TRUE,FALSE),
      (241,241,E'Kye',E'McKerrow',E'174 McKerrow Rd',E'Benjeroop',E'VIC',E'3579',NULL,NULL,E'0427579202',E'rowantracey@bigpond.com',TRUE,FALSE),
      (242,242,E'Shane',E'Stacey',E'9 Victoria Place',E'Echuca',E'VIC',E'3564',E'0457779695',NULL,E'0457779695',E'shanestacey@hotmail.com',TRUE,FALSE),
      (243,243,E'Angela',E'Macquire',E'3269 lake charm-quambatook rd',E'Lake Charm',E'VIC',E'3579',E'\'+61455749011',NULL,E'\'+61455749011',E'angela.macquire@ecs-botanics.com',TRUE,FALSE),
      (244,243,E'Fraser',E'Macquire',E'3269 lake charm-quambatook rd',E'lake charm',E'VIC',E'3581',E'0423310814',NULL,NULL,E'fmacquire@gmail.com',TRUE,FALSE),
      (245,243,E'Elliot',E'Macquire',E'3269 lake charm-quanmbatook rd',E'Lake charm',E'VIC',E'3581',E'\'+61455749011',NULL,NULL,E'angelamarymacquire@gmail.com',TRUE,FALSE),
      (246,246,E'ian',E'hall',E'48 bucknall st',E'CARISBROOK',E'VIC',E'3464',E'\'+61409354278',NULL,E'0409354278',E'mouse8118@outlook.com',TRUE,FALSE),
      (247,247,E'Jamie',E'Semmler',E'22 Emu Road',E'Shelbourne',E'VIC',E'3515',NULL,NULL,E'0411585716',E'semmcofarms@westnet.com.au',TRUE,FALSE),
      (248,247,E'Al',E'Semmler',E'22 Emu Road',E'Shelbourne',E'VIC',E'3515',NULL,NULL,NULL,E'semmcofarms@westnet.com.au',TRUE,FALSE),
      (249,250,E'Sami',E'Walker',E'66 Gerang South Road',E'Gerang Gerung',E'VIC',E'3418',NULL,NULL,E'0459556750',E'samicrowie@hotmail.com',TRUE,FALSE),
      (250,250,E'Tim',E'Walker',E'66 Gerang South Road',E'Gerang Gerung',E'VIC',E'3418',NULL,NULL,E'0429442241',E'timwalker.96@outlook.com',TRUE,FALSE),
      (251,251,E'Jamie',E'Doukas',E'1/84 diamond creek road',E'Greensborough',E'VIC',E'3088',NULL,NULL,E'0413373116',E'jamie@adplandscaping.com.au',TRUE,FALSE),
      (252,252,E'Brian',E'Smith',E'14 Gonn Avenue',E'Murrabit',E'VIC',E'3579',NULL,NULL,E'0417522060',E'briansmith1950@bigpond.com',TRUE,FALSE),
      (253,253,E'David',E'Melling',E'46 Mollison street',E'Malmsbury',E'VIC',E'3446',E'0447105636',NULL,E'0447105636',E'davejamesmel@gmail.com',TRUE,FALSE),
      (254,253,E'Cole',E'Melling',E'46 Mollison street',E'Malmsbury',E'VIC',E'3446',NULL,NULL,E'0447105636',E'davejamesmel@gmail.com',TRUE,FALSE),
      (255,255,E'Kathryn',E'Burrows',E'35 Carbine Street',E'Kerang',E'VIC',E'3579',NULL,NULL,E'0459304703',E'impetus_design@yahoo.com.au',TRUE,FALSE),
      (256,256,E'Mark',E'Hooper',E'4 Riverina Parade',E'Echuca',E'VIC',E'3564',E'0428842808',NULL,NULL,E'Mhooper@erh.org.au',TRUE,FALSE),
      (257,257,E'Darrell',E'Phillips',E'4 Riverina Parade',E'Echuca',E'VIC',E'3564',E'0428842808',NULL,NULL,E'Mhooper@erh.org.au',TRUE,FALSE),
      (258,258,E'Alex',E'Green',E'3 Marv Crt',E'Echuca',E'VIC',E'3564',NULL,NULL,E'0481162293',E'alexgreen80@icloud.com',TRUE,FALSE),
      (259,259,E'Geoffrey',E'Eisenhauer',E'248 Walsh St',E'Albury',E'NSW',E'2640',E'417650280',NULL,NULL,E'geoff.eisenhauer@bigpond.com',TRUE,FALSE),
      (260,259,E'Jake',E'Eisenhauer',E'248 Walsh St',E'Albury',E'NSW',E'2640',E'417650280',NULL,NULL,E'geoff.eisenhauer@bigpond.com',TRUE,FALSE),
      (261,261,E'Darrell',E'Phillips',E'PO Box 1077',E'Echuca',E'VIC',E'3564',NULL,NULL,E'0413 126 442',E'hdbuilders7@bigpond.com',TRUE,FALSE),
      (262,261,E'Stephen',E'Jennings',E'PO Box 1077',E'Echuca',E'VIC',E'3564',E'\'+61403064581',NULL,NULL,E'hdbuilders7@bigpond.com',TRUE,FALSE),
      (263,263,E'Andrew',E'Every',E'63 Maldon rf',E'McKenzies hill',E'VIC',E'3451',E'0418381537',NULL,NULL,E'andrew.every@justice.vic.gov.au',TRUE,FALSE),
      (264,263,E'Jennifer',E'Larsen',E'63 Maldon rd',E'Mckenzies hill',E'VIC',E'3451',E'0418381537',NULL,NULL,E'andrew.every@justice.vic.gov.au',TRUE,FALSE),
      (265,263,E'Sophie',E'Every',E'63 Maldon rd',E'McKenzies hill',E'VIC',E'3451',NULL,NULL,NULL,E'andrew.every@justice.vic.gov.au',TRUE,FALSE),
      (266,266,E'Rob',E'Evans',E'13 BROWNING AV, MURRABIT VIC 3579',E'Murrabit',E'VIC',E'3579',E'0418186143',NULL,E'0418186143',E'robandjenny7@bigpond.com.au',TRUE,FALSE),
      (267,267,E'Luke',E'Thomson',E'1/210 Melrose drive',E'Tullamarine',E'VIC',E'3043',NULL,NULL,E'0433186837',E'mmltindustries@outlook.com',TRUE,FALSE),
      (268,268,E'Kim',E'Hallinan',E'19 Margaret Street',E'Cohuna',E'VIC',E'3568',NULL,NULL,E'0423508321',E'iimhallinan@hotmail.com',TRUE,FALSE),
      (269,268,E'Paul',E'Robinson',E'19 Margaret Street',E'Cohuna',E'VIC',E'3568',NULL,NULL,E'0403699586',E'probinsonkgc@gmail.com',TRUE,FALSE),
      (270,270,E'Keith',E'Fowler',E'5 Margaret Crt',E'California Gully',E'VIC',E'3556',E'0409131188',NULL,E'0409131188',E'keithfowlermax@gmail.com',TRUE,FALSE),
      (271,270,E'Geoff',E'Rumbold',E'26 Homebush Drive',E'Junortoun',E'VIC',E'3551',NULL,NULL,E'0488171817',E'gmrumbold@bigpond.com',TRUE,FALSE),
      (272,273,E'Colin',E'Macpherson',E'890 meredith-shelford road',E'Bamganie',E'VIC',E'3333',NULL,NULL,E'0431814157',E'cjm_12_23@hotmail.com',TRUE,FALSE),
      (273,273,E'Nick',E'Tarbett',E'26 Gregory drive',E'Inverleigh',E'VIC',E'3321',NULL,NULL,E'0403640880',E'nick.tarbett@hotmail.com',TRUE,FALSE),
      (274,274,E'kevin',E'berryman',E'28 temple crt',E'miepoll',E'VIC',E'3666',NULL,NULL,E'0409414646',E'kylie.burgess5@bigpond.com',TRUE,FALSE),
      (275,275,E'Daryl',E'Dyer',E'21 smith street',E'Grovedale',E'VIC',E'3216',E'0407577741',NULL,E'0407544417',E'daggydaryl@hotmail.com',TRUE,FALSE),
      (276,275,E'Lindsay',E'Dyer',E'21 smith street',E'Grovedale',E'VIC',E'3216',NULL,NULL,NULL,E'daggydaryl@hotmail.com',TRUE,FALSE),
      (277,278,E'Dain',E'Hayes',E'3 Kelly Drive',E'Langwarrin',E'VIC',E'3910',NULL,NULL,E'0418585747',E'hayesplumbing39@hotmail.com',TRUE,FALSE),
      (278,278,E'Jarrod',E'Hall',E'317 Lilford Lane',E'Barham',E'NSW',E'2732',NULL,NULL,E'0428533135',E'jhall.hmf@gmail.com',TRUE,FALSE),
      (279,279,E'Alan',E'BLIGHT',E'32 Gertrude Street',E'Stawell',E'VIC',E'3380',E'0408247034',NULL,E'0408247034',E'alanandlisa3@bigpond.com',TRUE,FALSE),
      (280,279,E'Lisa',E'Blight',E'32 Gertrude Street',E'Stawell',E'VIC',E'3380',E'0458584275',NULL,E'04585842785',E'alanandlisa3@bigpond.com',TRUE,FALSE),
      (281,281,E'Adam',E'Brennan',E'94 Forest St',E'Koondrook',E'VIC',E'3580',NULL,NULL,E'0427816237',E'adam@photojennic.com.au',TRUE,FALSE),
      (282,281,E'Nicholas',E'Brennan',E'90 Forest St',E'Koondrook',E'VIC',E'3580',NULL,NULL,NULL,E'adam@photojennic.com.au',TRUE,FALSE),
      (283,283,E'Deb',E'Forster',E'777 Cohuna-Koondrook Rd',E'Cohuna',E'VIC',E'3568',NULL,NULL,NULL,E'debjam76@bigpond.com',TRUE,FALSE),
      (284,284,E'Ben',E'Gillingham',E'392 Benjeroop Rd lake charm',E'Lake charm',E'VIC',E'3581',E'0409368585',NULL,E'0409368585',E'bengillingham6@gmail.com',TRUE,FALSE),
      (285,285,E'Jorge',E'Tamayo',E'11 Orville Way',E'White Hills',E'VIC',E'3550',E'0490390443',NULL,NULL,E'jorgeltamayo2019@gmail.com',TRUE,FALSE),
      (286,286,E'Bill',E'Hazen',E'N/A',E'Murrabit',E'VIC',E'3579',NULL,NULL,NULL,E'timwmillard@gmail.com',TRUE,FALSE),
      (287,286,E'Tristan',E'Batey',E'N/A',NULL,E'VIC',E'3579',NULL,NULL,E'0417581895',E'tristan.batey@metrotrains.com.au',TRUE,FALSE),
      (288,288,E'Brian',E'Martin',E'32 mitchell rd',E'Melton south',E'VIC',E'3338',NULL,NULL,E'0478422106',E'brimar90@hotmail.com',TRUE,FALSE),
      (289,289,E'Bryden',E'Morison',E'49 Wyndham st kerang',E'Kerang',E'VIC',E'3579',NULL,NULL,NULL,E'bryden_123@hotmail.com',TRUE,FALSE),
      (290,290,E'Bryden',E'Morison',E'49 Wyndham st',E'Kerang',E'VIC',E'3579',NULL,NULL,NULL,E'bryden_123@hotmail.com',TRUE,FALSE),
      (291,291,E'Matthew',E'Wilson',E'8 windel st',E'Ballan',E'VIC',E'3342',NULL,NULL,E'0466638219',E'mattywilson8888@gmail.com',TRUE,FALSE),
      (292,291,E'David',E'Pitts webster',E'8 windel st',E'Ballan',E'VIC',E'3342',NULL,NULL,E'047331354',E'mattywilson8888@gmail.com',TRUE,FALSE),
      (293,293,E'Brady',E'Gillingham',E'10a riverwood drive',E'Kerang',E'VIC',E'3579',E'0411843337',NULL,E'0411843337',E'chilladogg96@gmail.com',TRUE,FALSE),
      (294,293,E'Stephen',E'Gillingham',E'10a riverwood drive',E'Kerang',E'VIC',E'3579',E'0411843337',NULL,E'0411843337',E'chilladogg96@gmail.com',TRUE,FALSE),
      (295,295,E'Geoff',E'Fullford',E'230 Myall Rd',E'Westby',E'VIC',E'3579',NULL,NULL,E'0427570205',E'janfullford@gmail.com',TRUE,FALSE),
      (296,296,E'Ryan',E'Peters',E'25 Saville Ave',E'Lavington',E'NSW',E'2641',NULL,NULL,E'0429236213',E'ryannpeters@hotmail.com',TRUE,FALSE),
      (297,297,E'Scott',E'passalick',E'180, Longlea lane',E'Longlea',E'VIC',E'3551',E'\'+61427594517',NULL,E'0427594517',E'scottpassalick.5538@gmail.com',TRUE,FALSE),
      (298,298,E'Max',E'Hartley',E'NA',E'Murrabit',E'VIC',E'3580',NULL,NULL,NULL,E'timwmillard@gmail.com',TRUE,FALSE),
      (299,298,E'Will',E'Hartley',E'NA',E'Murrabit',E'VIC',E'3580',NULL,NULL,NULL,E'timwmillard@gmail.com',TRUE,FALSE),
      (1001,2,E'Thomas',E'Leahy',E'131 Murrabit West Road',E'Murrabit',E'VIC',E'3579',E'0408773830',NULL,NULL,E'asurv@bigpond.com',TRUE,TRUE),
      (1002,2,E'Clancy',E'Leahy',E'131 Murrabit West Road',E'Murrabit',E'VIC',E'3579',E'0408500875',NULL,NULL,E'asurv@bigpond.com',TRUE,TRUE),
      (1003,12,E'Joel',E'Peirce',E'57 tweed crt',E'Thurgoona',E'NSW',E'2640',NULL,NULL,NULL,E's.peirce@hotmail.com',TRUE,TRUE),
      (1004,12,E'Kane',E'Peirce',E'57 tweed crt',E'Thurgoona',E'NSW',E'2640',NULL,NULL,NULL,E's.peirce@hotmail.com',TRUE,TRUE),
      (1005,13,E'Ryan',E'Harmer',E'17 Whitehall avenue',E'Springdale Heights',E'NSW',E'2641',NULL,NULL,E'0459800856',E'anthony.harmer10@gmail.com',TRUE,TRUE),
      (1006,21,E'Samson',E'McLean',E'8 Teasdale Street',E'Johnston',E'NT',E'832',NULL,NULL,E'0427824694',E'dgmclean@hotmail.com',TRUE,TRUE),
      (1007,24,E'Hudson',E'Burgess',E'120 Norelle Crescent',E'Golden Square',E'VIC',E'3555',NULL,NULL,E'0491802501',E'huddoburg19@gmail.com',TRUE,TRUE),
      (1008,307,E'Zane',E'McKerrow',E'McKerrow Rd',E'Benjeroop',E'VIC',E'3579',NULL,NULL,E'0427 579 202',E'rowantracey@bigpond.com',TRUE,TRUE),
      (1009,77,E'Macey',E'Holmes',E'7 Ross St',E'Malmsbury',E'VIC',E'3446',NULL,NULL,NULL,E'flozzie33@hotmail.com',TRUE,TRUE),
      (1010,77,E'Ollie',E'Holmes',E'7 Ross St',E'Malmsbury',E'VIC',E'3446',NULL,NULL,NULL,E'flozzie33@hotmail.com',TRUE,TRUE),
      (1011,310,E'Charlie',E'Green',E'245 Keegan road',E'Lauriston',E'VIC',E'3444',E'0418590211',NULL,NULL,E'myles.green74@bigpond.com',TRUE,TRUE),
      (1012,95,E'Jade',E'Lavey',E'787 River Road',E'Murrabit west',E'VIC',E'3579',NULL,NULL,E'0403260745',E'roseben2010@live.com.au',TRUE,TRUE),
      (1013,312,E'Jackson',E'Lavey',E'787 River road',E'Murrabit west',E'VIC',E'3579',NULL,NULL,E'0403260745',E'roseben2010@live.com.au',TRUE,TRUE),
      (1014,117,E'Kayla',E'Carter',E'42 Poole st',E'Maryborough',E'VIC',E'3465',NULL,NULL,E'0488408400',E'daveonsite4@gmail.com',TRUE,TRUE),
      (1015,155,E'Tahlia',E'Anderson',E'38 Poole St',E'Maryborough',E'VIC',E'3465',NULL,NULL,E'0459206957',E'andos71rt@gmail.com',TRUE,TRUE),
      (1016,315,E'Harry',E'KING',E'10 BOWLES RD',E'EPSOM',E'VIC',E'3551',NULL,NULL,E'0417552148',E'danny@dpkmechanical.com.au',TRUE,TRUE),
      (1017,170,E'Mitchell',E'Johnson',E'84 Nelson st',E'Maryborough',E'VIC',E'3465',E'0439341815',NULL,NULL,E'brendanjohnsonbj3@gmail.com',TRUE,TRUE),
      (1018,176,E'Bailey',E'Peach',E'165 Woodward rd',E'Golden square',E'VIC',E'3555',NULL,NULL,E'0417300221',E'matthew.peach@coateshire.com.au',TRUE,TRUE),
      (1019,201,E'Ryleigh',E'Wilkinson',E'67 Fitzpatrick road',E'Murrabit',E'VIC',E'3579',NULL,NULL,E'0401507390',E'wiloak39@outlook.com',TRUE,TRUE),
      (1020,218,E'Jayce',E'Bower',E'86 Von Steiglitz drive',E'Ballan',E'VIC',E'3342',NULL,NULL,E'0476420768',E'Bowerj2014@gmail.com',TRUE,TRUE),
      (1021,320,E'Noah',E'Shea',E'21 whirlpool lane',E'Murrabit',E'VIC',E'3579',E'0457249995',NULL,E'0457249995',E'noahshea02@icloud.com',TRUE,TRUE),
      (1022,252,E'Kate',E'Heffer',E'14',E'Murrabit',E'VIC',E'3579',NULL,NULL,E'0448743483',E'briansmith@bigpond.com',TRUE,TRUE),
      (1023,256,E'Harry',E'Hooper',E'4 riverina pde',E'Echuca',E'VIC',E'3564',E'0428842808',NULL,NULL,E'Mhooper@erh.org.au',TRUE,TRUE),
      (1024,323,E'Angus',E'McDonald',E'Riversdale',E'Myall',E'VIC',E'3579',NULL,NULL,E'0427346340',E'pistolmac@gmail.com',TRUE,TRUE),
      (1025,323,E'Jed',E'McDonald',E'Riversdale',E'Myall',E'VIC',E'3579',NULL,NULL,E'0427346340',E'pistolmac@gmail.vom',TRUE,TRUE),
      (1026,274,E'oliver',E'berryman',E'28 Temple Court',E'miepoll',E'VIC',E'3666',NULL,NULL,E'0409414646',E'kylie.burgess5@bigpond.com',TRUE,TRUE),
      (1027,278,E'Joey',E'Hayes',E'3 Kelly Drive',E'Langwarrin',E'VIC',E'3910',NULL,NULL,E'0418585747',E'hayesplumbing39@hotmail.com',TRUE,TRUE),
      (1028,281,E'Thomas',E'Brennan',E'94 Forest St',E'Koondrook',E'VIC',E'3580',NULL,NULL,NULL,E'thomas@photojennic.com.au',TRUE,TRUE),
      (1029,328,E'Callum',E'Ettershank',NULL,E'Murrabit',E'VIC',E'3579',NULL,NULL,NULL,NULL,TRUE,TRUE),
      (1030,329,E'Izaac',E'Whyte',E'10a riverwood drive',E'Kerang',E'VIC',E'3579',E'0411843337',NULL,NULL,E'Chilladogg96@gmail.com',TRUE,TRUE),
      (1031,330,E'Chase',E'Coulter',E'49 Shadforth St',E'Kerang',E'VIC',E'3579',NULL,NULL,E'0409551187',E'shannoncoulter49@gmail.com',TRUE,TRUE),
      (1032,331,E'Riley',E'Carse',E'2 Coughlan Crt',E'Kerang',E'VIC',E'3579',NULL,NULL,E'0412745141',E'trishcarse@gmail.com',TRUE,TRUE),
      (1033,332,E'Cooper',E'Hein',E'346 Guilmartin Rd',E'Myall',E'VIC',E'3579',NULL,NULL,E'0439469254',E'ehein8@gmail.com',TRUE,TRUE),
      (1034,332,E'Xavier',E'Hein',E'346 Guilmartin Rd',E'Myall',E'VIC',E'3579',NULL,NULL,E'0439469254',E'ehein8@gmail.com',TRUE,TRUE),
      (1035,285,E'Noah',E'Millard',E'75 Cassidy Lane',E'Koondrook',E'VIC',E'3580',NULL,NULL,E'0417346431',E'timwmillard@gmail.com',TRUE,TRUE),
      (1036,335,E'Matilda',E'Olver',E'746 homebush road',E'Homebush',E'VIC',E'3465',E'0400179962',NULL,E'0400179962',E'tamara_wardlaw@live.com',TRUE,TRUE),
      (1037,336,E'William',E'Meharry',E'167 Tragowel Rd',E'Tragowel',E'VIC',E'3579',NULL,NULL,E'0458403773',E'meharrytanya@gmail.com',TRUE,TRUE),
      (1038,337,E'Hunter',E'Toohey',E'94 Glenview Drive',E'Barham',E'NSW',E'2732',NULL,NULL,E'0431420322',E'stephanie_p85@hotmail.com',TRUE,TRUE),
      (1039,337,E'Charlie',E'Toohey',E'94 Glenview Drive',E'Barham',E'NSW',E'2732',NULL,NULL,E'0431420322',E'stephanie_p85@hotmail.com',TRUE,TRUE),
      (300,0,E'Craig',E'McCluskey',NULL,NULL,NULL,NULL,NULL,NULL,NULL,NULL,FALSE,FALSE),
      (1040,0,E'Will',E'Ettershank',NULL,NULL,NULL,NULL,NULL,NULL,NULL,NULL,FALSE,FALSE);



-- Move to legacy schema
CREATE SCHEMA IF NOT EXISTS legacy_2022;
ALTER TABLE boat SET SCHEMA legacy_2022;
ALTER TABLE catch SET SCHEMA legacy_2022;
ALTER TABLE competitor SET SCHEMA legacy_2022;
